# File generated by ImageToStl.com - Free Image and 3D model conversion tools

mtllib pusher1-centered.mtl

o obj1
v 35.5 -15 39.59999847
v 35.50815582 -15 39.41956329
v 35.5 0 39.59999847
v 35.50815582 0 39.41956329
v 35.53255844 -15 39.24059677
v 35.53255844 0 39.24059677
v 35.57300568 -15 39.06455994
v 35.57300568 0 39.06455994
v 35.62916946 -15 38.89289474
v 35.62916946 0 38.89289474
v 35.70059586 -15 38.72699356
v 35.70059586 0 38.72699356
v 35.78669357 -15 38.5682106
v 35.78669357 0 38.5682106
v 35.88676834 -15 38.41784668
v 35.88676834 0 38.41784668
v 36 0 38.2771225
v 36 -15 38.2771225
v 39.19223022 0 38.5340004
v 39 0 37.5
v 39 0 38.2771225
v 43.91511917 0 43.27676773
v 44.2228775 0 43.5
v 45 0 43.5
v 45 0 37.5
v 39.29645157 0 38.72093582
v 43.57068253 0 43.11580658
v 39.38462448 0 38.93053436
v 39.44843674 0 39.14878464
v 43.20201111 0 43.02293396
v 39.48706055 0 39.3728714
v 42.97468948 0 43.00139618
v 39.5 0 39.59999847
v 40.25771713 0 41.39375687
v 39.46961594 0 39.94729233
v 39.41597748 0 40.17360687
v 41.10624313 0 42.24228287
v 42.37769699 0 43.0694046
v 42.70088196 0 43.00993729
v 39.29335022 0 40.48538208
v 42.00922775 0 43.20932388
v 41.82195663 0 43.31541824
v 39.1204071 0 40.77229691
v 41.63197708 0 43.45335388
v 38.9019928 0 41.02632904
v 41.44473648 0 43.6280632
v 36 0 37.5
v 41.26778412 0 43.84420395
v 38.6442337 0 41.240345
v 43.98612595 0 46.67938232
v 45 0 46.5
v 44.2228775 0 46.5
v 43.72541428 0 46.82172775
v 38.575737 0 43.075737
v 38.35438538 0 41.40832138
v 38.04059601 0 41.52555084
v 37.7394104 0 41.58561707
v 37.45819473 0 41.5995636
v 39.424263 0 43.924263
v 40.90000153 0 45
v 40.92205811 0 44.70378113
v 40.98774338 0 44.41410065
v 41.11116028 0 44.10554886
v 34.74228287 0 41.39375687
v 36.41073227 0 41.27734756
v 36.1488266 0 41.07455826
v 35.95860672 0 40.87440109
v 35.82239914 0 40.68887711
v 35.64551544 0 40.34891891
v 35.53671646 0 39.98146057
v 41.10624313 0 47.75771713
v 43.11276627 0 46.98865128
v 42.83361816 0 46.99889755
v 42.57873535 0 46.97402573
v 42.34962082 0 46.92277908
v 42.14618683 0 46.85250473
v 41.79753113 0 46.66869736
v 41.53915787 0 46.46564102
v 41.35164642 0 46.26594162
v 41.21744537 0 46.08120346
v 36.424263 0 43.075737
v 37.20100021 0 41.57752228
v 36.96951294 0 41.52836227
v 36.76375961 0 41.45955658
v 39.424263 0 46.075737
v 41.04323959 0 45.74326706
v 40.93613815 0 45.37847137
v 30 0 37.5
v 45 0 52.5
v 43.41236877 0 46.93325424
v 33.89375687 0 42.24228287
v 40.25771713 0 48.60624313
v 39.04602051 0 49.13121414
v 38.91421509 0 48.98578644
v 38.76878738 0 48.8539772
v 33.64817047 0 43.73383713
v 33.4606514 0 43.53417969
v 39.16294098 0 49.28886032
v 38.6111412 0 48.73706055
v 33.20227432 0 43.33117294
v 33.78239059 0 43.91853714
v 39.26384354 0 49.45720673
v 39.34775925 0 49.63463211
v 38.2653656 0 48.55224228
v 38.4427948 0 48.63615799
v 38.15147018 0 46.5
v 32.85362625 0 43.14742279
v 33.95663071 0 44.25641632
v 36 0 44.34852982
v 39.41387939 0 49.8194313
v 38.08057022 0 48.48611832
v 32.65020752 0 43.07717133
v 39.46157074 0 50.00981903
v 37.8901825 0 48.43843079
v 34.06379318 0 44.62116623
v 32.42111206 0 43.02594757
v 39.49036789 0 50.20396423
v 37.69603348 0 48.40962982
v 32.16624832 0 43.00109863
v 39.5 0 50.40000153
v 37.5 0 48.40000153
v 36.84852982 0 46.5
v 34.09999847 0 45
v 36 0 45.65147018
v 39.49184418 0 50.58043671
v 37.30396652 0 48.40962982
v 31.88712502 0 43.01136017
v 34.07794571 0 45.29618835
v 39.46744156 0 50.75940323
v 37.1098175 0 48.43843079
v 31.58755302 0 43.06676483
v 39.42699432 0 50.93544006
v 36.91942978 0 48.48611832
v 34.01227188 0 45.58584595
v 39.37083054 0 51.10710526
v 36.7346344 0 48.55224228
v 31.27453804 0 43.17829514
v 39.29940414 0 51.27300644
v 33.88887787 0 45.89437866
v 36.5572052 0 48.63615799
v 36.3888588 0 48.73706055
v 33.73228455 0 46.1557045
v 30 0 43.5
v 30.7771244 0 43.5
v 31.01385307 0 43.32063293
v 39 0 52.5
v 39.11323166 0 51.58215332
v 39 0 51.7228775
v 39.21330643 0 51.4317894
v 34.74228287 0 48.60624313
v 36.23121262 0 48.8539772
v 36.08578491 0 48.98578644
v 35.95397949 0 49.13121414
v 35.83705902 0 49.28886032
v 35.73615646 0 49.45720673
v 33.89375687 0 47.75771713
v 33.55535507 0 46.3718338
v 33.36814499 0 46.54654694
v 33.17819214 0 46.68448639
v 32.99095535 0 46.79058456
v 35.65224075 0 49.63463211
v 35.58612061 0 49.8194313
v 32.62253189 0 46.93053055
v 35.53842926 0 50.00981903
v 32.29938126 0 46.99003601
v 35.50963211 0 50.20396423
v 35.5 0 50.40000153
v 32.02560425 0 46.99861526
v 35.50815582 0 50.58043671
v 30 0 46.5
v 31.08519936 0 46.72341919
v 30.7771244 0 46.5
v 36 0 52.5
v 35.78669357 0 51.4317894
v 35.70059586 0 51.27300644
v 35.88676834 0 51.58215332
v 36 0 51.7228775
v 30 0 52.5
v 31.7983017 0 46.97711182
v 31.42963982 0 46.88430786
v 35.53255844 0 50.75940323
v 35.57300568 0 50.93544006
v 35.62916946 0 51.10710526
v 39.5 -15 39.59999847
v 39.49036789 -15 39.79603577
v 39.46157074 -15 39.99018097
v 39.41387939 -15 40.1805687
v 39.34775925 -15 40.36536789
v 39.26384354 -15 40.54279327
v 39.16294098 -15 40.71113968
v 39.04602051 -15 40.86878586
v 38.91421509 -15 41.01421356
v 38.76878738 -15 41.1460228
v 38.6111412 -15 41.26293945
v 38.4427948 -15 41.36384201
v 38.2653656 -15 41.44775772
v 38.08057022 -15 41.51388168
v 37.8901825 -15 41.56156921
v 37.69603348 -15 41.59037018
v 37.5 -15 41.59999847
v 37.30396652 -15 41.59037018
v 37.1098175 -15 41.56156921
v 36.91942978 -15 41.51388168
v 36.7346344 -15 41.44775772
v 36.5572052 -15 41.36384201
v 36.3888588 -15 41.26293945
v 36.23121262 -15 41.1460228
v 36.08578491 -15 41.01421356
v 35.95397949 -15 40.86878586
v 35.83705902 -15 40.71113968
v 35.73615646 -15 40.54279327
v 35.65224075 -15 40.36536789
v 35.58612061 -15 40.1805687
v 35.53842926 -15 39.99018097
v 35.50963211 -15 39.79603577
v 36 -15 37.5
v 30.93302727 -15 43.37575531
v 30.7771244 -15 43.5
v 30 -15 43.5
v 31.10052299 -15 43.26764679
v 30 -15 37.5
v 31.27795029 -15 43.17675018
v 31.46354485 -15 43.10396957
v 31.65546227 -15 43.05002975
v 31.8517971 -15 43.01546097
v 32.05059814 -15 43.00061035
v 34.74228287 -15 41.39375687
v 33.89375687 -15 42.24228287
v 32.24988937 -15 43.00562286
v 32.44769287 -15 43.03045273
v 32.64204025 -15 43.07485199
v 32.8310051 -15 43.13837814
v 33.01270294 -15 43.22040176
v 33.18533325 -15 43.32010269
v 33.34718323 -15 43.43649673
v 33.49663925 -15 43.56842804
v 33.63221741 -15 43.71458054
v 39.11323166 -15 38.41784668
v 39 -15 38.2771225
v 39 -15 37.5
v 30.93302727 -15 46.62424469
v 30 -15 46.5
v 30.7771244 -15 46.5
v 33.75257492 -15 43.87350082
v 39.21330643 -15 38.5682106
v 31.10052299 -15 46.73235321
v 39.29940414 -15 38.72699356
v 31.27795029 -15 46.82324982
v 35.575737 -15 43.924263
v 33.85651016 -15 44.04361725
v 33.94299698 -15 44.22323608
v 34.01116943 -15 44.41057205
v 34.06035614 -15 44.60376358
v 34.090065 -15 44.80089188
v 34.09999847 -15 45
v 36.84852982 -15 43.5
v 40.25771713 -15 41.39375687
v 39.49184418 -15 39.41956329
v 38.15147018 -15 43.5
v 33.89375687 -15 47.75771713
v 33.63221741 -15 46.28541946
v 33.75257492 -15 46.12649918
v 33.49663925 -15 46.43157196
v 33.34718323 -15 46.56350327
v 33.18533325 -15 46.67989731
v 33.01270294 -15 46.77959824
v 32.8310051 -15 46.86162186
v 32.64204025 -15 46.92514801
v 32.44769287 -15 46.96954727
v 32.24988937 -15 46.99437714
v 32.05059814 -15 46.99938965
v 35.575737 -15 46.075737
v 34.01116943 -15 45.58942795
v 34.06035614 -15 45.39623642
v 33.94299698 -15 45.77676392
v 33.85651016 -15 45.95638275
v 34.090065 -15 45.19910812
v 30 -15 52.5
v 31.8517971 -15 46.98453903
v 31.65546227 -15 46.94997025
v 31.46354485 -15 46.89603043
v 45 -15 37.5
v 39.37083054 -15 38.89289474
v 39.42699432 -15 39.06455994
v 39.46744156 -15 39.24059677
v 34.74228287 -15 48.60624313
v 41.10624313 -15 42.24228287
v 41.36778259 -15 43.71458054
v 41.50336075 -15 43.56842804
v 35.95860672 -15 49.12559891
v 36.1488266 -15 48.92544174
v 41.65281677 -15 43.43649673
v 41.24742508 -15 43.87350082
v 39 -15 44.34852982
v 36.41073227 -15 48.72265244
v 36.424263 -15 46.924263
v 35.82239914 -15 49.31112289
v 41.81466675 -15 43.32010269
v 41.14348984 -15 44.04361725
v 41.98729706 -15 43.22040176
v 41.05700302 -15 44.22323608
v 35.64551544 -15 49.65108109
v 36.76375961 -15 48.54044342
v 42.1689949 -15 43.13837814
v 40.98883057 -15 44.41057205
v 42.35795975 -15 43.07485199
v 36.96951294 -15 48.47163773
v 40.93964386 -15 44.60376358
v 35.53671646 -15 50.01853943
v 42.55230713 -15 43.03045273
v 37.20100021 -15 48.42247772
v 40.909935 -15 44.80089188
v 42.75011063 -15 43.00562286
v 37.45819473 -15 48.4004364
v 38.575737 -15 46.924263
v 40.90000153 -15 45
v 39 -15 45.65147018
v 35.5 -15 50.40000153
v 42.94940186 -15 43.00061035
v 40.909935 -15 45.19910812
v 37.7394104 -15 48.41438293
v 43.14820099 -15 43.01546097
v 35.52573776 -15 50.71980667
v 40.93964386 -15 45.39623642
v 43.34453583 -15 43.05002975
v 35.57121658 -15 50.92894363
v 38.04059601 -15 48.47444916
v 40.98883057 -15 45.58942795
v 43.53645706 -15 43.10396957
v 35.64372253 -15 51.14446259
v 41.05700302 -15 45.77676392
v 43.72204971 -15 43.17675018
v 38.35438538 -15 48.59167862
v 35.74022293 -15 51.35035706
v 41.14348984 -15 45.95638275
v 38.6442337 -15 48.759655
v 45 -15 43.5
v 43.8994751 -15 43.26764679
v 44.06697464 -15 43.37575531
v 44.2228775 -15 43.5
v 36 -15 52.5
v 35.85947037 -15 51.5439682
v 36 -15 51.7228775
v 40.25771713 -15 48.60624313
v 39.29335022 -15 49.51461792
v 39.1204071 -15 49.22770309
v 38.9019928 -15 48.97367096
v 41.10624313 -15 47.75771713
v 41.81466675 -15 46.67989731
v 41.98729706 -15 46.77959824
v 41.65281677 -15 46.56350327
v 41.50336075 -15 46.43157196
v 41.36778259 -15 46.28541946
v 41.24742508 -15 46.12649918
v 42.1689949 -15 46.86162186
v 39.41597748 -15 49.82639313
v 42.35795975 -15 46.92514801
v 42.55230713 -15 46.96954727
v 39.46961594 -15 50.05270767
v 42.75011063 -15 46.99437714
v 39.5 -15 50.40000153
v 42.94940186 -15 46.99938965
v 45 -15 46.5
v 44.06697464 -15 46.62424469
v 44.2228775 -15 46.5
v 43.8994751 -15 46.73235321
v 43.72204971 -15 46.82324982
v 39 -15 52.5
v 39 -15 51.7228775
v 39.19223022 -15 51.4659996
v 39.29645157 -15 51.27906418
v 45 -15 52.5
v 43.53645706 -15 46.89603043
v 43.34453583 -15 46.94997025
v 43.14820099 -15 46.98453903
v 39.38462448 -15 51.06946564
v 39.44843674 -15 50.85121536
v 39.48706055 -15 50.6271286
v 39.424263 0.1 43.924263
v 41.10624313 0.1 42.24228287
v 39.424263 0.1 46.075737
v 41.10624313 0.1 47.75771713
v 40.25771713 0.1 48.60624313
v 38.15147018 0.1 46.5
v 37.85409927 0.13159609 46.5
v 38.19700623 0.22538541 46.5
v 38.51789856 0.37840754 46.5
v 37.5 0.1 46.5
v 36.84852982 0.1 46.5
v 36 0.77712435 46.5
v 38.72560883 0.51953077 46.5
v 39 0.77712435 46.5
v 36 0.1 46.5
v 34.74228287 0.1 48.60624313
v 33.89375687 0.1 47.75771713
v 36 0.1 45.65147018
v 36 0.1 45
v 36 0.10887256 44.81182098
v 36 0.13541152 44.62530899
v 36 0.1793814 44.44212341
v 36 0.24039207 44.26388931
v 36 0.31790224 44.09218597
v 36 0.41122419 43.92853546
v 36 0.51952988 43.77439117
v 36 0.6418584 43.63112259
v 36 0.77712435 43.5
v 36 0.1 44.34852982
v 33.89375687 0.1 42.24228287
v 34.74228287 0.1 41.39375687
v 36.424263 0.1 43.075737
v 38.575737 0.1 43.075737
v 40.25771713 0.1 41.39375687
v 34.74228287 -15.10000038 48.60624313
v 36.424263 -15.10000038 46.924263
v 38.575737 -15.10000038 46.924263
v 40.25771713 -15.10000038 48.60624313
v 41.10624313 -15.10000038 47.75771713
v 39 -15.10000038 45.65147018
v 39 -15.10000038 44.34852982
v 39 -15.7771244 43.5
v 39 -15.10000038 43.5
v 39 -15.10000038 45
v 39 -15.7771244 46.5
v 39 -15.51953125 46.22560883
v 39 -15.37840748 46.01789856
v 39 -15.22538567 45.69700623
v 39 -15.13159561 45.35409927
v 41.10624313 -15.10000038 42.24228287
v 40.25771713 -15.10000038 41.39375687
v 38.15147018 -15.10000038 43.5
v 37.5 -15.10000038 43.5
v 36.84852982 -15.10000038 43.5
v 36 -15.7771244 43.5
v 36.13112259 -15.6418581 43.5
v 36.27439117 -15.5195303 43.5
v 36.42853546 -15.41122437 43.5
v 36.59218597 -15.31790257 43.5
v 36.76388931 -15.24039173 43.5
v 36.94212341 -15.17938137 43.5
v 37.12530899 -15.13541126 43.5
v 37.31182098 -15.10887241 43.5
v 34.74228287 -15.10000038 41.39375687
v 33.89375687 -15.10000038 42.24228287
v 35.575737 -15.10000038 43.924263
v 35.575737 -15.10000038 46.075737
v 33.89375687 -15.10000038 47.75771713
v 37.5 0.1 45
v 37.76533508 0.11761717 44.73465729
v 38.03071213 0.1716437 44.46928406
v 38.29141998 0.26326126 44.20859909
v 38.44316864 0.3363958 44.05686569
v 38.61824036 0.4418641 43.88180542
v 38.81483078 0.59295374 43.68521118
v 39.00118256 0.77845871 43.49883652
v 39.1617012 0.98700851 46.6617012
v 39.1617012 0.98700851 43.3382988
v 39.29523468 1.21872938 46.51647186
v 39.30921936 1.24769545 43.50020218
v 39.39933014 1.4732424 46.38373566
v 39.41173553 1.51196456 43.63341522
v 39.47582626 1.79020524 46.27238846
v 39.47664642 1.79643476 43.72889709
v 39.5 2.0999999 46.2339325
v 39.5 2.0999999 43.76595688
v 35.8382988 0.98700851 46.6617012
v 35.98352814 1.21872938 46.79523468
v 38.99979782 1.24769545 46.80921936
v 36.11626434 1.4732424 46.89933014
v 38.86658478 1.51196456 46.91173553
v 36.22761154 1.79020524 46.97582626
v 38.77110291 1.79643476 46.97664642
v 36.2660675 2.0999999 47
v 38.73404312 2.0999999 47
v 36.22768784 1.79096472 43.02405548
v 36.26610184 2.0999999 43
v 38.73389816 2.0999999 43
v 38.77231216 1.79096472 43.02405548
v 36.11689758 1.47445345 43.10031128
v 38.88310242 1.47445345 43.10031128
v 35.98420715 1.2194773 43.2042923
v 39.01579285 1.2194773 43.2042923
v 35.8382988 0.98700851 43.3382988
v 35.52294159 1.79841244 46.27054977
v 35.5 2.0999999 46.23389816
v 35.5 2.0999999 43.76610184
v 35.52405548 1.79096472 43.72768784
v 35.58748627 1.51479399 46.365345
v 35.60031128 1.47445345 43.61689758
v 35.69054031 1.24806774 46.49930191
v 35.7042923 1.2194773 43.48420715
v 37.5 -15.10000038 45
v 36.22889709 -16.7964344 46.97664642
v 36.26595688 -17.10000038 47
v 38.7339325 -17.10000038 47
v 38.77238846 -16.790205 46.97582626
v 36.13341522 -16.5119648 46.91173553
v 38.88373566 -16.47324181 46.89933014
v 36.00020218 -16.24769592 46.80921936
v 39.01647186 -16.21872902 46.79523468
v 35.8382988 -15.98700809 46.6617012
v 39.1617012 -15.98700809 46.6617012
v 35.99883652 -15.7784586 46.50118256
v 36.18521118 -15.59295368 46.31483078
v 36.38180542 -15.44186401 46.11824036
v 36.55686569 -15.33639622 45.94316864
v 36.70859909 -15.26326084 45.79141998
v 36.96928406 -15.17164326 45.53071213
v 37.23465729 -15.11761761 45.26533508
v 39.47664642 -16.7964344 46.27110291
v 39.5 -17.10000038 46.23404312
v 39.5 -17.10000038 43.7660675
v 39.47582626 -16.790205 43.72761154
v 39.41173553 -16.5119648 46.36658478
v 39.39933014 -16.47324181 43.61626434
v 39.30921936 -16.24769592 46.49979782
v 39.29523468 -16.21872902 43.48352814
v 39.1617012 -15.98700809 43.3382988
v 35.8382988 -15.98700809 43.3382988
v 35.69054031 -16.24806786 43.50069809
v 35.69054031 -16.24806786 46.49930191
v 35.58748627 -16.5147934 43.634655
v 35.58748627 -16.5147934 46.365345
v 35.52294159 -16.79841232 43.72945023
v 35.52294159 -16.79841232 46.27054977
v 35.5 -17.10000038 43.76610184
v 35.5 -17.10000038 46.23389816
v 36.00069809 -16.24806786 43.19054031
v 38.99930191 -16.24806786 43.19054031
v 36.134655 -16.5147934 43.08748627
v 38.865345 -16.5147934 43.08748627
v 36.22945023 -16.79841232 43.02294159
v 38.77054977 -16.79841232 43.02294159
v 38.73389816 -17.10000038 43
v 36.26610184 -17.10000038 43
v 39.47737122 2.4000001 43.73015594
v 39.47737122 2.4000001 46.26984406
v 38.76984406 2.4000001 46.97737122
v 38.93464661 2.4000001 46.86125946
v 39.08889389 2.4000001 46.73144913
v 39.23144913 2.4000001 46.58889389
v 39.36125946 2.4000001 46.43464661
v 39.45875549 2.4000001 43.70162582
v 39.42029572 2.0999999 43.64538956
v 39.43972778 2.4000001 43.67337036
v 39.42029572 2.4000001 43.64538956
v 39.34978867 1.817379 43.55059052
v 39.16080856 1.69989085 43.33740997
v 38.94890976 1.81805301 43.14982224
v 38.85461044 2.0999999 43.07970428
v 38.82662964 2.4000001 43.06027222
v 38.85461044 2.4000001 43.07970428
v 38.79837418 2.4000001 43.04124451
v 38.76984406 2.4000001 43.02262878
v 36.23015594 2.4000001 46.97737122
v 35.52262878 2.4000001 46.26984406
v 35.54124451 2.4000001 46.29837418
v 35.57970428 2.0999999 46.35461044
v 35.56027222 2.4000001 46.32662964
v 35.57970428 2.4000001 46.35461044
v 35.65021133 1.817379 46.44940948
v 35.83919144 1.69989085 46.66259003
v 36.05109024 1.81805301 46.85017776
v 36.14538956 2.0999999 46.92029572
v 36.17337036 2.4000001 46.93972778
v 36.14538956 2.4000001 46.92029572
v 36.20162582 2.4000001 46.95875549
v 36.23015594 2.4000001 43.02262878
v 36.06535339 2.4000001 43.13874054
v 35.91110611 2.4000001 43.26855087
v 35.76855087 2.4000001 43.41110611
v 35.63874054 2.4000001 43.56535339
v 35.52262878 2.4000001 43.73015594
v 36.23015594 -17.39999962 46.97737122
v 38.76984406 -17.39999962 46.97737122
v 39.47737122 -17.39999962 46.26984406
v 39.36125946 -17.39999962 46.43464661
v 39.23144913 -17.39999962 46.58889389
v 39.08889389 -17.39999962 46.73144913
v 38.93464661 -17.39999962 46.86125946
v 36.20162582 -17.39999962 46.95875549
v 36.14538956 -17.10000038 46.92029572
v 36.17337036 -17.39999962 46.93972778
v 36.14538956 -17.39999962 46.92029572
v 36.05059052 -16.817379 46.84978867
v 35.83740997 -16.69989014 46.66080856
v 35.64982224 -16.81805229 46.44890976
v 35.57970428 -17.10000038 46.35461044
v 35.56027222 -17.39999962 46.32662964
v 35.57970428 -17.39999962 46.35461044
v 35.54124451 -17.39999962 46.29837418
v 35.52262878 -17.39999962 46.26984406
v 39.47737122 -17.39999962 43.73015594
v 38.76984406 -17.39999962 43.02262878
v 38.79837418 -17.39999962 43.04124451
v 38.85461044 -17.10000038 43.07970428
v 38.82662964 -17.39999962 43.06027222
v 38.85461044 -17.39999962 43.07970428
v 38.94940948 -16.817379 43.15021133
v 39.16259003 -16.69989014 43.33919144
v 39.35017776 -16.81805229 43.55109024
v 39.42029572 -17.10000038 43.64538956
v 39.43972778 -17.39999962 43.67337036
v 39.42029572 -17.39999962 43.64538956
v 39.45875549 -17.39999962 43.70162582
v 35.52262878 -17.39999962 43.73015594
v 35.63874054 -17.39999962 43.56535339
v 35.76855087 -17.39999962 43.41110611
v 35.91110611 -17.39999962 43.26855087
v 36.06535339 -17.39999962 43.13874054
v 36.23015594 -17.39999962 43.02262878
v 9.1617012 5.83829927 38.48700714
v 9 6 38.2771225
v 9 9 38.2771225
v 9.1617012 9.1617012 38.48700714
v 9.29674816 5.98549938 38.72174835
v 9.31010151 8.99862385 38.74848557
v 9.40070248 6.11827993 38.97757721
v 9.41258621 8.86544037 39.01525116
v 9.47624588 6.22818041 39.29243469
v 9.47681046 8.7709713 39.2986412
v 9.5 6.26610374 39.59999847
v 9.5 8.73389626 39.59999847
v 9.47737217 8.76984215 39.90000153
v 9.36125946 8.93464756 39.90000153
v 9.23144817 9.08889484 39.90000153
v 9.08889484 9.23144817 39.90000153
v 9.01466084 9.29680538 38.72146225
v 8.93464756 9.36125946 39.90000153
v 8.8818779 9.4007206 38.97720337
v 8.76984215 9.47737217 39.90000153
v 8.77189732 9.47609329 39.29219055
v 8.73389626 9.5 39.59999847
v 9.47737217 6.23015738 39.90000153
v 8.76984215 5.52262783 39.90000153
v 8.7340498 5.50009489 39.59999847
v 8.77040863 5.52293921 39.2984848
v 8.79837322 5.54124355 39.90000153
v 8.85460949 5.57970476 39.59999847
v 8.86498833 5.58712339 39.01600647
v 8.82663059 5.56027031 39.90000153
v 8.85460949 5.57970476 39.90000153
v 8.94908047 5.64995527 39.3178215
v 8.99939537 5.69043875 38.74822998
v 9.16082573 5.83742523 39.19992065
v 9.34935379 6.05003786 39.31671143
v 9.42029476 6.14539051 39.59999847
v 9.43972969 6.17336941 39.90000153
v 9.42029476 6.14539051 39.90000153
v 9.45875645 6.20162678 39.90000153
v 6.26607466 5.50001764 39.59999847
v 6.22761297 5.52417326 39.29021835
v 6.116292 5.6006465 38.97330093
v 5.98354721 5.70475197 38.71876144
v 5.83829927 5.83829927 38.48700714
v 6 6 38.2771225
v 9 6.84852791 37.59999847
v 9 6 37.59999847
v 9 8.15147209 37.59999847
v 9 6.84852791 37.5
v 9 8.15147209 37.5
v 9 9 37.59999847
v 5.83829927 9.1617012 38.48700714
v 6 9 38.2771225
v 6.00137615 9.31010151 38.74848557
v 6.13455963 9.41258621 39.01525116
v 6.2290287 9.47681046 39.2986412
v 6.26610374 9.5 39.59999847
v 6.23015738 9.47737217 39.90000153
v 6.17336941 9.43972969 39.90000153
v 6.20162678 9.45875645 39.90000153
v 6.14539051 9.42029476 39.90000153
v 6.14539051 9.42029476 39.59999847
v 5.57970476 8.85460949 39.59999847
v 5.65131903 8.95083809 39.31564331
v 5.84101629 9.16453648 39.20002747
v 6.05152273 9.35041714 39.31863022
v 5.57970476 8.85460949 39.90000153
v 5.54124355 8.79837322 39.90000153
v 5.56027031 8.82663059 39.90000153
v 5.52262783 8.76984215 39.90000153
v 5.52262783 6.23015738 39.90000153
v 6.23015738 5.52262783 39.90000153
v 6.06535196 5.63874102 39.90000153
v 5.91110516 5.76855183 39.90000153
v 5.63874102 6.06535196 39.90000153
v 5.76855183 5.91110516 39.90000153
v 5.52293921 6.22959137 39.2984848
v 5.58712339 6.13501215 39.01600647
v 5.50009489 6.2659502 39.59999847
v 5.69043875 6.00060415 38.74822998
v 5.50001764 8.73392487 39.59999847
v 5.52417326 8.77238655 39.29021835
v 5.6006465 8.883708 38.97330093
v 5.70475197 9.01645279 38.71876144
v 6.84852791 6 37.59999847
v 6 6 37.59999847
v 8.15147209 6 37.59999847
v 6.84852791 6 37.5
v 8.15147209 6 37.5
v 11.10624504 10.25771618 37.59999847
v 11.10624504 10.25771618 37.5
v 10.25771618 11.10624504 37.59999847
v 8.15147209 9 37.59999847
v 6.84852791 9 37.59999847
v 8.15147209 9 37.5
v 6.84852791 9 37.5
v 6 9 37.59999847
v 11.10624504 4.74228334 37.59999847
v 10.25771618 3.89375544 37.59999847
v 11.10624504 4.74228334 37.5
v 9.19222927 13.96599865 37.5
v 9 15 37.5
v 9 14.2228756 37.5
v 13.91479969 9.2234211 37.5
v 14.2228756 9 37.5
v 15 9 37.5
v 15 15 37.5
v 9.29645157 13.77906322 37.5
v 13.57035923 9.38430691 37.5
v 9.38462448 13.56946468 37.5
v 9.44843578 13.35121632 37.5
v 13.2016983 9.47711277 37.5
v 9.48706055 13.12713051 37.5
v 12.97439671 9.49861526 37.5
v 9.5 12.89999962 37.5
v 12.37746716 9.4305315 37.5
v 12.7006197 9.49003696 37.5
v 10.25771618 11.10624504 37.5
v 9.46961498 12.55270576 37.5
v 9.41597748 12.32639313 37.5
v 9.29334831 12.01461887 37.5
v 12.00904465 9.29058552 37.5
v 11.82180691 9.18448734 37.5
v 9.12040615 11.72770214 37.5
v 11.63185501 9.04654598 37.5
v 8.9019928 11.47367287 37.5
v 11.44464302 8.87183475 37.5
v 11.26771736 8.6557045 37.5
v 8.64423466 11.25965691 37.5
v 5.85947227 14.04396915 37.5
v 6 14.2228756 37.5
v 6 15 37.5
v 13.98614788 5.82063103 37.5
v 15 6 37.5
v 14.2228756 6 37.5
v 5.7402215 13.85035706 37.5
v 13.72546291 5.67829561 37.5
v 8.35438442 11.09167862 37.5
v 8.04059505 10.9744482 37.5
v 7.73941088 10.91438198 37.5
v 7.45819378 10.90043736 37.5
v 10.89999962 7.5 37.5
v 10.92205429 7.7961874 37.5
v 10.98773003 8.0858469 37.5
v 11.11112118 8.39437866 37.5
v 11.21761131 6.41853619 37.5
v 11.04336834 6.75641775 37.5
v 10.93620777 7.12116432 37.5
v 4.74228334 11.10624504 37.5
v 6.41073132 11.22265339 37.5
v 6.14882708 11.42544079 37.5
v 5.95860624 11.625597 37.5
v 5.82239723 11.8111248 37.5
v 5.64551401 12.15108109 37.5
v 5.53671598 12.51854038 37.5
v 5.5 12.89999962 37.5
v 13.11287498 5.5113616 37.5
v 12.83375168 5.50109911 37.5
v 12.57888985 5.52594709 37.5
v 12.34979248 5.57717085 37.5
v 12.14637184 5.64742231 37.5
v 11.79772377 5.83117342 37.5
v 11.53934956 6.03417921 37.5
v 11.35182953 6.2338376 37.5
v 7.20100164 10.92247677 37.5
v 6.96951151 10.97163868 37.5
v 6.76376009 11.04044437 37.5
v 0 15 37.5
v 5.52573586 13.21980572 37.5
v 5.57121611 13.42894363 37.5
v 5.64372253 13.64446354 37.5
v 15 0 37.5
v 13.41244793 5.56676531 37.5
v 3.89375544 10.25771618 37.5
v 10.25771618 3.89375544 37.5
v 9.04139328 3.37440276 37.5
v 8.8511734 3.57455945 37.5
v 3.64835262 8.76593971 37.5
v 3.46084285 8.96564198 37.5
v 3.20247078 9.16869736 37.5
v 8.58926868 3.77734709 37.5
v 9.17760277 3.1888752 37.5
v 3.78255534 8.58120441 37.5
v 6 8.15147209 37.5
v 2.8538115 9.35250282 37.5
v 9.35448551 2.84891844 37.5
v 3.95675874 8.24326515 37.5
v 8.23624039 3.95955586 37.5
v 2.6503799 9.42278004 37.5
v 8.03048801 4.02836084 37.5
v 9.46328449 2.48145938 37.5
v 4.06386328 7.87847185 37.5
v 2.42126632 9.47402763 37.5
v 7.79899836 4.07752275 37.5
v 2.16638303 9.4988966 37.5
v 7.54180622 4.09956312 37.5
v 9.5 2.0999999 37.5
v 4.0999999 7.5 37.5
v 6 6.84852791 37.5
v 1.88723397 9.48865032 37.5
v 7.26058912 4.0856185 37.5
v 4.07794094 7.20378113 37.5
v 9.47426414 1.78019404 37.5
v 1.58763242 9.43325615 37.5
v 9.42878437 1.57105637 37.5
v 6.95940447 4.0255518 37.5
v 4.01225567 6.91410017 37.5
v 9.35627747 1.3555367 37.5
v 1.27458596 9.32172585 37.5
v 6.64561605 3.90832162 37.5
v 3.88884139 6.60554886 37.5
v 9.25977802 1.14964294 37.5
v 6.35576534 3.74034333 37.5
v 3.73221517 6.34420252 37.5
v 0 9 37.5
v 0.77712435 9 37.5
v 1.01387453 9.17938328 37.5
v 9 0 37.5
v 9.14052773 0.95603055 37.5
v 9 0.77712435 37.5
v 4.74228334 3.89375544 37.5
v 5.70665169 2.9853816 37.5
v 5.87959385 3.27229786 37.5
v 6.09800673 3.52632713 37.5
v 3.89375544 4.74228334 37.5
v 3.55526185 6.12806273 37.5
v 3.36802387 5.95335388 37.5
v 3.17804241 5.81541681 37.5
v 2.99077296 5.70932484 37.5
v 5.58402252 2.6736064 37.5
v 2.62230372 5.5694046 37.5
v 5.53038502 2.44729424 37.5
v 2.299119 5.50993729 37.5
v 5.5 2.0999999 37.5
v 2.02531123 5.50139666 37.5
v 0 6 37.5
v 1.08487916 5.77676821 37.5
v 0.77712435 6 37.5
v 6 0 37.5
v 6 0.77712435 37.5
v 5.80777025 1.03400159 37.5
v 5.70354891 1.22093701 37.5
v 0 0 37.5
v 1.7979902 5.52293491 37.5
v 1.42931712 5.61580658 37.5
v 5.61537552 1.43053532 37.5
v 5.55156422 1.6487838 37.5
v 5.51293945 1.87286985 37.5
v 6 8.15147209 37.59999847
v 6 6.84852791 37.59999847
v 4.74228334 3.89375544 37.59999847
v 3.89375544 4.74228334 37.59999847
v 4.74228334 11.10624504 37.59999847
v 3.89375544 10.25771618 37.59999847
v 0.77712435 9 7.5
v 0 9 7.5
v 4.0999999 7.5 7.5
v 4.09006453 7.69910717 7.5
v 4.06035614 7.89623594 7.5
v 4.01117086 8.08942795 7.5
v 3.94299722 8.27676392 7.5
v 3.85651183 8.4563818 7.5
v 3.75257468 8.62649727 7.5
v 3.63221836 8.78542137 7.5
v 3.4966383 8.93157291 7.5
v 3.34718204 9.06350136 7.5
v 3.18533421 9.1798954 7.5
v 3.0127027 9.27959919 7.5
v 2.83100319 9.36162186 7.5
v 2.64204073 9.42514706 7.5
v 2.44769287 9.46954536 7.5
v 2.24989033 9.49437523 7.5
v 2.05059862 9.49938965 7.5
v 1.8517977 9.48453903 7.5
v 1.65546286 9.4499712 7.5
v 1.46354473 9.39602852 7.5
v 1.27795005 9.32324791 7.5
v 1.10052311 9.23235226 7.5
v 0.93302643 9.12424564 7.5
v 0.77712435 6 7.5
v 0.93302643 5.87575483 7.5
v 1.10052311 5.76764727 7.5
v 1.27795005 5.67675161 7.5
v 1.46354473 5.60397148 7.5
v 1.65546286 5.55002928 7.5
v 1.8517977 5.51546097 7.5
v 2.05059862 5.50061035 7.5
v 2.24989033 5.50562477 7.5
v 2.44769287 5.53045464 7.5
v 2.64204073 5.57485294 7.5
v 2.83100319 5.63837862 7.5
v 3.0127027 5.72040081 7.5
v 3.18533421 5.82010412 7.5
v 3.34718204 5.93649864 7.5
v 3.4966383 6.06842709 7.5
v 3.63221836 6.21457911 7.5
v 3.75257468 6.37350225 7.5
v 3.85651183 6.5436182 7.5
v 3.94299722 6.72323656 7.5
v 4.01117086 6.91057205 7.5
v 4.06035614 7.10376406 7.5
v 4.09006453 7.30089283 7.5
v 0 6 7.5
v 0 0 7.5
v 5.5 0 7.5
v 5.5 0 11.89999962
v 6 0 11.89999962
v 6 0.77712435 11.89999962
v 5.5 2.0999999 11.89999962
v 5.5081563 1.9195621 11.89999962
v 5.53255796 1.74059594 11.89999962
v 5.57300615 1.56456101 11.89999962
v 5.62917137 1.3928932 11.89999962
v 5.7005949 1.22699261 11.89999962
v 5.786695 1.06821239 11.89999962
v 5.88676882 0.91784751 11.89999962
v 9.5 2.0999999 11.89999962
v 9.4903698 2.29603434 11.89999962
v 9.46157074 2.49018073 11.89999962
v 9.41388035 2.68056941 11.89999962
v 9.34775925 2.86536694 11.89999962
v 9.26384258 3.04279351 11.89999962
v 9.16293907 3.21114039 11.89999962
v 9.04602051 3.36878657 11.89999962
v 8.91421318 3.51421356 11.89999962
v 8.76878643 3.64602089 11.89999962
v 8.61114025 3.76293921 11.89999962
v 8.44279385 3.86384249 11.89999962
v 8.26536655 3.94775915 11.89999962
v 8.08056927 4.01388073 11.89999962
v 7.89018059 4.06157064 11.89999962
v 7.69603443 4.09036922 11.89999962
v 7.5 4.0999999 11.89999962
v 7.30396557 4.09036922 11.89999962
v 7.10981941 4.06157064 11.89999962
v 6.91943073 4.01388073 11.89999962
v 6.73463297 3.94775915 11.89999962
v 6.55720663 3.86384249 11.89999962
v 6.38885975 3.76293921 11.89999962
v 6.23121357 3.64602089 11.89999962
v 6.08578634 3.51421356 11.89999962
v 5.95397902 3.36878657 11.89999962
v 5.83706093 3.21114039 11.89999962
v 5.73615742 3.04279351 11.89999962
v 5.65224075 2.86536694 11.89999962
v 5.58611917 2.68056941 11.89999962
v 5.53842926 2.49018073 11.89999962
v 5.50963068 2.29603434 11.89999962
v 9.14048195 0.95597148 11.89999962
v 9 0.77712435 11.89999962
v 9.25975132 1.14959896 11.89999962
v 9.35625839 1.35548508 11.89999962
v 9.42876625 1.5709902 11.89999962
v 9.47425175 1.78013837 11.89999962
v 9 0 11.89999962
v 9.5 0 11.89999962
v 9.5 0 7.5
v 15 0 7.5
v 15 6 7.5
v 14.2228756 6 7.5
v 10.89999962 7.5 7.5
v 10.90993595 7.30089283 7.5
v 10.93964386 7.10376406 7.5
v 10.98882866 6.91057205 7.5
v 11.05700302 6.72323656 7.5
v 11.14348793 6.5436182 7.5
v 11.24742508 6.37350225 7.5
v 11.36778164 6.21457911 7.5
v 11.5033617 6.06842709 7.5
v 11.65281773 5.93649864 7.5
v 11.81466579 5.82010412 7.5
v 11.98729706 5.72040081 7.5
v 12.16899681 5.63837862 7.5
v 12.35795879 5.57485294 7.5
v 12.55230713 5.53045464 7.5
v 12.75010967 5.50562477 7.5
v 12.94940186 5.50061035 7.5
v 13.14820194 5.51546097 7.5
v 13.34453678 5.55002928 7.5
v 13.53645515 5.60397148 7.5
v 13.72204971 5.67675161 7.5
v 13.89947701 5.76764727 7.5
v 14.06697369 5.87575483 7.5
v 14.2228756 9 7.5
v 14.06697369 9.12424564 7.5
v 13.89947701 9.23235226 7.5
v 13.72204971 9.32324791 7.5
v 13.53645515 9.39602852 7.5
v 13.34453678 9.4499712 7.5
v 13.14820194 9.48453903 7.5
v 12.94940186 9.49938965 7.5
v 12.75010967 9.49437523 7.5
v 12.55230713 9.46954536 7.5
v 12.35795879 9.42514706 7.5
v 12.16899681 9.36162186 7.5
v 11.98729706 9.27959919 7.5
v 11.81466579 9.1798954 7.5
v 11.65281773 9.06350136 7.5
v 11.5033617 8.93157291 7.5
v 11.36778164 8.78542137 7.5
v 11.24742508 8.62649727 7.5
v 11.14348793 8.4563818 7.5
v 11.05700302 8.27676392 7.5
v 10.98882866 8.08942795 7.5
v 10.93964386 7.89623594 7.5
v 10.90993595 7.69910717 7.5
v 15 9 7.5
v 15 15 7.5
v 9.5 15 11.89999962
v 9 15 11.89999962
v 9.5 15 7.5
v 9 14.2228756 11.89999962
v 9.5 12.89999962 11.89999962
v 9.49184418 13.08043766 11.89999962
v 9.46744251 13.25940418 11.89999962
v 9.42699337 13.43543911 11.89999962
v 9.37082863 13.60710716 11.89999962
v 9.2994051 13.77300739 11.89999962
v 9.21330547 13.93178749 11.89999962
v 9.11323166 14.08215237 11.89999962
v 5.53673363 12.51867199 11.89999962
v 5.5 12.89999962 11.89999962
v 5.64562511 12.15144157 11.89999962
v 5.82259798 11.81172848 11.89999962
v 5.95880413 11.62630081 11.89999962
v 6.1489377 11.4261837 11.89999962
v 6.4106307 11.22331142 11.89999962
v 6.76333094 11.04086113 11.89999962
v 6.96891546 10.97190952 11.89999962
v 7.20026541 10.92261028 11.89999962
v 7.45736456 10.90045452 11.89999962
v 7.73850632 10.91428375 11.89999962
v 8.03956795 10.97427082 11.89999962
v 8.35318756 11.09146404 11.89999962
v 8.64328766 11.25964642 11.89999962
v 8.90141106 11.47398281 11.89999962
v 9.12012291 11.72824955 11.89999962
v 9.29320717 12.01510525 11.89999962
v 9.41587448 12.32648468 11.89999962
v 9.46958542 12.55272865 11.89999962
v 6 14.2228756 11.89999962
v 5.88676882 14.08215237 11.89999962
v 5.786695 13.93178749 11.89999962
v 5.7005949 13.77300739 11.89999962
v 5.62917137 13.60710716 11.89999962
v 5.57300615 13.43543911 11.89999962
v 5.53255796 13.25940418 11.89999962
v 5.5081563 13.08043766 11.89999962
v 6 15 11.89999962
v 5.5 15 11.89999962
v 0 15 7.5
v 5.5 15 7.5
v 5.5 10.60000038 7.5
v 6 10.60000038 7.5
v 5.5 4.4000001 7.5
v 6 4.4000001 7.5
v 5.5 4.4000001 9.60000038
v 5.5 4.4000001 11.89999962
v 9.5 4.4000001 11.89999962
v 9.5 4.4000001 7.5
v 9.5 4.4000001 9.60000038
v 9.5 10.60000038 7.5
v 9 10.60000038 7.5
v 9 4.4000001 7.5
v 9.5 10.60000038 9.60000038
v 9.5 10.60000038 11.89999962
v 5.5 10.60000038 11.89999962
v 5.5 10.60000038 9.60000038
v 6 4.4000001 8.2771244
v 5.64372253 4.4000001 8.85553646
v 5.7402215 4.4000001 8.64964294
v 5.85947227 4.4000001 8.45603085
v 5.52573586 4.4000001 9.28019428
v 5.57121611 4.4000001 9.07105637
v 6 10.60000038 8.2771244
v 5.80777025 10.60000038 8.53400135
v 5.70354891 10.60000038 8.72093678
v 5.51293945 10.60000038 9.37286949
v 5.55156422 10.60000038 9.14878368
v 5.61537552 10.60000038 8.93053532
v 8.75597191 4.4000001 11.15644836
v 8.95511627 4.4000001 10.97208977
v 9.15843773 4.4000001 10.71784878
v 8.57218647 4.4000001 11.28831768
v 9.34402561 4.4000001 10.37431812
v 8.23664284 4.4000001 11.45939636
v 9.41597748 4.4000001 10.17360687
v 7.87496805 4.4000001 11.56453419
v 9.46961498 4.4000001 9.94729424
v 7.5 4.4000001 11.60000038
v 7.15270519 4.4000001 11.56961441
v 6.92639303 4.4000001 11.51597786
v 6.72568226 4.4000001 11.44402504
v 6.3821516 4.4000001 11.25843716
v 6.12791014 4.4000001 11.0551157
v 5.94355106 4.4000001 10.85597134
v 5.8116827 4.4000001 10.67218685
v 5.64060402 4.4000001 10.33664227
v 5.53546572 4.4000001 9.97496796
v 9 4.4000001 8.2771244
v 9.19222927 4.4000001 8.53400135
v 9.29645157 4.4000001 8.72093678
v 9.38462448 4.4000001 8.93053532
v 9.44843578 4.4000001 9.14878368
v 9.48706055 4.4000001 9.37286949
v 9 10.60000038 8.2771244
v 9.14052773 10.60000038 8.45603085
v 9.25977802 10.60000038 8.64964294
v 9.35627747 10.60000038 8.85553646
v 9.42878437 10.60000038 9.07105637
v 9.47426414 10.60000038 9.28019428
v 8.87209034 10.60000038 11.0551157
v 9.05644894 10.60000038 10.85597134
v 9.1883173 10.60000038 10.67218685
v 9.35939598 10.60000038 10.33664227
v 9.46453476 10.60000038 9.97496796
v 8.6178484 10.60000038 11.25843716
v 8.27431774 10.60000038 11.44402504
v 8.07360744 10.60000038 11.51597786
v 7.84729481 10.60000038 11.56961441
v 7.5 10.60000038 11.60000038
v 5.58402252 10.60000038 10.17360687
v 5.65597439 10.60000038 10.37431812
v 5.84156275 10.60000038 10.71784878
v 6.04488373 10.60000038 10.97208977
v 6.24402857 10.60000038 11.15644836
v 6.42781305 10.60000038 11.28831768
v 6.76335716 10.60000038 11.45939636
v 7.12503195 10.60000038 11.56453419
v 5.53038502 10.60000038 9.94729424
v 60.98700714 5.83829927 43.3382988
v 60.7771225 6 43.5
v 60.7771225 9 43.5
v 60.98700714 9.1617012 43.3382988
v 61.22174835 5.98549938 43.20325089
v 61.24848557 8.99862385 43.18989944
v 61.47757721 6.11827993 43.09929657
v 61.51525116 8.86544037 43.08741379
v 61.79243469 6.22818041 43.02375412
v 61.7986412 8.7709713 43.02318954
v 62.09999847 6.26610374 43
v 62.09999847 8.73389626 43
v 62.40000153 8.76984215 43.02262878
v 62.40000153 8.93464756 43.13874054
v 62.40000153 9.08889484 43.26855087
v 62.40000153 9.23144817 43.41110611
v 61.22146225 9.29680538 43.48534012
v 62.40000153 9.36125946 43.56535339
v 61.47720337 9.4007206 43.6181221
v 62.40000153 9.47737217 43.73015594
v 61.79219055 9.47609329 43.72810364
v 62.09999847 9.5 43.76610184
v 62.40000153 6.23015738 43.02262878
v 62.40000153 5.52262783 43.73015594
v 62.09999847 5.50009489 43.76594925
v 61.7984848 5.52293921 43.72959137
v 62.40000153 5.54124355 43.70162582
v 62.09999847 5.57970476 43.64538956
v 61.51600647 5.58712339 43.63501358
v 62.40000153 5.56027031 43.67337036
v 62.40000153 5.57970476 43.64538956
v 61.8178215 5.64995527 43.55091858
v 61.24822998 5.69043875 43.50060272
v 61.69992065 5.83742523 43.33917236
v 61.81671143 6.05003786 43.15064621
v 62.09999847 6.14539051 43.07970428
v 62.40000153 6.17336941 43.06027222
v 62.40000153 6.14539051 43.07970428
v 62.40000153 6.20162678 43.04124451
v 62.09999847 5.50001764 46.23392487
v 61.79021835 5.52417326 46.27238846
v 61.47330093 5.6006465 46.38370895
v 61.21876144 5.70475197 46.51645279
v 60.98700714 5.83829927 46.6617012
v 60.7771225 6 46.5
v 60.09999847 6.84852791 43.5
v 60.09999847 6 43.5
v 60.09999847 8.15147209 43.5
v 60 6.84852791 43.5
v 60 8.15147209 43.5
v 60.09999847 9 43.5
v 60.98700714 9.1617012 46.6617012
v 60.7771225 9 46.5
v 61.24848557 9.31010151 46.49862289
v 61.51525116 9.41258621 46.36544037
v 61.7986412 9.47681046 46.27096939
v 62.09999847 9.5 46.23389816
v 62.40000153 9.47737217 46.26984406
v 62.40000153 9.42029476 46.35461044
v 62.40000153 9.45875645 46.29837418
v 62.40000153 9.43972969 46.32662964
v 62.09999847 9.42029476 46.35461044
v 62.09999847 8.85460949 46.92029572
v 61.81564331 8.95083809 46.8486824
v 61.70002747 9.16453648 46.65898514
v 61.81863022 9.35041714 46.4484787
v 62.40000153 8.85460949 46.92029572
v 62.40000153 8.79837322 46.95875549
v 62.40000153 8.82663059 46.93972778
v 62.40000153 8.76984215 46.97737122
v 62.40000153 6.23015738 46.97737122
v 62.40000153 5.52262783 46.26984406
v 62.40000153 5.63874102 46.43464661
v 62.40000153 5.76855183 46.58889389
v 62.40000153 6.06535196 46.86125946
v 62.40000153 5.91110516 46.73144913
v 61.7984848 6.22959137 46.97706223
v 61.51600647 6.13501215 46.91287613
v 62.09999847 6.2659502 46.99990463
v 61.24822998 6.00060415 46.80956268
v 62.09999847 8.73392487 46.99998093
v 61.79021835 8.77238655 46.97582626
v 61.47330093 8.883708 46.89935303
v 61.21876144 9.01645279 46.79524994
v 60.09999847 6 45.65147018
v 60.09999847 6 46.5
v 60.09999847 6 44.34852982
v 60 6 45.65147018
v 60 6 44.34852982
v 60.09999847 10.25771618 41.39375687
v 60 10.25771618 41.39375687
v 60.09999847 11.10624504 42.24228287
v 60.09999847 9 44.34852982
v 60.09999847 9 45.65147018
v 60 9 44.34852982
v 60 9 45.65147018
v 60.09999847 9 46.5
v 60.09999847 4.74228334 41.39375687
v 60.09999847 3.89375544 42.24228287
v 60 4.74228334 41.39375687
v 60 13.96599865 43.30776978
v 60 15 43.5
v 60 14.2228756 43.5
v 60 9.2234211 38.58520126
v 60 9 38.2771225
v 60 9 37.5
v 60 15 37.5
v 60 13.77906322 43.20354843
v 60 9.38430691 38.92964172
v 60 13.56946468 43.11537552
v 60 13.35121632 43.05156326
v 60 9.47711277 39.2983017
v 60 13.12713051 43.01293945
v 60 9.49861526 39.52560425
v 60 12.89999962 43
v 60 11.10624504 42.24228287
v 60 12.55270576 43.03038406
v 60 12.32639313 43.08402252
v 60 9.4305315 40.12253189
v 60 9.49003696 39.79938126
v 60 12.01461887 43.20664978
v 60 9.29058552 40.49095535
v 60 9.18448734 40.67819214
v 60 11.72770214 43.3795929
v 60 9.04654598 40.86814499
v 60 11.47367287 43.5980072
v 60 8.87183475 41.05535507
v 60 8.6557045 41.23228455
v 60 11.25965691 43.8557663
v 60 14.04396915 46.64052963
v 60 14.2228756 46.5
v 60 15 46.5
v 60 5.82063103 38.51385117
v 60 6 37.5
v 60 6 38.2771225
v 60 13.85035706 46.75977707
v 60 5.67829561 38.77453613
v 60 7.5 41.59999847
v 60 7.7961874 41.57794571
v 60 8.0858469 41.51227188
v 60 8.39437866 41.38887787
v 60 11.09167862 44.14561462
v 60 10.9744482 44.45940399
v 60 10.91438198 44.7605896
v 60 10.90043736 45.04180527
v 60 11.10624504 47.75771713
v 60 11.22265339 46.08926773
v 60 11.42544079 46.3511734
v 60 11.625597 46.54139328
v 60 11.8111248 46.67760086
v 60 12.15108109 46.85448456
v 60 12.51854038 46.96328354
v 60 12.89999962 47
v 60 6.41853619 41.28239059
v 60 6.75641775 41.45663071
v 60 7.12116432 41.56379318
v 60 10.92247677 45.29899979
v 60 10.97163868 45.53048706
v 60 11.04044437 45.73624039
v 60 5.5113616 39.38712311
v 60 5.50109911 39.66624832
v 60 5.52594709 39.92111206
v 60 5.57717085 40.15020752
v 60 5.64742231 40.35362625
v 60 5.83117342 40.70227432
v 60 6.03417921 40.9606514
v 60 6.2338376 41.14817047
v 60 15 52.5
v 60 13.21980572 46.97426224
v 60 13.42894363 46.92878342
v 60 13.64446354 46.85627747
v 60 0 37.5
v 60 5.56676531 39.08755112
v 60 3.89375544 42.24228287
v 60 10.25771618 48.60624313
v 60 3.37440276 43.45860672
v 60 3.57455945 43.6488266
v 60 8.76593971 48.85164642
v 60 8.96564198 49.03915787
v 60 9.16869736 49.29753113
v 60 3.77734709 43.91073227
v 60 3.1888752 43.32239914
v 60 8.58120441 48.71744537
v 60 8.15147209 46.5
v 60 9.35250282 49.64618683
v 60 2.84891844 43.14551544
v 60 8.24326515 48.54323959
v 60 3.95955586 44.26375961
v 60 9.42278004 49.84962082
v 60 4.02836084 44.46951294
v 60 2.48145938 43.03671646
v 60 7.87847185 48.43613815
v 60 9.47402763 50.07873535
v 60 4.07752275 44.70100021
v 60 9.4988966 50.33361816
v 60 4.09956312 44.95819473
v 60 2.0999999 43
v 60 7.5 48.40000153
v 60 6.84852791 46.5
v 60 9.48865032 50.61276627
v 60 4.0856185 45.2394104
v 60 7.20378113 48.42205811
v 60 1.78019404 43.02573776
v 60 9.43325615 50.91236877
v 60 1.57105637 43.07121658
v 60 4.0255518 45.54059601
v 60 6.91410017 48.48774338
v 60 1.3555367 43.14372253
v 60 9.32172585 51.22541428
v 60 3.90832162 45.85438538
v 60 6.60554886 48.61116028
v 60 1.14964294 43.24022293
v 60 3.74034333 46.1442337
v 60 6.34420252 48.76778412
v 60 9 52.5
v 60 9 51.7228775
v 60 9.17938328 51.48612595
v 60 0 43.5
v 60 0.95603055 43.35947037
v 60 0.77712435 43.5
v 60 3.89375544 47.75771713
v 60 2.9853816 46.79335022
v 60 3.27229786 46.6204071
v 60 3.52632713 46.4019928
v 60 4.74228334 48.60624313
v 60 6.12806273 48.94473648
v 60 5.95335388 49.13197708
v 60 5.81541681 49.32195663
v 60 5.70932484 49.50922775
v 60 2.6736064 46.91597748
v 60 5.5694046 49.87769699
v 60 2.44729424 46.96961594
v 60 5.50993729 50.20088196
v 60 2.0999999 47
v 60 5.50139666 50.47468948
v 60 6 52.5
v 60 5.77676821 51.41511917
v 60 6 51.7228775
v 60 0 46.5
v 60 0.77712435 46.5
v 60 1.03400159 46.69223022
v 60 1.22093701 46.79645157
v 60 0 52.5
v 60 5.52293491 50.70201111
v 60 5.61580658 51.07068253
v 60 1.43053532 46.88462448
v 60 1.6487838 46.94843674
v 60 1.87286985 46.98706055
v 60.09999847 8.15147209 46.5
v 60.09999847 6.84852791 46.5
v 60.09999847 4.74228334 48.60624313
v 60.09999847 3.89375544 47.75771713
v 60.09999847 11.10624504 47.75771713
v 60.09999847 10.25771618 48.60624313
v 30 9 51.7228775
v 30 9 52.5
v 30 7.5 48.40000153
v 30 7.69910717 48.409935
v 30 7.89623594 48.43964386
v 30 8.08942795 48.48883057
v 30 8.27676392 48.55700302
v 30 8.4563818 48.64348984
v 30 8.62649727 48.74742508
v 30 8.78542137 48.86778259
v 30 8.93157291 49.00336075
v 30 9.06350136 49.15281677
v 30 9.1798954 49.31466675
v 30 9.27959919 49.48729706
v 30 9.36162186 49.6689949
v 30 9.42514706 49.85795975
v 30 9.46954536 50.05230713
v 30 9.49437523 50.25011063
v 30 9.49938965 50.44940186
v 30 9.48453903 50.64820099
v 30 9.4499712 50.84453583
v 30 9.39602852 51.03645706
v 30 9.32324791 51.22204971
v 30 9.23235226 51.3994751
v 30 9.12424564 51.56697464
v 30 6 51.7228775
v 30 5.87575483 51.56697464
v 30 5.76764727 51.3994751
v 30 5.67675161 51.22204971
v 30 5.60397148 51.03645706
v 30 5.55002928 50.84453583
v 30 5.51546097 50.64820099
v 30 5.50061035 50.44940186
v 30 5.50562477 50.25011063
v 30 5.53045464 50.05230713
v 30 5.57485294 49.85795975
v 30 5.63837862 49.6689949
v 30 5.72040081 49.48729706
v 30 5.82010412 49.31466675
v 30 5.93649864 49.15281677
v 30 6.06842709 49.00336075
v 30 6.21457911 48.86778259
v 30 6.37350225 48.74742508
v 30 6.5436182 48.64348984
v 30 6.72323656 48.55700302
v 30 6.91057205 48.48883057
v 30 7.10376406 48.43964386
v 30 7.30089283 48.409935
v 30 6 52.5
v 30 0 47
v 34.40000153 0 47
v 34.40000153 0 46.5
v 34.40000153 0.77712435 46.5
v 34.40000153 2.0999999 47
v 34.40000153 1.9195621 46.99184418
v 34.40000153 1.74059594 46.96744156
v 34.40000153 1.56456101 46.92699432
v 34.40000153 1.3928932 46.87083054
v 34.40000153 1.22699261 46.79940414
v 34.40000153 1.06821239 46.71330643
v 34.40000153 0.91784751 46.61323166
v 34.40000153 2.0999999 43
v 34.40000153 2.29603434 43.00963211
v 34.40000153 2.49018073 43.03842926
v 34.40000153 2.68056941 43.08612061
v 34.40000153 2.86536694 43.15224075
v 34.40000153 3.04279351 43.23615646
v 34.40000153 3.21114039 43.33705902
v 34.40000153 3.36878657 43.45397949
v 34.40000153 3.51421356 43.58578491
v 34.40000153 3.64602089 43.73121262
v 34.40000153 3.76293921 43.8888588
v 34.40000153 3.86384249 44.0572052
v 34.40000153 3.94775915 44.2346344
v 34.40000153 4.01388073 44.41942978
v 34.40000153 4.06157064 44.6098175
v 34.40000153 4.09036922 44.80396652
v 34.40000153 4.0999999 45
v 34.40000153 4.09036922 45.19603348
v 34.40000153 4.06157064 45.3901825
v 34.40000153 4.01388073 45.58057022
v 34.40000153 3.94775915 45.7653656
v 34.40000153 3.86384249 45.9427948
v 34.40000153 3.76293921 46.1111412
v 34.40000153 3.64602089 46.26878738
v 34.40000153 3.51421356 46.41421509
v 34.40000153 3.36878657 46.54602051
v 34.40000153 3.21114039 46.66294098
v 34.40000153 3.04279351 46.76384354
v 34.40000153 2.86536694 46.84775925
v 34.40000153 2.68056941 46.91387939
v 34.40000153 2.49018073 46.96157074
v 34.40000153 2.29603434 46.99036789
v 34.40000153 0.95597148 43.35951614
v 34.40000153 0.77712435 43.5
v 34.40000153 1.14959896 43.24024963
v 34.40000153 1.35548508 43.14374161
v 34.40000153 1.5709902 43.07123184
v 34.40000153 1.78013837 43.02574921
v 34.40000153 0 43.5
v 34.40000153 0 43
v 30 0 43
v 30 6 37.5
v 30 6 38.2771225
v 30 7.5 41.59999847
v 30 7.30089283 41.590065
v 30 7.10376406 41.56035614
v 30 6.91057205 41.51116943
v 30 6.72323656 41.44299698
v 30 6.5436182 41.35651016
v 30 6.37350225 41.25257492
v 30 6.21457911 41.13221741
v 30 6.06842709 40.99663925
v 30 5.93649864 40.84718323
v 30 5.82010412 40.68533325
v 30 5.72040081 40.51270294
v 30 5.63837862 40.3310051
v 30 5.57485294 40.14204025
v 30 5.53045464 39.94769287
v 30 5.50562477 39.74988937
v 30 5.50061035 39.55059814
v 30 5.51546097 39.35179901
v 30 5.55002928 39.15546417
v 30 5.60397148 38.96354294
v 30 5.67675161 38.77795029
v 30 5.76764727 38.6005249
v 30 5.87575483 38.43302536
v 30 9 38.2771225
v 30 9.12424564 38.43302536
v 30 9.23235226 38.6005249
v 30 9.32324791 38.77795029
v 30 9.39602852 38.96354294
v 30 9.4499712 39.15546417
v 30 9.48453903 39.35179901
v 30 9.49938965 39.55059814
v 30 9.49437523 39.74988937
v 30 9.46954536 39.94769287
v 30 9.42514706 40.14204025
v 30 9.36162186 40.3310051
v 30 9.27959919 40.51270294
v 30 9.1798954 40.68533325
v 30 9.06350136 40.84718323
v 30 8.93157291 40.99663925
v 30 8.78542137 41.13221741
v 30 8.62649727 41.25257492
v 30 8.4563818 41.35651016
v 30 8.27676392 41.44299698
v 30 8.08942795 41.51116943
v 30 7.89623594 41.56035614
v 30 7.69910717 41.590065
v 30 9 37.5
v 30 15 37.5
v 34.40000153 15 43
v 34.40000153 15 43.5
v 30 15 43
v 34.40000153 14.2228756 43.5
v 34.40000153 12.89999962 43
v 34.40000153 13.08043766 43.00815582
v 34.40000153 13.25940418 43.03255844
v 34.40000153 13.43543911 43.07300568
v 34.40000153 13.60710716 43.12916946
v 34.40000153 13.77300739 43.20059586
v 34.40000153 13.93178749 43.28669357
v 34.40000153 14.08215237 43.38676834
v 34.40000153 12.51867199 46.96326828
v 34.40000153 12.89999962 47
v 34.40000153 12.15144157 46.85437393
v 34.40000153 11.81172848 46.6774025
v 34.40000153 11.62630081 46.54119492
v 34.40000153 11.4261837 46.35106277
v 34.40000153 11.22331142 46.08937073
v 34.40000153 11.04086113 45.73666763
v 34.40000153 10.97190952 45.53108597
v 34.40000153 10.92261028 45.29973602
v 34.40000153 10.90045452 45.04263687
v 34.40000153 10.91428375 44.76149368
v 34.40000153 10.97427082 44.46043015
v 34.40000153 11.09146404 44.14681244
v 34.40000153 11.25964642 43.85671234
v 34.40000153 11.47398281 43.59859085
v 34.40000153 11.72824955 43.379879
v 34.40000153 12.01510525 43.20679474
v 34.40000153 12.32648468 43.08412552
v 34.40000153 12.55272865 43.03041458
v 34.40000153 14.2228756 46.5
v 34.40000153 14.08215237 46.61323166
v 34.40000153 13.93178749 46.71330643
v 34.40000153 13.77300739 46.79940414
v 34.40000153 13.60710716 46.87083054
v 34.40000153 13.43543911 46.92699432
v 34.40000153 13.25940418 46.96744156
v 34.40000153 13.08043766 46.99184418
v 34.40000153 15 46.5
v 34.40000153 15 47
v 30 15 52.5
v 30 15 47
v 30 10.60000038 47
v 30 10.60000038 46.5
v 30 4.4000001 47
v 30 4.4000001 46.5
v 32.09999847 4.4000001 47
v 34.40000153 4.4000001 47
v 34.40000153 4.4000001 43
v 30 4.4000001 43
v 32.09999847 4.4000001 43
v 30 10.60000038 43
v 30 10.60000038 43.5
v 30 4.4000001 43.5
v 32.09999847 10.60000038 43
v 34.40000153 10.60000038 43
v 34.40000153 10.60000038 47
v 32.09999847 10.60000038 47
v 30.7771244 4.4000001 46.5
v 31.35553741 4.4000001 46.85627747
v 31.14964294 4.4000001 46.75977707
v 30.95602989 4.4000001 46.64052963
v 31.78019333 4.4000001 46.97426224
v 31.57105637 4.4000001 46.92878342
v 30.7771244 10.60000038 46.5
v 31.0340023 10.60000038 46.69223022
v 31.22093773 10.60000038 46.79645157
v 31.87286949 10.60000038 46.98706055
v 31.64878464 10.60000038 46.94843674
v 31.43053436 10.60000038 46.88462448
v 33.65644836 4.4000001 43.74403
v 33.47209167 4.4000001 43.54488373
v 33.21784973 4.4000001 43.34156418
v 33.78831863 4.4000001 43.92781448
v 32.87431717 4.4000001 43.15597534
v 33.95939636 4.4000001 44.26335907
v 32.67360687 4.4000001 43.08402252
v 34.06453323 4.4000001 44.62503052
v 32.44729614 4.4000001 43.03038406
v 34.09999847 4.4000001 45
v 34.06961441 4.4000001 45.34729385
v 34.01597595 4.4000001 45.5736084
v 33.94402695 4.4000001 45.7743187
v 33.75843811 4.4000001 46.11784744
v 33.55511475 4.4000001 46.37208939
v 33.35597229 4.4000001 46.55644989
v 33.17218781 4.4000001 46.68831635
v 32.83664322 4.4000001 46.85939789
v 32.47496796 4.4000001 46.96453476
v 30.7771244 4.4000001 43.5
v 31.0340023 4.4000001 43.30776978
v 31.22093773 4.4000001 43.20354843
v 31.43053436 4.4000001 43.11537552
v 31.64878464 4.4000001 43.05156326
v 31.87286949 4.4000001 43.01293945
v 30.7771244 10.60000038 43.5
v 30.95602989 10.60000038 43.35947037
v 31.14964294 10.60000038 43.24022293
v 31.35553741 10.60000038 43.14372253
v 31.57105637 10.60000038 43.07121658
v 31.78019333 10.60000038 43.02573776
v 33.55511475 10.60000038 43.62791061
v 33.35597229 10.60000038 43.44355011
v 33.17218781 10.60000038 43.31168365
v 32.83664322 10.60000038 43.14060211
v 32.47496796 10.60000038 43.03546524
v 33.75843811 10.60000038 43.88215256
v 33.94402695 10.60000038 44.2256813
v 34.01597595 10.60000038 44.4263916
v 34.06961441 10.60000038 44.65270615
v 34.09999847 10.60000038 45
v 32.67360687 10.60000038 46.91597748
v 32.87431717 10.60000038 46.84402466
v 33.21784973 10.60000038 46.65843582
v 33.47209167 10.60000038 46.45511627
v 33.65644836 10.60000038 46.25597
v 33.78831863 10.60000038 46.07218552
v 33.95939636 10.60000038 45.73664093
v 34.06453323 10.60000038 45.37496948
v 32.44729614 10.60000038 46.96961594
v -40.90000153 10.60000038 45
v -40.90962982 10.60000038 44.80396652
v -40.90000153 4.4000001 45
v -40.90962982 4.4000001 44.80396652
v -40.93843079 10.60000038 44.6098175
v -40.93843079 4.4000001 44.6098175
v -40.98611832 10.60000038 44.41942978
v -40.98611832 4.4000001 44.41942978
v -41.05224228 10.60000038 44.2346344
v -41.05224228 4.4000001 44.2346344
v -41.13615799 4.4000001 44.0572052
v -41.13615799 10.60000038 44.0572052
v -41.23706055 10.60000038 43.8888588
v -41.23706055 4.4000001 43.8888588
v -41.3539772 10.60000038 43.73121262
v -41.3539772 4.4000001 43.73121262
v -41.48578644 4.4000001 43.58578491
v -41.48578644 10.60000038 43.58578491
v -41.63121414 10.60000038 43.45397949
v -41.63121414 4.4000001 43.45397949
v -41.78886032 4.4000001 43.33705902
v -41.78886032 10.60000038 43.33705902
v -41.95720673 10.60000038 43.23615646
v -41.95720673 4.4000001 43.23615646
v -42.13463211 10.60000038 43.15224075
v -42.13463211 4.4000001 43.15224075
v -42.3194313 10.60000038 43.08612061
v -42.3194313 4.4000001 43.08612061
v -42.50981903 10.60000038 43.03842926
v -42.50981903 4.4000001 43.03842926
v -42.70396423 4.4000001 43.00963211
v -42.70396423 10.60000038 43.00963211
v -42.90000153 10.60000038 43
v -42.90000153 4.4000001 43
v -43.08043671 10.60000038 43.00815582
v -43.08043671 4.4000001 43.00815582
v -43.25940323 4.4000001 43.03255844
v -43.25940323 10.60000038 43.03255844
v -43.43544006 10.60000038 43.07300568
v -43.43544006 4.4000001 43.07300568
v -43.60710526 10.60000038 43.12916946
v -43.60710526 4.4000001 43.12916946
v -43.77300644 10.60000038 43.20059586
v -43.77300644 4.4000001 43.20059586
v -43.9317894 4.4000001 43.28669357
v -43.9317894 10.60000038 43.28669357
v -44.08215332 4.4000001 43.38676834
v -44.08215332 10.60000038 43.38676834
v -44.2228775 4.4000001 43.5
v -44.2228775 10.60000038 43.5
v -41.48578644 4.4000001 46.41421509
v -41.3539772 4.4000001 46.26878738
v -40.59999847 4.4000001 47
v -41.63121414 4.4000001 46.54602051
v -41.23706055 4.4000001 46.1111412
v -41.78886032 4.4000001 46.66294098
v -41.13615799 4.4000001 45.9427948
v -41.95720673 4.4000001 46.76384354
v -41.05224228 4.4000001 45.7653656
v -42.13463211 4.4000001 46.84775925
v -40.98611832 4.4000001 45.58057022
v -42.3194313 4.4000001 46.91387939
v -42.50981903 4.4000001 46.96157074
v -40.93843079 4.4000001 45.3901825
v -40.90962982 4.4000001 45.19603348
v -40.59999847 4.4000001 43
v -42.90000153 4.4000001 47
v -42.70396423 4.4000001 46.99036789
v -44.2228775 10.60000038 46.5
v -44.08215332 10.60000038 46.61323166
v -44.2228775 4.4000001 46.5
v -44.08215332 4.4000001 46.61323166
v -43.9317894 10.60000038 46.71330643
v -43.9317894 4.4000001 46.71330643
v -43.77300644 10.60000038 46.79940414
v -43.77300644 4.4000001 46.79940414
v -43.60710526 10.60000038 46.87083054
v -43.60710526 4.4000001 46.87083054
v -43.43544006 10.60000038 46.92699432
v -43.43544006 4.4000001 46.92699432
v -43.25940323 10.60000038 46.96744156
v -43.25940323 4.4000001 46.96744156
v -43.08043671 4.4000001 46.99184418
v -43.08043671 10.60000038 46.99184418
v -42.90000153 10.60000038 47
v -42.70396423 10.60000038 46.99036789
v -42.50981903 10.60000038 46.96157074
v -42.3194313 10.60000038 46.91387939
v -42.13463211 10.60000038 46.84775925
v -41.95720673 10.60000038 46.76384354
v -41.78886032 10.60000038 46.66294098
v -41.63121414 10.60000038 46.54602051
v -41.48578644 10.60000038 46.41421509
v -41.3539772 10.60000038 46.26878738
v -41.23706055 10.60000038 46.1111412
v -41.13615799 10.60000038 45.9427948
v -41.05224228 10.60000038 45.7653656
v -40.98611832 10.60000038 45.58057022
v -40.93843079 10.60000038 45.3901825
v -40.90962982 10.60000038 45.19603348
v -40.59999847 10.60000038 47
v -40.59999847 10.60000038 43
v -45 10.60000038 43
v -45 10.60000038 43.5
v -45 4.4000001 43.5
v -45 4.4000001 43
v -40.59999847 2.0999999 47
v -40.59999847 0 47
v -45 0 47
v -45 4.4000001 47
v -45 0 43
v -40.59999847 2.0999999 43
v -40.59999847 0 43
v -40.59999847 3.35597157 46.55644989
v -40.59999847 3.55511594 46.37208939
v -40.59999847 3.75843716 46.11784744
v -40.59999847 3.17218709 46.68831635
v -40.59999847 3.94402552 45.7743187
v -40.59999847 2.83664274 46.85939789
v -40.59999847 4.01597738 45.5736084
v -40.59999847 2.47496796 46.96453476
v -40.59999847 4.06961441 45.34729385
v -40.59999847 4.0999999 45
v -40.59999847 3.6564486 43.74403
v -40.59999847 3.7883172 43.92781448
v -40.59999847 3.95939612 44.26335907
v -40.59999847 4.06453419 44.62503052
v -40.59999847 3.47208977 43.54488373
v -40.59999847 3.2178483 43.34156418
v -40.59999847 2.87431765 43.15597534
v -40.59999847 2.67360663 43.08402252
v -40.59999847 2.44729424 43.03038406
v -45 4.4000001 46.5
v -45 10.60000038 46.5
v -45 10.60000038 47
v -45 15 43
v -40.59999847 12.89999962 43
v -40.59999847 15 43
v -40.59999847 12.89999962 47
v -45 15 47
v -40.59999847 15 47
v -40.59999847 12.55270576 46.96961594
v -40.59999847 12.32639313 46.91597748
v -40.59999847 12.12568283 46.84402466
v -40.59999847 11.78215122 46.65843582
v -40.59999847 11.52791023 46.45511627
v -40.59999847 11.34355164 46.25597
v -40.59999847 11.21168232 46.07218552
v -40.59999847 11.04060364 45.73664093
v -40.59999847 10.93546581 45.37496948
v -40.59999847 10.93038559 44.65270615
v -40.59999847 10.98402214 44.4263916
v -40.59999847 11.05597496 44.2256813
v -40.59999847 11.24156284 43.88215256
v -40.59999847 11.44488335 43.62791061
v -40.59999847 11.64402866 43.44355011
v -40.59999847 11.82781315 43.31168365
v -40.59999847 12.16335678 43.14060211
v -40.59999847 12.52503204 43.03546524
v -40.59999847 10.89999962 45
v -45 9 37.5
v -45 9.22323227 38.58488083
v -45 15 37.5
v -45 9 38.2771225
v -45 9.38419342 38.92931747
v -45 9.47706509 39.29798889
v -45 9.49860382 39.52531052
v -45 9.49006271 39.79911804
v -45 8.87193775 41.05526352
v -45 9.04664612 40.86802292
v -45 9.18458271 40.67804337
v -45 9.29067516 40.49077225
v -45 9.4305954 40.12230301
v -45 8.65579796 41.23221588
v -45 6 37.5
v -45 5.82061672 38.51387405
v -45 6 38.2771225
v -45 8.39445114 41.38883972
v -45 5.67827415 38.77458572
v -45 8.08589935 41.51225662
v -45 7.79621887 41.57794189
v -45 7.5 41.59999847
v -45 0 37.5
v -45 5.56674385 39.08763123
v -45 5.51134968 39.38723373
v -45 5.5011034 39.66638184
v -45 5.52597237 39.92126465
v -45 5.57722044 40.15037918
v -45 5.6474967 40.35381317
v -45 5.83130217 40.70246887
v -45 6.03435802 40.96084213
v -45 6.23406029 41.14835358
v -45 6.41879511 41.28255463
v -45 6.75673485 41.45676041
v -45 7.12152815 41.56386185
v -45 8.76616192 48.85182953
v -45 8.96582031 49.0393486
v -45 9.1688261 49.29772568
v -45 8.58146381 48.71760941
v -45 9.35257816 49.64637375
v -45 8.24358273 48.54336929
v -45 9.42282867 49.84979248
v -45 7.87883568 48.43620682
v -45 9.47405243 50.07888794
v -45 15 52.5
v -45 9.49890137 50.33375168
v -45 7.5 48.40000153
v -45 9.48863888 50.61287689
v -45 9.43323517 50.91244888
v -45 9.32170391 51.22546387
v -45 7.2038126 48.42205429
v -45 6.91415262 48.48772812
v -45 6.60562086 48.61112213
v -45 6.34429598 48.76771545
v -45 6.12816525 48.94464493
v -45 5.95345402 49.13185501
v -45 9 51.7228775
v -45 9 52.5
v -45 9.17936897 51.48614883
v -45 5.81551218 49.32180786
v -45 5.70941401 49.50904465
v -45 5.56946802 49.87746811
v -45 5.50996304 50.20061874
v -45 5.77657938 51.41479874
v -45 6 52.5
v -45 6 51.7228775
v -45 0 52.5
v -45 5.50138426 50.47439575
v -45 5.52288723 50.7016983
v -45 5.61569262 51.07035828
v -40.59999847 1.57105637 46.92878342
v -40.59999847 1.3555367 46.85627747
v -40.59999847 1.14964294 46.75977707
v -40.59999847 0.95603055 46.64052963
v -40.59999847 0.77712435 46.5
v -40.59999847 0 46.5
v -40.59999847 1.78019404 46.97426224
v -30 0 46.5
v -30 0 52.5
v -30 0 37.5
v -30 0 43.5
v -40.59999847 0 43.5
v -40.59999847 0.77712435 43.5
v -40.59999847 1.03400159 43.30776978
v -40.59999847 1.22093701 43.20354843
v -40.59999847 1.43053532 43.11537552
v -40.59999847 1.87286985 43.01293945
v -40.59999847 1.6487838 43.05156326
v -30 0.77712435 43.5
v -30 1.01394701 43.32039261
v -30 1.27476943 43.17774963
v -30 1.58787298 43.06613541
v -30 1.88742757 43.01093674
v -30 2.16646004 43.00100708
v -30 2.42121267 43.02617264
v -30 2.65022349 43.07762527
v -30 2.85359836 43.14799118
v -30 3.20227623 43.33166504
v -30 3.46078634 43.5343895
v -30 3.64845896 43.73377991
v -30 3.78278422 43.91830444
v -30 3.95706534 44.25615692
v -30 4.0640316 44.62123871
v -30 4.0999999 45
v -30 4.07806158 45.29641724
v -30 4.01252699 45.58638382
v -30 3.88913989 45.8950386
v -30 3.73240185 46.15621185
v -30 3.55528665 46.37205505
v -30 3.36790752 46.54647446
v -30 3.17784166 46.68420029
v -30 2.99054909 46.79018784
v -30 2.62216473 46.9302063
v -30 2.29913139 46.98999786
v -30 2.02545643 46.99887085
v -30 1.79821324 46.97756195
v -30 1.42954803 46.88480377
v -30 1.08498526 46.72354889
v -30 0.77712435 46.5
v -40.59999847 14.2228756 43.5
v -40.59999847 15 43.5
v -40.59999847 14.04396915 43.35947037
v -40.59999847 13.85035706 43.24022293
v -40.59999847 13.64446354 43.14372253
v -40.59999847 13.21980572 43.02573776
v -40.59999847 13.42894363 43.07121658
v -30 15 43.5
v -30 15 37.5
v -30 15 52.5
v -30 15 46.5
v -40.59999847 15 46.5
v -40.59999847 14.2228756 46.5
v -40.59999847 13.96599865 46.69223022
v -40.59999847 13.77906322 46.79645157
v -40.59999847 13.56946468 46.88462448
v -40.59999847 13.12713051 46.98706055
v -40.59999847 13.35121632 46.94843674
v -30 14.2228756 46.5
v -30 14.06697369 46.62424469
v -30 13.89947701 46.73235321
v -30 13.72204971 46.82324982
v -30 13.53645515 46.89603043
v -30 13.34453678 46.94997025
v -30 13.14820194 46.98453903
v -30 12.94940186 46.99938965
v -30 12.75010967 46.99437714
v -30 12.55230713 46.96954727
v -30 12.35795879 46.92514801
v -30 12.16899681 46.86162186
v -30 11.98729706 46.77959824
v -30 11.81466579 46.67989731
v -30 11.65281773 46.56350327
v -30 11.5033617 46.43157196
v -30 11.36778164 46.28541946
v -30 11.24742508 46.12649918
v -30 11.14348793 45.95638275
v -30 11.05700302 45.77676392
v -30 10.98882866 45.58942795
v -30 10.93964386 45.39623642
v -30 10.90993595 45.19910812
v -30 10.89999962 45
v -30 10.90993595 44.80089188
v -30 10.93964386 44.60376358
v -30 10.98882866 44.41057205
v -30 11.05700302 44.22323608
v -30 11.14348793 44.04361725
v -30 11.24742508 43.87350082
v -30 11.36778164 43.71458054
v -30 11.5033617 43.56842804
v -30 11.65281773 43.43649673
v -30 11.81466579 43.32010269
v -30 11.98729706 43.22040176
v -30 12.16899681 43.13837814
v -30 12.35795879 43.07485199
v -30 12.55230713 43.03045273
v -30 12.75010967 43.00562286
v -30 12.94940186 43.00061035
v -30 13.14820194 43.01546097
v -30 13.34453678 43.05002975
v -30 13.53645515 43.10396957
v -30 13.72204971 43.17675018
v -30 13.89947701 43.26764679
v -30 14.06697369 43.37575531
v -30 14.2228756 43.5
v -30 9 38.2771225
v -30 9 37.5
v -30 7.5 41.59999847
v -30 7.69910717 41.590065
v -30 7.89623594 41.56035614
v -30 8.08942795 41.51116943
v -30 8.27676392 41.44299698
v -30 8.4563818 41.35651016
v -30 8.62649727 41.25257492
v -30 8.78542137 41.13221741
v -30 8.93157291 40.99663925
v -30 9.06350136 40.84718323
v -30 9.1798954 40.68533325
v -30 9.27959919 40.51270294
v -30 9.36162186 40.3310051
v -30 9.42514706 40.14204025
v -30 9.46954536 39.94769287
v -30 9.49437523 39.74988937
v -30 9.49938965 39.55059814
v -30 9.48453903 39.35179901
v -30 9.4499712 39.15546417
v -30 9.39602852 38.96354294
v -30 9.32324791 38.77795029
v -30 9.23235226 38.6005249
v -30 9.12424564 38.43302536
v -30 6 38.2771225
v -30 5.87575483 38.43302536
v -30 5.76764727 38.6005249
v -30 5.67675161 38.77795029
v -30 5.60397148 38.96354294
v -30 5.55002928 39.15546417
v -30 5.51546097 39.35179901
v -30 5.50061035 39.55059814
v -30 5.50562477 39.74988937
v -30 5.53045464 39.94769287
v -30 5.57485294 40.14204025
v -30 5.63837862 40.3310051
v -30 5.72040081 40.51270294
v -30 5.82010412 40.68533325
v -30 5.93649864 40.84718323
v -30 6.06842709 40.99663925
v -30 6.21457911 41.13221741
v -30 6.37350225 41.25257492
v -30 6.5436182 41.35651016
v -30 6.72323656 41.44299698
v -30 6.91057205 41.51116943
v -30 7.10376406 41.56035614
v -30 7.30089283 41.590065
v -30 6 37.5
v -30 6 51.7228775
v -30 6 52.5
v -30 7.5 48.40000153
v -30 7.30089283 48.409935
v -30 7.10376406 48.43964386
v -30 6.91057205 48.48883057
v -30 6.72323656 48.55700302
v -30 6.5436182 48.64348984
v -30 6.37350225 48.74742508
v -30 6.21457911 48.86778259
v -30 6.06842709 49.00336075
v -30 5.93649864 49.15281677
v -30 5.82010412 49.31466675
v -30 5.72040081 49.48729706
v -30 5.63837862 49.6689949
v -30 5.57485294 49.85795975
v -30 5.53045464 50.05230713
v -30 5.50562477 50.25011063
v -30 5.50061035 50.44940186
v -30 5.51546097 50.64820099
v -30 5.55002928 50.84453583
v -30 5.60397148 51.03645706
v -30 5.67675161 51.22204971
v -30 5.76764727 51.3994751
v -30 5.87575483 51.56697464
v -30 9 51.7228775
v -30 9.12424564 51.56697464
v -30 9.23235226 51.3994751
v -30 9.32324791 51.22204971
v -30 9.39602852 51.03645706
v -30 9.4499712 50.84453583
v -30 9.48453903 50.64820099
v -30 9.49938965 50.44940186
v -30 9.49437523 50.25011063
v -30 9.46954536 50.05230713
v -30 9.42514706 49.85795975
v -30 9.36162186 49.6689949
v -30 9.27959919 49.48729706
v -30 9.1798954 49.31466675
v -30 9.06350136 49.15281677
v -30 8.93157291 49.00336075
v -30 8.78542137 48.86778259
v -30 8.62649727 48.74742508
v -30 8.4563818 48.64348984
v -30 8.27676392 48.55700302
v -30 8.08942795 48.48883057
v -30 7.89623594 48.43964386
v -30 7.69910717 48.409935
v -30 9 52.5
v -30 11.10624504 42.24228287
v -30 10.25771618 41.39375687
v -30 8.15147209 43.5
v -30 9 44.34852982
v -30 6.84852791 43.5
v -30 11.10624504 47.75771713
v -30 9 45.65147018
v -30 4.74228334 41.39375687
v -30 10.25771618 48.60624313
v -30 3.89375544 42.24228287
v -30 8.15147209 46.5
v -30 6 44.34852982
v -30 6.84852791 46.5
v -30 6 45.65147018
v -30 3.89375544 47.75771713
v -30 4.74228334 48.60624313
v -29.89999962 3.89375544 47.75771713
v -29.89999962 4.74228334 48.60624313
v -29.89999962 6.84852791 46.5
v -29.89999962 8.15147209 46.5
v -29.2228756 9 46.5
v -29.89999962 9 46.5
v -29.2228756 6 46.5
v -29.89999962 6 46.5
v -29.89999962 10.25771618 48.60624313
v -29.89999962 11.10624504 47.75771713
v -29.89999962 9 45.65147018
v -29.89999962 9 44.34852982
v -29.2228756 9 43.5
v -29.89999962 9 43.5
v -29.89999962 11.10624504 42.24228287
v -29.89999962 10.25771618 41.39375687
v -29.89999962 8.15147209 43.5
v -29.89999962 6.84852791 43.5
v -29.2228756 6 43.5
v -29.89999962 6 43.5
v -29.89999962 4.74228334 41.39375687
v -29.89999962 3.89375544 42.24228287
v -29.89999962 6 44.34852982
v -29.89999962 6 45.65147018
v -27.92807007 6.26515627 46.99962616
v -27.60000038 6.23015738 46.97737122
v -27.60000038 8.76984215 46.97737122
v -27.94221115 8.73459816 46.99998474
v -28.16721153 8.76263905 46.98226166
v -28.25188446 6.21709156 46.96888733
v -28.47598076 8.86155987 46.91523743
v -28.5518856 6.10464668 46.89081573
v -28.75905609 9.00352859 46.80607605
v -28.74621582 6.00334167 46.81202698
v -29.01299095 5.83829927 46.6617012
v -29.01299095 9.1617012 46.6617012
v -29.01299095 9.1617012 43.3382988
v -28.75905609 9.30607414 43.49647141
v -28.74621582 9.31202507 46.49665833
v -28.5518856 9.39081573 46.39535522
v -28.47598076 9.41523743 43.63843918
v -28.25188446 9.46888828 46.28290939
v -28.16721153 9.48226166 43.73736191
v -27.92807007 9.49962521 46.23484421
v -27.94221115 9.49998569 43.76540375
v -27.60000038 9.47737217 43.73015594
v -27.60000038 9.47737217 46.26984406
v -29.01299095 5.83829927 43.3382988
v -28.75905609 5.99647141 43.19392395
v -28.75905609 9.00352859 43.19392395
v -28.47598076 6.13843966 43.08476257
v -28.47598076 8.86155987 43.08476257
v -28.16721153 6.23736095 43.01773834
v -28.16721153 8.76263905 43.01773834
v -27.94221115 6.26540184 43.00001526
v -27.94221115 8.73459816 43.00001526
v -27.60000038 6.23015738 43.02262878
v -27.60000038 8.76984215 43.02262878
v -27.92807007 5.50037479 43.76515579
v -27.60000038 5.52262783 43.73015594
v -27.60000038 5.52262783 46.26984406
v -27.94221115 5.50001431 46.23459625
v -28.16721153 5.51773882 46.26263809
v -28.25188446 5.53111172 43.71709061
v -28.47598076 5.5847621 46.36156082
v -28.5518856 5.60918379 43.60464478
v -28.75905609 5.69392586 46.50352859
v -28.74621582 5.68797445 43.50334167
v -27.60000038 5.83829927 46.6617012
v -27.60000038 5.57970476 43.64538956
v -27.60000038 8.85460949 46.92029572
v -27.60000038 5.66994476 46.47424316
v -27.60000038 6.02575588 46.83005524
v -27.60000038 9.45875645 46.29837418
v -27.89999962 9.42029476 46.35461044
v -27.60000038 9.43972969 46.32662964
v -27.60000038 9.42029476 46.35461044
v -28.182621 9.34978771 46.44940948
v -28.30010986 9.16081047 46.66259003
v -28.18194771 8.94891071 46.85017776
v -27.89999962 8.85460949 46.92029572
v -27.60000038 9.36125946 43.56535339
v -27.60000038 8.93464756 43.13874054
v -27.60000038 9.08889484 43.26855087
v -27.60000038 9.23144817 43.41110611
v -27.60000038 6.14539051 43.07970428
v -27.89999962 5.57970476 43.64538956
v -28.182621 5.65021229 43.55059052
v -28.30010986 5.83919001 43.33740997
v -28.18194771 6.05108976 43.14982224
v -27.89999962 6.14539051 43.07970428
v 84.16169739 5.83829927 38.48700714
v 84 6 38.2771225
v 84 9 38.2771225
v 84.16169739 9.1617012 38.48700714
v 84.2967453 5.98549938 38.72174835
v 84.31010437 8.99862385 38.74848557
v 84.40070343 6.11827993 38.97757721
v 84.4125824 8.86544037 39.01525116
v 84.47624969 6.22818041 39.29243469
v 84.47680664 8.7709713 39.2986412
v 84.5 6.26610374 39.59999847
v 84.5 8.73389626 39.59999847
v 84.47737122 8.76984215 39.90000153
v 84.36125946 8.93464756 39.90000153
v 84.23144531 9.08889484 39.90000153
v 84.08889771 9.23144817 39.90000153
v 84.0146637 9.29680538 38.72146225
v 83.93464661 9.36125946 39.90000153
v 83.88188171 9.4007206 38.97720337
v 83.76984406 9.47737217 39.90000153
v 83.77189636 9.47609329 39.29219055
v 83.73389435 9.5 39.59999847
v 84.47737122 6.23015738 39.90000153
v 83.76984406 5.52262783 39.90000153
v 83.73404694 5.50009489 39.59999847
v 83.77040863 5.52293921 39.2984848
v 83.79837036 5.54124355 39.90000153
v 83.85460663 5.57970476 39.59999847
v 83.86499023 5.58712339 39.01600647
v 83.82662964 5.56027031 39.90000153
v 83.85460663 5.57970476 39.90000153
v 83.94908142 5.64995527 39.3178215
v 83.99939728 5.69043875 38.74822998
v 84.16082764 5.83742523 39.19992065
v 84.3493576 6.05003786 39.31671143
v 84.42029572 6.14539051 39.59999847
v 84.43972778 6.17336941 39.90000153
v 84.42029572 6.14539051 39.90000153
v 84.45875549 6.20162678 39.90000153
v 81.26607513 5.50001764 39.59999847
v 81.22761536 5.52417326 39.29021835
v 81.11629486 5.6006465 38.97330093
v 80.98355103 5.70475197 38.71876144
v 80.83830261 5.83829927 38.48700714
v 81 6 38.2771225
v 84 6.84852791 37.59999847
v 84 6 37.59999847
v 84 8.15147209 37.59999847
v 84 6.84852791 37.5
v 84 8.15147209 37.5
v 84 9 37.59999847
v 80.83830261 9.1617012 38.48700714
v 81 9 38.2771225
v 81.00137329 9.31010151 38.74848557
v 81.13455963 9.41258621 39.01525116
v 81.22902679 9.47681046 39.2986412
v 81.26610565 9.5 39.59999847
v 81.23015594 9.47737217 39.90000153
v 81.14539337 9.42029476 39.90000153
v 81.20162964 9.45875645 39.90000153
v 81.17337036 9.43972969 39.90000153
v 81.14539337 9.42029476 39.59999847
v 80.57970428 8.85460949 39.59999847
v 80.65132141 8.95083809 39.31564331
v 80.84101868 9.16453648 39.20002747
v 81.0515213 9.35041714 39.31863022
v 80.57970428 8.85460949 39.90000153
v 80.54124451 8.79837322 39.90000153
v 80.56027222 8.82663059 39.90000153
v 80.52262878 8.76984215 39.90000153
v 80.52262878 6.23015738 39.90000153
v 81.23015594 5.52262783 39.90000153
v 81.06535339 5.63874102 39.90000153
v 80.76855469 5.91110516 39.90000153
v 80.63874054 6.06535196 39.90000153
v 80.91110229 5.76855183 39.90000153
v 80.52294159 6.22959137 39.2984848
v 80.58712006 6.13501215 39.01600647
v 80.50009155 6.2659502 39.59999847
v 80.69043732 6.00060415 38.74822998
v 80.50001526 8.73392487 39.59999847
v 80.52416992 8.77238655 39.29021835
v 80.60064697 8.883708 38.97330093
v 80.70475006 9.01645279 38.71876144
v 81.848526 6 37.59999847
v 81 6 37.59999847
v 83.151474 6 37.59999847
v 81.848526 6 37.5
v 83.151474 6 37.5
v 86.10624695 10.25771618 37.59999847
v 86.10624695 10.25771618 37.5
v 85.25771332 11.10624504 37.59999847
v 83.151474 9 37.59999847
v 81.848526 9 37.59999847
v 83.151474 9 37.5
v 81.848526 9 37.5
v 81 9 37.59999847
v 86.10624695 4.74228334 37.59999847
v 85.25771332 3.89375544 37.59999847
v 86.10624695 4.74228334 37.5
v 84.19223022 13.96599865 37.5
v 84 15 37.5
v 84 14.2228756 37.5
v 88.91480255 9.2234211 37.5
v 89.2228775 9 37.5
v 90 9 37.5
v 90 15 37.5
v 84.29644775 13.77906322 37.5
v 88.57035828 9.38430691 37.5
v 84.38462067 13.56946468 37.5
v 84.44843292 13.35121632 37.5
v 88.2016983 9.47711277 37.5
v 84.48706055 13.12713051 37.5
v 87.97439575 9.49861526 37.5
v 84.5 12.89999962 37.5
v 85.25771332 11.10624504 37.5
v 84.46961212 12.55270576 37.5
v 84.41597748 12.32639313 37.5
v 87.37746429 9.4305315 37.5
v 87.70062256 9.49003696 37.5
v 84.29335022 12.01461887 37.5
v 87.00904846 9.29058552 37.5
v 86.82180786 9.18448734 37.5
v 84.1204071 11.72770214 37.5
v 86.6318512 9.04654598 37.5
v 83.9019928 11.47367287 37.5
v 86.44464111 8.87183475 37.5
v 86.26771545 8.6557045 37.5
v 83.6442337 11.25965691 37.5
v 80.85947418 14.04396915 37.5
v 81 14.2228756 37.5
v 81 15 37.5
v 88.98614502 5.82063103 37.5
v 90 6 37.5
v 89.2228775 6 37.5
v 80.74021912 13.85035706 37.5
v 88.72546387 5.67829561 37.5
v 83.35438538 11.09167862 37.5
v 83.04059601 10.9744482 37.5
v 82.7394104 10.91438198 37.5
v 82.45819092 10.90043736 37.5
v 85.90000153 7.5 37.5
v 85.92205048 7.7961874 37.5
v 85.98773193 8.0858469 37.5
v 86.11112213 8.39437866 37.5
v 86.21761322 6.41853619 37.5
v 86.04336548 6.75641775 37.5
v 85.93621063 7.12116432 37.5
v 79.74228668 11.10624504 37.5
v 81.41072845 11.22265339 37.5
v 81.1488266 11.42544079 37.5
v 80.95860291 11.625597 37.5
v 80.82239532 11.8111248 37.5
v 80.64551544 12.15108109 37.5
v 80.53671265 12.51854038 37.5
v 80.5 12.89999962 37.5
v 88.11287689 5.5113616 37.5
v 87.83375549 5.50109911 37.5
v 87.57888794 5.52594709 37.5
v 87.34979248 5.57717085 37.5
v 87.14636993 5.64742231 37.5
v 86.79772186 5.83117342 37.5
v 86.53935242 6.03417921 37.5
v 86.35182953 6.2338376 37.5
v 82.20100403 10.92247677 37.5
v 81.96951294 10.97163868 37.5
v 81.76376343 11.04044437 37.5
v 75 15 37.5
v 80.52573395 13.21980572 37.5
v 80.57121277 13.42894363 37.5
v 80.64372253 13.64446354 37.5
v 90 0 37.5
v 88.41244507 5.56676531 37.5
v 85.25771332 3.89375544 37.5
v 78.89375305 10.25771618 37.5
v 84.04139709 3.37440276 37.5
v 83.8511734 3.57455945 37.5
v 78.64835358 8.76593971 37.5
v 78.46084595 8.96564198 37.5
v 78.20246887 9.16869736 37.5
v 83.58927155 3.77734709 37.5
v 84.17760468 3.1888752 37.5
v 78.78255463 8.58120441 37.5
v 81 8.15147209 37.5
v 77.85381317 9.35250282 37.5
v 84.35448456 2.84891844 37.5
v 78.95675659 8.24326515 37.5
v 83.23623657 3.95955586 37.5
v 77.650383 9.42278004 37.5
v 83.03048706 4.02836084 37.5
v 84.46328735 2.48145938 37.5
v 79.06386566 7.87847185 37.5
v 77.42126465 9.47402763 37.5
v 82.79899597 4.07752275 37.5
v 77.16638184 9.4988966 37.5
v 82.54180908 4.09956312 37.5
v 84.5 2.0999999 37.5
v 79.09999847 7.5 37.5
v 81 6.84852791 37.5
v 76.88723755 9.48865032 37.5
v 82.2605896 4.0856185 37.5
v 79.07794189 7.20378113 37.5
v 84.47426605 1.78019404 37.5
v 76.58763123 9.43325615 37.5
v 84.42878723 1.57105637 37.5
v 81.95940399 4.0255518 37.5
v 79.01225281 6.91410017 37.5
v 84.35627747 1.3555367 37.5
v 76.27458954 9.32172585 37.5
v 81.64561462 3.90832162 37.5
v 78.88883972 6.60554886 37.5
v 84.25978088 1.14964294 37.5
v 81.3557663 3.74034333 37.5
v 78.73221588 6.34420252 37.5
v 75 9 37.5
v 75.7771225 9 37.5
v 76.01387787 9.17938328 37.5
v 84 0 37.5
v 84.14052582 0.95603055 37.5
v 84 0.77712435 37.5
v 79.74228668 3.89375544 37.5
v 80.70664978 2.9853816 37.5
v 80.8795929 3.27229786 37.5
v 81.0980072 3.52632713 37.5
v 78.89375305 4.74228334 37.5
v 78.5552597 6.12806273 37.5
v 78.36802673 5.95335388 37.5
v 78.17803955 5.81541681 37.5
v 77.99077606 5.70932484 37.5
v 80.58402252 2.6736064 37.5
v 77.62230682 5.5694046 37.5
v 80.53038788 2.44729424 37.5
v 77.29911804 5.50993729 37.5
v 80.5 2.0999999 37.5
v 77.02531433 5.50139666 37.5
v 75 6 37.5
v 76.08487701 5.77676821 37.5
v 75.7771225 6 37.5
v 81 0 37.5
v 81 0.77712435 37.5
v 80.80776978 1.03400159 37.5
v 80.70355225 1.22093701 37.5
v 75 0 37.5
v 76.79798889 5.52293491 37.5
v 76.42931366 5.61580658 37.5
v 80.61537933 1.43053532 37.5
v 80.55156708 1.6487838 37.5
v 80.51293945 1.87286985 37.5
v 81 8.15147209 37.59999847
v 81 6.84852791 37.59999847
v 79.74228668 3.89375544 37.59999847
v 78.89375305 4.74228334 37.59999847
v 79.74228668 11.10624504 37.59999847
v 78.89375305 10.25771618 37.59999847
v 75.7771225 9 7.5
v 75 9 7.5
v 79.09999847 7.5 7.5
v 79.090065 7.69910717 7.5
v 79.06035614 7.89623594 7.5
v 79.01116943 8.08942795 7.5
v 78.94300079 8.27676392 7.5
v 78.85651398 8.4563818 7.5
v 78.75257111 8.62649727 7.5
v 78.63221741 8.78542137 7.5
v 78.49663544 8.93157291 7.5
v 78.34718323 9.06350136 7.5
v 78.18533325 9.1798954 7.5
v 78.01270294 9.27959919 7.5
v 77.83100128 9.36162186 7.5
v 77.64204407 9.42514706 7.5
v 77.44769287 9.46954536 7.5
v 77.24989319 9.49437523 7.5
v 77.05059814 9.49938965 7.5
v 76.85179901 9.48453903 7.5
v 76.65546417 9.4499712 7.5
v 76.46354675 9.39602852 7.5
v 76.27794647 9.32324791 7.5
v 76.1005249 9.23235226 7.5
v 75.93302917 9.12424564 7.5
v 75.7771225 6 7.5
v 75.93302917 5.87575483 7.5
v 76.1005249 5.76764727 7.5
v 76.27794647 5.67675161 7.5
v 76.46354675 5.60397148 7.5
v 76.65546417 5.55002928 7.5
v 76.85179901 5.51546097 7.5
v 77.05059814 5.50061035 7.5
v 77.24989319 5.50562477 7.5
v 77.44769287 5.53045464 7.5
v 77.64204407 5.57485294 7.5
v 77.83100128 5.63837862 7.5
v 78.01270294 5.72040081 7.5
v 78.18533325 5.82010412 7.5
v 78.34718323 5.93649864 7.5
v 78.49663544 6.06842709 7.5
v 78.63221741 6.21457911 7.5
v 78.75257111 6.37350225 7.5
v 78.85651398 6.5436182 7.5
v 78.94300079 6.72323656 7.5
v 79.01116943 6.91057205 7.5
v 79.06035614 7.10376406 7.5
v 79.090065 7.30089283 7.5
v 75 6 7.5
v 75 0 7.5
v 80.5 0 7.5
v 80.5 0 11.89999962
v 81 0 11.89999962
v 81 0.77712435 11.89999962
v 80.5 2.0999999 11.89999962
v 80.50815582 1.9195621 11.89999962
v 80.53255463 1.74059594 11.89999962
v 80.57300568 1.56456101 11.89999962
v 80.62917328 1.3928932 11.89999962
v 80.70059204 1.22699261 11.89999962
v 80.78669739 1.06821239 11.89999962
v 80.88677216 0.91784751 11.89999962
v 84.5 2.0999999 11.89999962
v 84.4903717 2.29603434 11.89999962
v 84.46157074 2.49018073 11.89999962
v 84.41387939 2.68056941 11.89999962
v 84.34775543 2.86536694 11.89999962
v 84.26383972 3.04279351 11.89999962
v 84.16294098 3.21114039 11.89999962
v 84.04602051 3.36878657 11.89999962
v 83.91421509 3.51421356 11.89999962
v 83.76878357 3.64602089 11.89999962
v 83.61113739 3.76293921 11.89999962
v 83.4427948 3.86384249 11.89999962
v 83.2653656 3.94775915 11.89999962
v 83.08056641 4.01388073 11.89999962
v 82.8901825 4.06157064 11.89999962
v 82.69603729 4.09036922 11.89999962
v 82.5 4.0999999 11.89999962
v 82.30396271 4.09036922 11.89999962
v 82.1098175 4.06157064 11.89999962
v 81.91943359 4.01388073 11.89999962
v 81.7346344 3.94775915 11.89999962
v 81.5572052 3.86384249 11.89999962
v 81.38886261 3.76293921 11.89999962
v 81.23121643 3.64602089 11.89999962
v 81.08578491 3.51421356 11.89999962
v 80.95397949 3.36878657 11.89999962
v 80.83705902 3.21114039 11.89999962
v 80.73616028 3.04279351 11.89999962
v 80.65224457 2.86536694 11.89999962
v 80.58612061 2.68056941 11.89999962
v 80.53842926 2.49018073 11.89999962
v 80.5096283 2.29603434 11.89999962
v 84.14048004 0.95597148 11.89999962
v 84 0.77712435 11.89999962
v 84.25975037 1.14959896 11.89999962
v 84.35625458 1.35548508 11.89999962
v 84.42876434 1.5709902 11.89999962
v 84.47425079 1.78013837 11.89999962
v 84 0 11.89999962
v 84.5 0 11.89999962
v 84.5 0 7.5
v 90 0 7.5
v 90 6 7.5
v 89.2228775 6 7.5
v 85.90000153 7.5 7.5
v 85.909935 7.30089283 7.5
v 85.93964386 7.10376406 7.5
v 85.98883057 6.91057205 7.5
v 86.05699921 6.72323656 7.5
v 86.14348602 6.5436182 7.5
v 86.24742889 6.37350225 7.5
v 86.36778259 6.21457911 7.5
v 86.50336456 6.06842709 7.5
v 86.65281677 5.93649864 7.5
v 86.81466675 5.82010412 7.5
v 86.98729706 5.72040081 7.5
v 87.16899872 5.63837862 7.5
v 87.35795593 5.57485294 7.5
v 87.55230713 5.53045464 7.5
v 87.75010681 5.50562477 7.5
v 87.94940186 5.50061035 7.5
v 88.14820099 5.51546097 7.5
v 88.34453583 5.55002928 7.5
v 88.53645325 5.60397148 7.5
v 88.72205353 5.67675161 7.5
v 88.8994751 5.76764727 7.5
v 89.06697083 5.87575483 7.5
v 89.2228775 9 7.5
v 89.06697083 9.12424564 7.5
v 88.8994751 9.23235226 7.5
v 88.72205353 9.32324791 7.5
v 88.53645325 9.39602852 7.5
v 88.34453583 9.4499712 7.5
v 88.14820099 9.48453903 7.5
v 87.94940186 9.49938965 7.5
v 87.75010681 9.49437523 7.5
v 87.55230713 9.46954536 7.5
v 87.35795593 9.42514706 7.5
v 87.16899872 9.36162186 7.5
v 86.98729706 9.27959919 7.5
v 86.81466675 9.1798954 7.5
v 86.65281677 9.06350136 7.5
v 86.50336456 8.93157291 7.5
v 86.36778259 8.78542137 7.5
v 86.24742889 8.62649727 7.5
v 86.14348602 8.4563818 7.5
v 86.05699921 8.27676392 7.5
v 85.98883057 8.08942795 7.5
v 85.93964386 7.89623594 7.5
v 85.909935 7.69910717 7.5
v 90 9 7.5
v 90 15 7.5
v 84.5 15 11.89999962
v 84 15 11.89999962
v 84.5 15 7.5
v 84 14.2228756 11.89999962
v 84.5 12.89999962 11.89999962
v 84.49184418 13.08043766 11.89999962
v 84.46744537 13.25940418 11.89999962
v 84.42699432 13.43543911 11.89999962
v 84.37082672 13.60710716 11.89999962
v 84.29940796 13.77300739 11.89999962
v 84.21330261 13.93178749 11.89999962
v 84.11322784 14.08215237 11.89999962
v 80.53673553 12.51867199 11.89999962
v 80.5 12.89999962 11.89999962
v 80.64562225 12.15144157 11.89999962
v 80.82260132 11.81172848 11.89999962
v 80.95880127 11.62630081 11.89999962
v 81.14894104 11.4261837 11.89999962
v 81.41062927 11.22331142 11.89999962
v 81.76332855 11.04086113 11.89999962
v 81.96891785 10.97190952 11.89999962
v 82.20026398 10.92261028 11.89999962
v 82.45736694 10.90045452 11.89999962
v 82.73851013 10.91428375 11.89999962
v 83.03956604 10.97427082 11.89999962
v 83.35318756 11.09146404 11.89999962
v 83.64328766 11.25964642 11.89999962
v 83.90141296 11.47398281 11.89999962
v 84.12012482 11.72824955 11.89999962
v 84.29320526 12.01510525 11.89999962
v 84.41587067 12.32648468 11.89999962
v 84.46958923 12.55272865 11.89999962
v 81 14.2228756 11.89999962
v 80.88677216 14.08215237 11.89999962
v 80.78669739 13.93178749 11.89999962
v 80.70059204 13.77300739 11.89999962
v 80.62917328 13.60710716 11.89999962
v 80.57300568 13.43543911 11.89999962
v 80.53255463 13.25940418 11.89999962
v 80.50815582 13.08043766 11.89999962
v 81 15 11.89999962
v 80.5 15 11.89999962
v 75 15 7.5
v 80.5 15 7.5
v 80.5 10.60000038 7.5
v 81 10.60000038 7.5
v 80.5 4.4000001 7.5
v 81 4.4000001 7.5
v 80.5 4.4000001 9.60000038
v 80.5 4.4000001 11.89999962
v 84.5 4.4000001 11.89999962
v 84.5 4.4000001 7.5
v 84.5 4.4000001 9.60000038
v 84.5 10.60000038 7.5
v 84 10.60000038 7.5
v 84 4.4000001 7.5
v 84.5 10.60000038 9.60000038
v 84.5 10.60000038 11.89999962
v 80.5 10.60000038 11.89999962
v 80.5 10.60000038 9.60000038
v 81 4.4000001 8.2771244
v 80.64372253 4.4000001 8.85553646
v 80.74021912 4.4000001 8.64964294
v 80.85947418 4.4000001 8.45603085
v 80.52573395 4.4000001 9.28019428
v 80.57121277 4.4000001 9.07105637
v 81 10.60000038 8.2771244
v 80.80776978 10.60000038 8.53400135
v 80.70355225 10.60000038 8.72093678
v 80.51293945 10.60000038 9.37286949
v 80.55156708 10.60000038 9.14878368
v 80.61537933 10.60000038 8.93053532
v 83.75597382 4.4000001 11.15644836
v 83.95511627 4.4000001 10.97208977
v 84.15843964 4.4000001 10.71784878
v 83.57218933 4.4000001 11.28831768
v 84.34402466 4.4000001 10.37431812
v 83.23664093 4.4000001 11.45939636
v 84.41597748 4.4000001 10.17360687
v 82.87496948 4.4000001 11.56453419
v 84.46961212 4.4000001 9.94729424
v 82.5 4.4000001 11.60000038
v 82.15270233 4.4000001 11.56961441
v 81.9263916 4.4000001 11.51597786
v 81.72568512 4.4000001 11.44402504
v 81.38214874 4.4000001 11.25843716
v 81.1279068 4.4000001 11.0551157
v 80.94355011 4.4000001 10.85597134
v 80.81168365 4.4000001 10.67218685
v 80.64060211 4.4000001 10.33664227
v 80.53546906 4.4000001 9.97496796
v 84 4.4000001 8.2771244
v 84.19223022 4.4000001 8.53400135
v 84.29644775 4.4000001 8.72093678
v 84.38462067 4.4000001 8.93053532
v 84.44843292 4.4000001 9.14878368
v 84.48706055 4.4000001 9.37286949
v 84 10.60000038 8.2771244
v 84.14052582 10.60000038 8.45603085
v 84.25978088 10.60000038 8.64964294
v 84.35627747 10.60000038 8.85553646
v 84.42878723 10.60000038 9.07105637
v 84.47426605 10.60000038 9.28019428
v 83.8720932 10.60000038 11.0551157
v 84.05644989 10.60000038 10.85597134
v 84.18831635 10.60000038 10.67218685
v 84.35939789 10.60000038 10.33664227
v 84.46453094 10.60000038 9.97496796
v 83.61785126 10.60000038 11.25843716
v 83.27431488 10.60000038 11.44402504
v 83.0736084 10.60000038 11.51597786
v 82.84729767 10.60000038 11.56961441
v 82.5 10.60000038 11.60000038
v 80.58402252 10.60000038 10.17360687
v 80.65597534 10.60000038 10.37431812
v 80.84156036 10.60000038 10.71784878
v 81.04488373 10.60000038 10.97208977
v 81.24402618 10.60000038 11.15644836
v 81.42781067 10.60000038 11.28831768
v 81.76335907 10.60000038 11.45939636
v 82.12503052 10.60000038 11.56453419
v 80.53038788 10.60000038 9.94729424
v 40.59999847 -19.10000038 45
v 40.59999847 -19.09037018 44.80396652
v 34.40000153 -19.10000038 45
v 34.40000153 -19.09037018 44.80396652
v 40.59999847 -19.06157112 44.6098175
v 34.40000153 -19.06157112 44.6098175
v 40.59999847 -19.01387978 44.41942978
v 34.40000153 -19.01387978 44.41942978
v 40.59999847 -18.94775963 44.2346344
v 34.40000153 -18.94775963 44.2346344
v 40.59999847 -18.86384201 44.0572052
v 34.40000153 -18.86384201 44.0572052
v 40.59999847 -18.76293945 43.8888588
v 34.40000153 -18.76293945 43.8888588
v 34.40000153 -18.64602089 43.73121262
v 40.59999847 -18.64602089 43.73121262
v 40.59999847 -18.51421356 43.58578491
v 34.40000153 -18.51421356 43.58578491
v 40.59999847 -18.36878586 43.45397949
v 34.40000153 -18.36878586 43.45397949
v 40.59999847 -18.21113968 43.33705902
v 34.40000153 -18.21113968 43.33705902
v 40.59999847 -18.04279327 43.23615646
v 34.40000153 -18.04279327 43.23615646
v 40.59999847 -17.86536598 43.15224075
v 34.40000153 -17.86536598 43.15224075
v 40.59999847 -17.6805687 43.08612061
v 34.40000153 -17.6805687 43.08612061
v 40.59999847 -17.49018097 43.03842926
v 34.40000153 -17.49018097 43.03842926
v 40.59999847 -17.29603386 43.00963211
v 34.40000153 -17.29603386 43.00963211
v 40.59999847 -17.10000038 43
v 34.40000153 -17.10000038 43
v 40.59999847 -16.91956139 43.00815582
v 34.40000153 -16.91956139 43.00815582
v 34.40000153 -16.74059677 43.03255844
v 40.59999847 -16.74059677 43.03255844
v 40.59999847 -16.56456184 43.07300568
v 34.40000153 -16.56456184 43.07300568
v 34.40000153 -16.39289284 43.12916946
v 40.59999847 -16.39289284 43.12916946
v 34.40000153 -16.22699356 43.20059586
v 40.59999847 -16.22699356 43.20059586
v 40.59999847 -16.06821251 43.28669357
v 34.40000153 -16.06821251 43.28669357
v 34.40000153 -15.91784763 43.38676834
v 40.59999847 -15.91784763 43.38676834
v 40.59999847 -15.7771244 43.5
v 34.40000153 -15.7771244 43.5
v 34.40000153 -18.51421356 46.41421509
v 34.40000153 -18.64602089 46.26878738
v 34.40000153 -19.39999962 47
v 34.40000153 -18.36878586 46.54602051
v 34.40000153 -18.76293945 46.1111412
v 34.40000153 -18.21113968 46.66294098
v 34.40000153 -18.86384201 45.9427948
v 34.40000153 -18.04279327 46.76384354
v 34.40000153 -18.94775963 45.7653656
v 34.40000153 -17.86536598 46.84775925
v 34.40000153 -19.01387978 45.58057022
v 34.40000153 -17.6805687 46.91387939
v 34.40000153 -17.49018097 46.96157074
v 34.40000153 -19.06157112 45.3901825
v 34.40000153 -19.09037018 45.19603348
v 34.40000153 -19.39999962 43
v 34.40000153 -17.10000038 47
v 34.40000153 -17.29603386 46.99036789
v 40.59999847 -15.7771244 46.5
v 40.59999847 -15.91784763 46.61323166
v 34.40000153 -15.7771244 46.5
v 34.40000153 -15.91784763 46.61323166
v 40.59999847 -16.06821251 46.71330643
v 34.40000153 -16.06821251 46.71330643
v 40.59999847 -16.22699356 46.79940414
v 34.40000153 -16.22699356 46.79940414
v 40.59999847 -16.39289284 46.87083054
v 34.40000153 -16.39289284 46.87083054
v 34.40000153 -16.56456184 46.92699432
v 40.59999847 -16.56456184 46.92699432
v 34.40000153 -16.74059677 46.96744156
v 40.59999847 -16.74059677 46.96744156
v 40.59999847 -16.91956139 46.99184418
v 34.40000153 -16.91956139 46.99184418
v 40.59999847 -17.10000038 47
v 40.59999847 -17.29603386 46.99036789
v 40.59999847 -17.49018097 46.96157074
v 40.59999847 -17.6805687 46.91387939
v 40.59999847 -17.86536598 46.84775925
v 40.59999847 -18.04279327 46.76384354
v 40.59999847 -18.21113968 46.66294098
v 40.59999847 -18.36878586 46.54602051
v 40.59999847 -18.51421356 46.41421509
v 40.59999847 -18.64602089 46.26878738
v 40.59999847 -18.76293945 46.1111412
v 40.59999847 -18.86384201 45.9427948
v 40.59999847 -18.94775963 45.7653656
v 40.59999847 -19.01387978 45.58057022
v 40.59999847 -19.06157112 45.3901825
v 40.59999847 -19.09037018 45.19603348
v 40.59999847 -19.39999962 47
v 40.59999847 -19.39999962 43
v 40.59999847 -15 43
v 40.59999847 -15 43.5
v 34.40000153 -15 43.5
v 34.40000153 -15 43
v 32.09999847 -19.39999962 47
v 30 -19.39999962 47
v 30 -15 47
v 34.40000153 -15 47
v 30 -15 43
v 32.09999847 -19.39999962 43
v 30 -19.39999962 43
v 33.35597229 -19.39999962 46.55644989
v 33.55511475 -19.39999962 46.37208939
v 33.75843811 -19.39999962 46.11784744
v 33.17218781 -19.39999962 46.68831635
v 33.94402695 -19.39999962 45.7743187
v 32.83664322 -19.39999962 46.85939789
v 34.01597595 -19.39999962 45.5736084
v 32.47496796 -19.39999962 46.96453476
v 34.06961441 -19.39999962 45.34729385
v 34.09999847 -19.39999962 45
v 33.65644836 -19.39999962 43.74403
v 33.78831863 -19.39999962 43.92781448
v 33.95939636 -19.39999962 44.26335907
v 34.06453323 -19.39999962 44.62503052
v 33.47209167 -19.39999962 43.54488373
v 33.21784973 -19.39999962 43.34156418
v 32.87431717 -19.39999962 43.15597534
v 32.67360687 -19.39999962 43.08402252
v 32.44729614 -19.39999962 43.03038406
v 34.40000153 -15 46.5
v 40.59999847 -15 46.5
v 40.59999847 -15 47
v 45 -15 43
v 42.90000153 -19.39999962 43
v 45 -19.39999962 43
v 42.90000153 -19.39999962 47
v 45 -15 47
v 45 -19.39999962 47
v 42.55270386 -19.39999962 46.96961594
v 42.32639313 -19.39999962 46.91597748
v 42.12568283 -19.39999962 46.84402466
v 41.78215027 -19.39999962 46.65843582
v 41.52790833 -19.39999962 46.45511627
v 41.34355164 -19.39999962 46.25597
v 41.21168137 -19.39999962 46.07218552
v 41.04060364 -19.39999962 45.73664093
v 40.93546677 -19.39999962 45.37496948
v 40.93038559 -19.39999962 44.65270615
v 40.98402405 -19.39999962 44.4263916
v 41.05597305 -19.39999962 44.2256813
v 41.24156189 -19.39999962 43.88215256
v 41.44488525 -19.39999962 43.62791061
v 41.64402771 -19.39999962 43.44355011
v 41.82781219 -19.39999962 43.31168365
v 42.16335678 -19.39999962 43.14060211
v 42.52503204 -19.39999962 43.03546524
v 40.90000153 -19.39999962 45
v 39.22323227 -15 38.58488083
v 39.38419342 -15 38.92931747
v 39.47706604 -15 39.29798889
v 39.49860382 -15 39.52531052
v 39.49006271 -15 39.79911804
v 38.8719368 -15 41.05526352
v 39.04664612 -15 40.86802292
v 39.18458176 -15 40.67804337
v 39.29067612 -15 40.49077225
v 39.4305954 -15 40.12230301
v 38.65579605 -15 41.23221588
v 35.82061768 -15 38.51387405
v 38.39445114 -15 41.38883972
v 35.67827225 -15 38.77458572
v 38.08589935 -15 41.51225662
v 37.79621887 -15 41.57794189
v 35.56674576 -15 39.08763123
v 35.51134872 -15 39.38723373
v 35.50110245 -15 39.66638184
v 35.52597427 -15 39.92126465
v 35.57722092 -15 40.15037918
v 35.64749527 -15 40.35381317
v 35.83130264 -15 40.70246887
v 36.03435898 -15 40.96084213
v 36.23405838 -15 41.14835358
v 36.41879654 -15 41.28255463
v 36.75673294 -15 41.45676041
v 37.12152863 -15 41.56386185
v 38.76616287 -15 48.85182953
v 38.96582031 -15 49.0393486
v 39.16882706 -15 49.29772568
v 38.58146286 -15 48.71760941
v 39.35257721 -15 49.64637375
v 38.24358368 -15 48.54336929
v 39.42282867 -15 49.84979248
v 37.87883377 -15 48.43620682
v 39.47405243 -15 50.07888794
v 39.49890137 -15 50.33375168
v 37.5 -15 48.40000153
v 39.48863983 -15 50.61287689
v 39.43323517 -15 50.91244888
v 39.32170486 -15 51.22546387
v 37.20381165 -15 48.42205429
v 36.91415405 -15 48.48772812
v 36.60562134 -15 48.61112213
v 36.3442955 -15 48.76771545
v 36.1281662 -15 48.94464493
v 35.95345306 -15 49.13185501
v 39.17936707 -15 51.48614883
v 35.81551361 -15 49.32180786
v 35.70941544 -15 49.50904465
v 35.56946945 -15 49.87746811
v 35.50996399 -15 50.20061874
v 35.77658081 -15 51.41479874
v 35.50138474 -15 50.47439575
v 35.52288818 -15 50.7016983
v 35.61569214 -15 51.07035828
v 31.57105637 -19.39999962 46.92878342
v 31.35553741 -19.39999962 46.85627747
v 31.14964294 -19.39999962 46.75977707
v 30.95602989 -19.39999962 46.64052963
v 30.7771244 -19.39999962 46.5
v 30 -19.39999962 46.5
v 31.78019333 -19.39999962 46.97426224
v 30 -30 46.5
v 30 -30 52.5
v 30 -30 37.5
v 30 -30 43.5
v 30 -19.39999962 43.5
v 30.7771244 -19.39999962 43.5
v 31.0340023 -19.39999962 43.30776978
v 31.22093773 -19.39999962 43.20354843
v 31.43053436 -19.39999962 43.11537552
v 31.87286949 -19.39999962 43.01293945
v 31.64878464 -19.39999962 43.05156326
v 30.7771244 -30 43.5
v 31.01394653 -30 43.32039261
v 31.27476883 -30 43.17774963
v 31.58787346 -30 43.06613541
v 31.88742828 -30 43.01093674
v 32.16646194 -30 43.00100708
v 32.42121124 -30 43.02617264
v 32.65022278 -30 43.07762527
v 32.85359955 -30 43.14799118
v 33.20227432 -30 43.33166504
v 33.46078491 -30 43.5343895
v 33.64846039 -30 43.73377991
v 33.78278351 -30 43.91830444
v 33.95706558 -30 44.25615692
v 34.06403351 -30 44.62123871
v 34.09999847 -30 45
v 34.07806015 -30 45.29641724
v 34.01252747 -30 45.58638382
v 33.88914108 -30 45.8950386
v 33.7324028 -30 46.15621185
v 33.55528641 -30 46.37205505
v 33.36790848 -30 46.54647446
v 33.17784119 -30 46.68420029
v 32.99055099 -30 46.79018784
v 32.62216568 -30 46.9302063
v 32.29912949 -30 46.98999786
v 32.02545547 -30 46.99887085
v 31.79821396 -30 46.97756195
v 31.42954826 -30 46.88480377
v 31.08498573 -30 46.72354889
v 30.7771244 -30 46.5
v 44.2228775 -19.39999962 43.5
v 45 -19.39999962 43.5
v 44.0439682 -19.39999962 43.35947037
v 43.85035706 -19.39999962 43.24022293
v 43.64446259 -19.39999962 43.14372253
v 43.21980667 -19.39999962 43.02573776
v 43.42894363 -19.39999962 43.07121658
v 45 -30 43.5
v 45 -30 37.5
v 45 -30 52.5
v 45 -30 46.5
v 45 -19.39999962 46.5
v 44.2228775 -19.39999962 46.5
v 43.9659996 -19.39999962 46.69223022
v 43.77906418 -19.39999962 46.79645157
v 43.56946564 -19.39999962 46.88462448
v 43.1271286 -19.39999962 46.98706055
v 43.35121536 -19.39999962 46.94843674
v 44.2228775 -30 46.5
v 44.06697464 -30 46.62424469
v 43.8994751 -30 46.73235321
v 43.72204971 -30 46.82324982
v 43.53645706 -30 46.89603043
v 43.34453583 -30 46.94997025
v 43.14820099 -30 46.98453903
v 42.94940186 -30 46.99938965
v 42.75011063 -30 46.99437714
v 42.55230713 -30 46.96954727
v 42.35795975 -30 46.92514801
v 42.1689949 -30 46.86162186
v 41.98729706 -30 46.77959824
v 41.81466675 -30 46.67989731
v 41.65281677 -30 46.56350327
v 41.50336075 -30 46.43157196
v 41.36778259 -30 46.28541946
v 41.24742508 -30 46.12649918
v 41.14348984 -30 45.95638275
v 41.05700302 -30 45.77676392
v 40.98883057 -30 45.58942795
v 40.93964386 -30 45.39623642
v 40.909935 -30 45.19910812
v 40.90000153 -30 45
v 40.909935 -30 44.80089188
v 40.93964386 -30 44.60376358
v 40.98883057 -30 44.41057205
v 41.05700302 -30 44.22323608
v 41.14348984 -30 44.04361725
v 41.24742508 -30 43.87350082
v 41.36778259 -30 43.71458054
v 41.50336075 -30 43.56842804
v 41.65281677 -30 43.43649673
v 41.81466675 -30 43.32010269
v 41.98729706 -30 43.22040176
v 42.1689949 -30 43.13837814
v 42.35795975 -30 43.07485199
v 42.55230713 -30 43.03045273
v 42.75011063 -30 43.00562286
v 42.94940186 -30 43.00061035
v 43.14820099 -30 43.01546097
v 43.34453583 -30 43.05002975
v 43.53645706 -30 43.10396957
v 43.72204971 -30 43.17675018
v 43.8994751 -30 43.26764679
v 44.06697464 -30 43.37575531
v 44.2228775 -30 43.5
v 39 -30 38.2771225
v 39 -30 37.5
v 37.5 -30 41.59999847
v 37.69910812 -30 41.590065
v 37.89623642 -30 41.56035614
v 38.08942795 -30 41.51116943
v 38.27676392 -30 41.44299698
v 38.45638275 -30 41.35651016
v 38.62649918 -30 41.25257492
v 38.78541946 -30 41.13221741
v 38.93157196 -30 40.99663925
v 39.06350327 -30 40.84718323
v 39.17989731 -30 40.68533325
v 39.27959824 -30 40.51270294
v 39.36162186 -30 40.3310051
v 39.42514801 -30 40.14204025
v 39.46954727 -30 39.94769287
v 39.49437714 -30 39.74988937
v 39.49938965 -30 39.55059814
v 39.48453903 -30 39.35179901
v 39.44997025 -30 39.15546417
v 39.39603043 -30 38.96354294
v 39.32324982 -30 38.77795029
v 39.23235321 -30 38.6005249
v 39.12424469 -30 38.43302536
v 36 -30 38.2771225
v 35.87575531 -30 38.43302536
v 35.76764679 -30 38.6005249
v 35.67675018 -30 38.77795029
v 35.60396957 -30 38.96354294
v 35.55002975 -30 39.15546417
v 35.51546097 -30 39.35179901
v 35.50061035 -30 39.55059814
v 35.50562286 -30 39.74988937
v 35.53045273 -30 39.94769287
v 35.57485199 -30 40.14204025
v 35.63837814 -30 40.3310051
v 35.72040176 -30 40.51270294
v 35.82010269 -30 40.68533325
v 35.93649673 -30 40.84718323
v 36.06842804 -30 40.99663925
v 36.21458054 -30 41.13221741
v 36.37350082 -30 41.25257492
v 36.54361725 -30 41.35651016
v 36.72323608 -30 41.44299698
v 36.91057205 -30 41.51116943
v 37.10376358 -30 41.56035614
v 37.30089188 -30 41.590065
v 36 -30 37.5
v 36 -30 51.7228775
v 36 -30 52.5
v 37.5 -30 48.40000153
v 37.30089188 -30 48.409935
v 37.10376358 -30 48.43964386
v 36.91057205 -30 48.48883057
v 36.72323608 -30 48.55700302
v 36.54361725 -30 48.64348984
v 36.37350082 -30 48.74742508
v 36.21458054 -30 48.86778259
v 36.06842804 -30 49.00336075
v 35.93649673 -30 49.15281677
v 35.82010269 -30 49.31466675
v 35.72040176 -30 49.48729706
v 35.63837814 -30 49.6689949
v 35.57485199 -30 49.85795975
v 35.53045273 -30 50.05230713
v 35.50562286 -30 50.25011063
v 35.50061035 -30 50.44940186
v 35.51546097 -30 50.64820099
v 35.55002975 -30 50.84453583
v 35.60396957 -30 51.03645706
v 35.67675018 -30 51.22204971
v 35.76764679 -30 51.3994751
v 35.87575531 -30 51.56697464
v 39 -30 51.7228775
v 39.12424469 -30 51.56697464
v 39.23235321 -30 51.3994751
v 39.32324982 -30 51.22204971
v 39.39603043 -30 51.03645706
v 39.44997025 -30 50.84453583
v 39.48453903 -30 50.64820099
v 39.49938965 -30 50.44940186
v 39.49437714 -30 50.25011063
v 39.46954727 -30 50.05230713
v 39.42514801 -30 49.85795975
v 39.36162186 -30 49.6689949
v 39.27959824 -30 49.48729706
v 39.17989731 -30 49.31466675
v 39.06350327 -30 49.15281677
v 38.93157196 -30 49.00336075
v 38.78541946 -30 48.86778259
v 38.62649918 -30 48.74742508
v 38.45638275 -30 48.64348984
v 38.27676392 -30 48.55700302
v 38.08942795 -30 48.48883057
v 37.89623642 -30 48.43964386
v 37.69910812 -30 48.409935
v 39 -30 52.5
v 41.10624313 -30 42.24228287
v 40.25771713 -30 41.39375687
v 39 -30 44.34852982
v 38.15147018 -30 43.5
v 36.84852982 -30 43.5
v 41.10624313 -30 47.75771713
v 39 -30 45.65147018
v 34.74228287 -30 41.39375687
v 40.25771713 -30 48.60624313
v 33.89375687 -30 42.24228287
v 38.15147018 -30 46.5
v 36 -30 44.34852982
v 36.84852982 -30 46.5
v 36 -30 45.65147018
v 33.89375687 -30 47.75771713
v 34.74228287 -30 48.60624313
v 33.89375687 -30.10000038 47.75771713
v 34.74228287 -30.10000038 48.60624313
v 36.84852982 -30.10000038 46.5
v 38.15147018 -30.10000038 46.5
v 39 -30.7771244 46.5
v 39 -30.10000038 46.5
v 36 -30.7771244 46.5
v 36 -30.10000038 46.5
v 40.25771713 -30.10000038 48.60624313
v 41.10624313 -30.10000038 47.75771713
v 39 -30.10000038 45.65147018
v 39 -30.10000038 44.34852982
v 39 -30.7771244 43.5
v 39 -30.10000038 43.5
v 41.10624313 -30.10000038 42.24228287
v 40.25771713 -30.10000038 41.39375687
v 38.15147018 -30.10000038 43.5
v 36.84852982 -30.10000038 43.5
v 36 -30.7771244 43.5
v 36 -30.10000038 43.5
v 34.74228287 -30.10000038 41.39375687
v 33.89375687 -30.10000038 42.24228287
v 36 -30.10000038 44.34852982
v 36 -30.10000038 45.65147018
v 36.26515579 -32.07192993 46.99962616
v 36.23015594 -32.40000153 46.97737122
v 38.76984406 -32.40000153 46.97737122
v 38.73459625 -32.05778885 46.99998474
v 38.76263809 -31.83278847 46.98226166
v 36.21709061 -31.74811554 46.96888733
v 38.86156082 -31.52401924 46.91523743
v 36.10464478 -31.4481144 46.89081573
v 39.00352859 -31.24094391 46.80607605
v 36.00334167 -31.25378418 46.81202698
v 35.8382988 -30.98700905 46.6617012
v 39.1617012 -30.98700905 46.6617012
v 39.1617012 -30.98700905 43.3382988
v 39.30607605 -31.24094391 43.49647141
v 39.31202698 -31.25378418 46.49665833
v 39.39081573 -31.4481144 46.39535522
v 39.41523743 -31.52401924 43.63843918
v 39.46888733 -31.74811554 46.28290939
v 39.48226166 -31.83278847 43.73736191
v 39.49962616 -32.07192993 46.23484421
v 39.49998474 -32.05778885 43.76540375
v 39.47737122 -32.40000153 43.73015594
v 39.47737122 -32.40000153 46.26984406
v 35.8382988 -30.98700905 43.3382988
v 35.99647141 -31.24094391 43.19392395
v 39.00352859 -31.24094391 43.19392395
v 36.13843918 -31.52401924 43.08476257
v 38.86156082 -31.52401924 43.08476257
v 36.23736191 -31.83278847 43.01773834
v 38.76263809 -31.83278847 43.01773834
v 36.26540375 -32.05778885 43.00001526
v 38.73459625 -32.05778885 43.00001526
v 36.23015594 -32.40000153 43.02262878
v 38.76984406 -32.40000153 43.02262878
v 35.50037384 -32.07192993 43.76515579
v 35.52262878 -32.40000153 43.73015594
v 35.52262878 -32.40000153 46.26984406
v 35.50001526 -32.05778885 46.23459625
v 35.51773834 -31.83278847 46.26263809
v 35.53111267 -31.74811554 43.71709061
v 35.58476257 -31.52401924 46.36156082
v 35.60918427 -31.4481144 43.60464478
v 35.69392395 -31.24094391 46.50352859
v 35.68797302 -31.25378418 43.50334167
v 35.8382988 -32.40000153 46.6617012
v 35.57970428 -32.40000153 43.64538956
v 38.85461044 -32.40000153 46.92029572
v 35.66994476 -32.40000153 46.47424316
v 36.02575684 -32.40000153 46.83005524
v 39.45875549 -32.40000153 46.29837418
v 39.42029572 -32.09999847 46.35461044
v 39.43972778 -32.40000153 46.32662964
v 39.42029572 -32.40000153 46.35461044
v 39.34978867 -31.817379 46.44940948
v 39.16080856 -31.69989014 46.66259003
v 38.94890976 -31.81805229 46.85017776
v 38.85461044 -32.09999847 46.92029572
v 38.93464661 -32.40000153 43.13874054
v 39.08889389 -32.40000153 43.26855087
v 39.23144913 -32.40000153 43.41110611
v 39.36125946 -32.40000153 43.56535339
v 36.14538956 -32.40000153 43.07970428
v 35.57970428 -32.09999847 43.64538956
v 35.65021133 -31.817379 43.55059052
v 35.83919144 -31.69989014 43.33740997
v 36.05109024 -31.81805229 43.14982224
v 36.14538956 -32.09999847 43.07970428
v 90.98700714 5.83829927 43.3382988
v 90.7771225 6 43.5
v 90.7771225 9 43.5
v 90.98700714 9.1617012 43.3382988
v 91.22174835 5.98549938 43.20325089
v 91.24848938 8.99862385 43.18989944
v 91.47757721 6.11827993 43.09929657
v 91.51525116 8.86544037 43.08741379
v 91.79243469 6.22818041 43.02375412
v 91.79864502 8.7709713 43.02318954
v 92.09999847 6.26610374 43
v 92.09999847 8.73389626 43
v 92.40000153 8.76984215 43.02262878
v 92.40000153 8.93464756 43.13874054
v 92.40000153 9.08889484 43.26855087
v 92.40000153 9.23144817 43.41110611
v 91.22145844 9.29680538 43.48534012
v 92.40000153 9.36125946 43.56535339
v 91.47720337 9.4007206 43.6181221
v 92.40000153 9.47737217 43.73015594
v 91.79219055 9.47609329 43.72810364
v 92.09999847 9.5 43.76610184
v 92.40000153 6.23015738 43.02262878
v 92.40000153 5.52262783 43.73015594
v 92.09999847 5.50009489 43.76594925
v 91.7984848 5.52293921 43.72959137
v 92.40000153 5.54124355 43.70162582
v 92.09999847 5.57970476 43.64538956
v 91.51600647 5.58712339 43.63501358
v 92.40000153 5.56027031 43.67337036
v 92.40000153 5.57970476 43.64538956
v 91.81781769 5.64995527 43.55091858
v 91.24822998 5.69043875 43.50060272
v 91.69992065 5.83742523 43.33917236
v 91.81671143 6.05003786 43.15064621
v 92.09999847 6.14539051 43.07970428
v 92.40000153 6.17336941 43.06027222
v 92.40000153 6.14539051 43.07970428
v 92.40000153 6.20162678 43.04124451
v 92.09999847 5.50001764 46.23392487
v 91.79022217 5.52417326 46.27238846
v 91.47330475 5.6006465 46.38370895
v 91.21876526 5.70475197 46.51645279
v 90.98700714 5.83829927 46.6617012
v 90.7771225 6 46.5
v 90.09999847 6.84852791 43.5
v 90.09999847 6 43.5
v 90.09999847 8.15147209 43.5
v 90 6.84852791 43.5
v 90 8.15147209 43.5
v 90.09999847 9 43.5
v 90.98700714 9.1617012 46.6617012
v 90.7771225 9 46.5
v 91.24848938 9.31010151 46.49862289
v 91.51525116 9.41258621 46.36544037
v 91.79864502 9.47681046 46.27096939
v 92.09999847 9.5 46.23389816
v 92.40000153 9.47737217 46.26984406
v 92.40000153 9.42029476 46.35461044
v 92.40000153 9.45875645 46.29837418
v 92.40000153 9.43972969 46.32662964
v 92.09999847 9.42029476 46.35461044
v 92.09999847 8.85460949 46.92029572
v 91.81564331 8.95083809 46.8486824
v 91.70002747 9.16453648 46.65898514
v 91.81863403 9.35041714 46.4484787
v 92.40000153 8.85460949 46.92029572
v 92.40000153 8.79837322 46.95875549
v 92.40000153 8.82663059 46.93972778
v 92.40000153 8.76984215 46.97737122
v 92.40000153 6.23015738 46.97737122
v 92.40000153 5.52262783 46.26984406
v 92.40000153 5.63874102 46.43464661
v 92.40000153 5.76855183 46.58889389
v 92.40000153 6.06535196 46.86125946
v 92.40000153 5.91110516 46.73144913
v 91.7984848 6.22959137 46.97706223
v 91.51600647 6.13501215 46.91287613
v 92.09999847 6.2659502 46.99990463
v 91.24822998 6.00060415 46.80956268
v 92.09999847 8.73392487 46.99998093
v 91.79022217 8.77238655 46.97582626
v 91.47330475 8.883708 46.89935303
v 91.21876526 9.01645279 46.79524994
v 90.09999847 6 45.65147018
v 90.09999847 6 46.5
v 90.09999847 6 44.34852982
v 90 6 45.65147018
v 90 6 44.34852982
v 90.09999847 10.25771618 41.39375687
v 90 10.25771618 41.39375687
v 90.09999847 11.10624504 42.24228287
v 90.09999847 9 44.34852982
v 90.09999847 9 45.65147018
v 90 9 44.34852982
v 90 9 45.65147018
v 90.09999847 9 46.5
v 90.09999847 4.74228334 41.39375687
v 90.09999847 3.89375544 42.24228287
v 90 4.74228334 41.39375687
v 90 13.96599865 43.30776978
v 90 15 43.5
v 90 14.2228756 43.5
v 90 9.2234211 38.58520126
v 90 9 38.2771225
v 90 13.77906322 43.20354843
v 90 9.38430691 38.92964172
v 90 13.56946468 43.11537552
v 90 13.35121632 43.05156326
v 90 9.47711277 39.2983017
v 90 13.12713051 43.01293945
v 90 9.49861526 39.52560425
v 90 12.89999962 43
v 90 11.10624504 42.24228287
v 90 12.55270576 43.03038406
v 90 12.32639313 43.08402252
v 90 9.4305315 40.12253189
v 90 9.49003696 39.79938126
v 90 12.01461887 43.20664978
v 90 9.29058552 40.49095535
v 90 9.18448734 40.67819214
v 90 11.72770214 43.3795929
v 90 9.04654598 40.86814499
v 90 11.47367287 43.5980072
v 90 8.87183475 41.05535507
v 90 8.6557045 41.23228455
v 90 11.25965691 43.8557663
v 90 14.04396915 46.64052963
v 90 14.2228756 46.5
v 90 15 46.5
v 90 5.82063103 38.51385117
v 90 6 38.2771225
v 90 13.85035706 46.75977707
v 90 5.67829561 38.77453613
v 90 7.5 41.59999847
v 90 7.7961874 41.57794571
v 90 8.0858469 41.51227188
v 90 8.39437866 41.38887787
v 90 11.09167862 44.14561462
v 90 10.9744482 44.45940399
v 90 10.91438198 44.7605896
v 90 10.90043736 45.04180527
v 90 11.10624504 47.75771713
v 90 11.22265339 46.08926773
v 90 11.42544079 46.3511734
v 90 11.625597 46.54139328
v 90 11.8111248 46.67760086
v 90 12.15108109 46.85448456
v 90 12.51854038 46.96328354
v 90 12.89999962 47
v 90 6.41853619 41.28239059
v 90 6.75641775 41.45663071
v 90 7.12116432 41.56379318
v 90 10.92247677 45.29899979
v 90 10.97163868 45.53048706
v 90 11.04044437 45.73624039
v 90 5.5113616 39.38712311
v 90 5.50109911 39.66624832
v 90 5.52594709 39.92111206
v 90 5.57717085 40.15020752
v 90 5.64742231 40.35362625
v 90 5.83117342 40.70227432
v 90 6.03417921 40.9606514
v 90 6.2338376 41.14817047
v 90 15 52.5
v 90 13.21980572 46.97426224
v 90 13.42894363 46.92878342
v 90 13.64446354 46.85627747
v 90 5.56676531 39.08755112
v 90 3.89375544 42.24228287
v 90 10.25771618 48.60624313
v 90 3.37440276 43.45860672
v 90 3.57455945 43.6488266
v 90 8.76593971 48.85164642
v 90 8.96564198 49.03915787
v 90 9.16869736 49.29753113
v 90 3.77734709 43.91073227
v 90 3.1888752 43.32239914
v 90 8.58120441 48.71744537
v 90 8.15147209 46.5
v 90 9.35250282 49.64618683
v 90 2.84891844 43.14551544
v 90 8.24326515 48.54323959
v 90 3.95955586 44.26375961
v 90 9.42278004 49.84962082
v 90 4.02836084 44.46951294
v 90 2.48145938 43.03671646
v 90 7.87847185 48.43613815
v 90 9.47402763 50.07873535
v 90 4.07752275 44.70100021
v 90 9.4988966 50.33361816
v 90 4.09956312 44.95819473
v 90 2.0999999 43
v 90 7.5 48.40000153
v 90 6.84852791 46.5
v 90 9.48865032 50.61276627
v 90 4.0856185 45.2394104
v 90 7.20378113 48.42205811
v 90 1.78019404 43.02573776
v 90 9.43325615 50.91236877
v 90 1.57105637 43.07121658
v 90 4.0255518 45.54059601
v 90 6.91410017 48.48774338
v 90 1.3555367 43.14372253
v 90 9.32172585 51.22541428
v 90 3.90832162 45.85438538
v 90 6.60554886 48.61116028
v 90 1.14964294 43.24022293
v 90 3.74034333 46.1442337
v 90 6.34420252 48.76778412
v 90 9 52.5
v 90 9 51.7228775
v 90 9.17938328 51.48612595
v 90 0 43.5
v 90 0.95603055 43.35947037
v 90 0.77712435 43.5
v 90 3.89375544 47.75771713
v 90 2.9853816 46.79335022
v 90 3.27229786 46.6204071
v 90 3.52632713 46.4019928
v 90 4.74228334 48.60624313
v 90 6.12806273 48.94473648
v 90 5.95335388 49.13197708
v 90 5.81541681 49.32195663
v 90 5.70932484 49.50922775
v 90 2.6736064 46.91597748
v 90 5.5694046 49.87769699
v 90 2.44729424 46.96961594
v 90 5.50993729 50.20088196
v 90 2.0999999 47
v 90 5.50139666 50.47468948
v 90 6 52.5
v 90 5.77676821 51.41511917
v 90 6 51.7228775
v 90 0 46.5
v 90 0.77712435 46.5
v 90 1.03400159 46.69223022
v 90 1.22093701 46.79645157
v 90 0 52.5
v 90 5.52293491 50.70201111
v 90 5.61580658 51.07068253
v 90 1.43053532 46.88462448
v 90 1.6487838 46.94843674
v 90 1.87286985 46.98706055
v 90.09999847 8.15147209 46.5
v 90.09999847 6.84852791 46.5
v 90.09999847 4.74228334 48.60624313
v 90.09999847 3.89375544 47.75771713
v 90.09999847 11.10624504 47.75771713
v 90.09999847 10.25771618 48.60624313
v 60 7.69910717 48.409935
v 60 7.89623594 48.43964386
v 60 8.08942795 48.48883057
v 60 8.27676392 48.55700302
v 60 8.4563818 48.64348984
v 60 8.62649727 48.74742508
v 60 8.78542137 48.86778259
v 60 8.93157291 49.00336075
v 60 9.06350136 49.15281677
v 60 9.1798954 49.31466675
v 60 9.27959919 49.48729706
v 60 9.36162186 49.6689949
v 60 9.42514706 49.85795975
v 60 9.46954536 50.05230713
v 60 9.49437523 50.25011063
v 60 9.49938965 50.44940186
v 60 9.48453903 50.64820099
v 60 9.4499712 50.84453583
v 60 9.39602852 51.03645706
v 60 9.32324791 51.22204971
v 60 9.23235226 51.3994751
v 60 9.12424564 51.56697464
v 60 5.87575483 51.56697464
v 60 5.76764727 51.3994751
v 60 5.67675161 51.22204971
v 60 5.60397148 51.03645706
v 60 5.55002928 50.84453583
v 60 5.51546097 50.64820099
v 60 5.50061035 50.44940186
v 60 5.50562477 50.25011063
v 60 5.53045464 50.05230713
v 60 5.57485294 49.85795975
v 60 5.63837862 49.6689949
v 60 5.72040081 49.48729706
v 60 5.82010412 49.31466675
v 60 5.93649864 49.15281677
v 60 6.06842709 49.00336075
v 60 6.21457911 48.86778259
v 60 6.37350225 48.74742508
v 60 6.5436182 48.64348984
v 60 6.72323656 48.55700302
v 60 6.91057205 48.48883057
v 60 7.10376406 48.43964386
v 60 7.30089283 48.409935
v 60 0 47
v 64.40000153 0 47
v 64.40000153 0 46.5
v 64.40000153 0.77712435 46.5
v 64.40000153 2.0999999 47
v 64.40000153 1.9195621 46.99184418
v 64.40000153 1.74059594 46.96744156
v 64.40000153 1.56456101 46.92699432
v 64.40000153 1.3928932 46.87083054
v 64.40000153 1.22699261 46.79940414
v 64.40000153 1.06821239 46.71330643
v 64.40000153 0.91784751 46.61323166
v 64.40000153 2.0999999 43
v 64.40000153 2.29603434 43.00963211
v 64.40000153 2.49018073 43.03842926
v 64.40000153 2.68056941 43.08612061
v 64.40000153 2.86536694 43.15224075
v 64.40000153 3.04279351 43.23615646
v 64.40000153 3.21114039 43.33705902
v 64.40000153 3.36878657 43.45397949
v 64.40000153 3.51421356 43.58578491
v 64.40000153 3.64602089 43.73121262
v 64.40000153 3.76293921 43.8888588
v 64.40000153 3.86384249 44.0572052
v 64.40000153 3.94775915 44.2346344
v 64.40000153 4.01388073 44.41942978
v 64.40000153 4.06157064 44.6098175
v 64.40000153 4.09036922 44.80396652
v 64.40000153 4.0999999 45
v 64.40000153 4.09036922 45.19603348
v 64.40000153 4.06157064 45.3901825
v 64.40000153 4.01388073 45.58057022
v 64.40000153 3.94775915 45.7653656
v 64.40000153 3.86384249 45.9427948
v 64.40000153 3.76293921 46.1111412
v 64.40000153 3.64602089 46.26878738
v 64.40000153 3.51421356 46.41421509
v 64.40000153 3.36878657 46.54602051
v 64.40000153 3.21114039 46.66294098
v 64.40000153 3.04279351 46.76384354
v 64.40000153 2.86536694 46.84775925
v 64.40000153 2.68056941 46.91387939
v 64.40000153 2.49018073 46.96157074
v 64.40000153 2.29603434 46.99036789
v 64.40000153 0.95597148 43.35951614
v 64.40000153 0.77712435 43.5
v 64.40000153 1.14959896 43.24024963
v 64.40000153 1.35548508 43.14374161
v 64.40000153 1.5709902 43.07123184
v 64.40000153 1.78013837 43.02574921
v 64.40000153 0 43.5
v 64.40000153 0 43
v 60 0 43
v 60 7.30089283 41.590065
v 60 7.10376406 41.56035614
v 60 6.91057205 41.51116943
v 60 6.72323656 41.44299698
v 60 6.5436182 41.35651016
v 60 6.37350225 41.25257492
v 60 6.21457911 41.13221741
v 60 6.06842709 40.99663925
v 60 5.93649864 40.84718323
v 60 5.82010412 40.68533325
v 60 5.72040081 40.51270294
v 60 5.63837862 40.3310051
v 60 5.57485294 40.14204025
v 60 5.53045464 39.94769287
v 60 5.50562477 39.74988937
v 60 5.50061035 39.55059814
v 60 5.51546097 39.35179901
v 60 5.55002928 39.15546417
v 60 5.60397148 38.96354294
v 60 5.67675161 38.77795029
v 60 5.76764727 38.6005249
v 60 5.87575483 38.43302536
v 60 9.12424564 38.43302536
v 60 9.23235226 38.6005249
v 60 9.32324791 38.77795029
v 60 9.39602852 38.96354294
v 60 9.4499712 39.15546417
v 60 9.48453903 39.35179901
v 60 9.49938965 39.55059814
v 60 9.49437523 39.74988937
v 60 9.46954536 39.94769287
v 60 9.42514706 40.14204025
v 60 9.36162186 40.3310051
v 60 9.27959919 40.51270294
v 60 9.1798954 40.68533325
v 60 9.06350136 40.84718323
v 60 8.93157291 40.99663925
v 60 8.78542137 41.13221741
v 60 8.62649727 41.25257492
v 60 8.4563818 41.35651016
v 60 8.27676392 41.44299698
v 60 8.08942795 41.51116943
v 60 7.89623594 41.56035614
v 60 7.69910717 41.590065
v 64.40000153 15 43
v 64.40000153 15 43.5
v 60 15 43
v 64.40000153 14.2228756 43.5
v 64.40000153 12.89999962 43
v 64.40000153 13.08043766 43.00815582
v 64.40000153 13.25940418 43.03255844
v 64.40000153 13.43543911 43.07300568
v 64.40000153 13.60710716 43.12916946
v 64.40000153 13.77300739 43.20059586
v 64.40000153 13.93178749 43.28669357
v 64.40000153 14.08215237 43.38676834
v 64.40000153 12.51867199 46.96326828
v 64.40000153 12.89999962 47
v 64.40000153 12.15144157 46.85437393
v 64.40000153 11.81172848 46.6774025
v 64.40000153 11.62630081 46.54119492
v 64.40000153 11.4261837 46.35106277
v 64.40000153 11.22331142 46.08937073
v 64.40000153 11.04086113 45.73666763
v 64.40000153 10.97190952 45.53108597
v 64.40000153 10.92261028 45.29973602
v 64.40000153 10.90045452 45.04263687
v 64.40000153 10.91428375 44.76149368
v 64.40000153 10.97427082 44.46043015
v 64.40000153 11.09146404 44.14681244
v 64.40000153 11.25964642 43.85671234
v 64.40000153 11.47398281 43.59859085
v 64.40000153 11.72824955 43.379879
v 64.40000153 12.01510525 43.20679474
v 64.40000153 12.32648468 43.08412552
v 64.40000153 12.55272865 43.03041458
v 64.40000153 14.2228756 46.5
v 64.40000153 14.08215237 46.61323166
v 64.40000153 13.93178749 46.71330643
v 64.40000153 13.77300739 46.79940414
v 64.40000153 13.60710716 46.87083054
v 64.40000153 13.43543911 46.92699432
v 64.40000153 13.25940418 46.96744156
v 64.40000153 13.08043766 46.99184418
v 64.40000153 15 46.5
v 64.40000153 15 47
v 60 15 47
v 60 10.60000038 47
v 60 10.60000038 46.5
v 60 4.4000001 47
v 60 4.4000001 46.5
v 62.09999847 4.4000001 47
v 64.40000153 4.4000001 47
v 64.40000153 4.4000001 43
v 60 4.4000001 43
v 62.09999847 4.4000001 43
v 60 10.60000038 43
v 60 10.60000038 43.5
v 60 4.4000001 43.5
v 62.09999847 10.60000038 43
v 64.40000153 10.60000038 43
v 64.40000153 10.60000038 47
v 62.09999847 10.60000038 47
v 60.7771225 4.4000001 46.5
v 61.35553741 4.4000001 46.85627747
v 61.14964294 4.4000001 46.75977707
v 60.9560318 4.4000001 46.64052963
v 61.78019333 4.4000001 46.97426224
v 61.57105637 4.4000001 46.92878342
v 60.7771225 10.60000038 46.5
v 61.0340004 10.60000038 46.69223022
v 61.22093582 10.60000038 46.79645157
v 61.8728714 10.60000038 46.98706055
v 61.64878464 10.60000038 46.94843674
v 61.43053436 10.60000038 46.88462448
v 63.65644836 4.4000001 43.74403
v 63.47209167 4.4000001 43.54488373
v 63.21784973 4.4000001 43.34156418
v 63.78831863 4.4000001 43.92781448
v 62.87431717 4.4000001 43.15597534
v 63.95939636 4.4000001 44.26335907
v 62.67360687 4.4000001 43.08402252
v 64.06453705 4.4000001 44.62503052
v 62.44729614 4.4000001 43.03038406
v 64.09999847 4.4000001 45
v 64.06961823 4.4000001 45.34729385
v 64.01597595 4.4000001 45.5736084
v 63.94402695 4.4000001 45.7743187
v 63.75843811 4.4000001 46.11784744
v 63.55511475 4.4000001 46.37208939
v 63.35597229 4.4000001 46.55644989
v 63.17218781 4.4000001 46.68831635
v 62.83664322 4.4000001 46.85939789
v 62.47496796 4.4000001 46.96453476
v 60.7771225 4.4000001 43.5
v 61.0340004 4.4000001 43.30776978
v 61.22093582 4.4000001 43.20354843
v 61.43053436 4.4000001 43.11537552
v 61.64878464 4.4000001 43.05156326
v 61.8728714 4.4000001 43.01293945
v 60.7771225 10.60000038 43.5
v 60.9560318 10.60000038 43.35947037
v 61.14964294 10.60000038 43.24022293
v 61.35553741 10.60000038 43.14372253
v 61.57105637 10.60000038 43.07121658
v 61.78019333 10.60000038 43.02573776
v 63.55511475 10.60000038 43.62791061
v 63.35597229 10.60000038 43.44355011
v 63.17218781 10.60000038 43.31168365
v 62.83664322 10.60000038 43.14060211
v 62.47496796 10.60000038 43.03546524
v 63.75843811 10.60000038 43.88215256
v 63.94402695 10.60000038 44.2256813
v 64.01597595 10.60000038 44.4263916
v 64.06961823 10.60000038 44.65270615
v 64.09999847 10.60000038 45
v 62.67360687 10.60000038 46.91597748
v 62.87431717 10.60000038 46.84402466
v 63.21784973 10.60000038 46.65843582
v 63.47209167 10.60000038 46.45511627
v 63.65644836 10.60000038 46.25597
v 63.78831863 10.60000038 46.07218552
v 63.95939636 10.60000038 45.73664093
v 64.06453705 10.60000038 45.37496948
v 62.44729614 10.60000038 46.96961594
v 0.98700851 5.83829927 43.3382988
v 0.77712435 6 43.5
v 0.77712435 9 43.5
v 0.98700851 9.1617012 43.3382988
v 1.22174871 5.98549938 43.20325089
v 1.24848568 8.99862385 43.18989944
v 1.47757745 6.11827993 43.09929657
v 1.51524937 8.86544037 43.08741379
v 1.79243326 6.22818041 43.02375412
v 1.79864264 8.7709713 43.02318954
v 2.0999999 6.26610374 43
v 2.0999999 8.73389626 43
v 2.4000001 8.76984215 43.02262878
v 2.4000001 8.93464756 43.13874054
v 2.4000001 9.08889484 43.26855087
v 2.4000001 9.23144817 43.41110611
v 1.22146094 9.29680538 43.48534012
v 2.4000001 9.36125946 43.56535339
v 1.47720456 9.4007206 43.6181221
v 2.4000001 9.47737217 43.73015594
v 1.79218876 9.47609329 43.72810364
v 2.0999999 9.5 43.76610184
v 2.4000001 6.23015738 43.02262878
v 2.4000001 5.52262783 43.73015594
v 2.0999999 5.50009489 43.76594925
v 1.79848397 5.52293921 43.72959137
v 2.4000001 5.54124355 43.70162582
v 2.0999999 5.57970476 43.64538956
v 1.51600575 5.58712339 43.63501358
v 2.4000001 5.56027031 43.67337036
v 2.4000001 5.57970476 43.64538956
v 1.81782091 5.64995527 43.55091858
v 1.24823093 5.69043875 43.50060272
v 1.69992208 5.83742523 43.33917236
v 1.81671011 6.05003786 43.15064621
v 2.0999999 6.14539051 43.07970428
v 2.4000001 6.17336941 43.06027222
v 2.4000001 6.14539051 43.07970428
v 2.4000001 6.20162678 43.04124451
v 2.0999999 5.50001764 46.23392487
v 1.79021883 5.52417326 46.27238846
v 1.47330236 5.6006465 46.38370895
v 1.21876311 5.70475197 46.51645279
v 0.98700851 5.83829927 46.6617012
v 0.77712435 6 46.5
v 0.1 6.84852791 43.5
v 0.1 6 43.5
v 0.1 8.15147209 43.5
v 0 6.84852791 43.5
v 0 8.15147209 43.5
v 0.1 9 43.5
v 0.98700851 9.1617012 46.6617012
v 0.77712435 9 46.5
v 1.24848568 9.31010151 46.49862289
v 1.51524937 9.41258621 46.36544037
v 1.79864264 9.47681046 46.27096939
v 2.0999999 9.5 46.23389816
v 2.4000001 9.47737217 46.26984406
v 2.4000001 9.42029476 46.35461044
v 2.4000001 9.45875645 46.29837418
v 2.4000001 9.43972969 46.32662964
v 2.0999999 9.42029476 46.35461044
v 2.0999999 8.85460949 46.92029572
v 1.81564236 8.95083809 46.8486824
v 1.70002759 9.16453648 46.65898514
v 1.81863081 9.35041714 46.4484787
v 2.4000001 8.85460949 46.92029572
v 2.4000001 8.79837322 46.95875549
v 2.4000001 8.82663059 46.93972778
v 2.4000001 8.76984215 46.97737122
v 2.4000001 6.23015738 46.97737122
v 2.4000001 5.52262783 46.26984406
v 2.4000001 5.63874102 46.43464661
v 2.4000001 5.76855183 46.58889389
v 2.4000001 6.06535196 46.86125946
v 2.4000001 5.91110516 46.73144913
v 1.79848397 6.22959137 46.97706223
v 1.51600575 6.13501215 46.91287613
v 2.0999999 6.2659502 46.99990463
v 1.24823093 6.00060415 46.80956268
v 2.0999999 8.73392487 46.99998093
v 1.79021883 8.77238655 46.97582626
v 1.47330236 8.883708 46.89935303
v 1.21876311 9.01645279 46.79524994
v 0.1 6 45.65147018
v 0.1 6 46.5
v 0.1 6 44.34852982
v 0 6 45.65147018
v 0 6 44.34852982
v 0.1 10.25771618 41.39375687
v 0 10.25771618 41.39375687
v 0.1 11.10624504 42.24228287
v 0.1 9 44.34852982
v 0.1 9 45.65147018
v 0 9 44.34852982
v 0 9 45.65147018
v 0.1 9 46.5
v 0.1 4.74228334 41.39375687
v 0.1 3.89375544 42.24228287
v 0 4.74228334 41.39375687
v 0 13.96599865 43.30776978
v 0 15 43.5
v 0 14.2228756 43.5
v 0 9.2234211 38.58520126
v 0 9 38.2771225
v 0 13.77906322 43.20354843
v 0 9.38430691 38.92964172
v 0 13.56946468 43.11537552
v 0 13.35121632 43.05156326
v 0 9.47711277 39.2983017
v 0 13.12713051 43.01293945
v 0 9.49861526 39.52560425
v 0 12.89999962 43
v 0 11.10624504 42.24228287
v 0 12.55270576 43.03038406
v 0 12.32639313 43.08402252
v 0 9.4305315 40.12253189
v 0 9.49003696 39.79938126
v 0 12.01461887 43.20664978
v 0 9.29058552 40.49095535
v 0 9.18448734 40.67819214
v 0 11.72770214 43.3795929
v 0 9.04654598 40.86814499
v 0 11.47367287 43.5980072
v 0 8.87183475 41.05535507
v 0 8.6557045 41.23228455
v 0 11.25965691 43.8557663
v 0 14.04396915 46.64052963
v 0 14.2228756 46.5
v 0 15 46.5
v 0 5.82063103 38.51385117
v 0 6 38.2771225
v 0 13.85035706 46.75977707
v 0 5.67829561 38.77453613
v 0 7.5 41.59999847
v 0 7.7961874 41.57794571
v 0 8.0858469 41.51227188
v 0 8.39437866 41.38887787
v 0 11.09167862 44.14561462
v 0 10.9744482 44.45940399
v 0 10.91438198 44.7605896
v 0 10.90043736 45.04180527
v 0 11.10624504 47.75771713
v 0 11.22265339 46.08926773
v 0 11.42544079 46.3511734
v 0 11.625597 46.54139328
v 0 11.8111248 46.67760086
v 0 12.15108109 46.85448456
v 0 12.51854038 46.96328354
v 0 12.89999962 47
v 0 6.41853619 41.28239059
v 0 6.75641775 41.45663071
v 0 7.12116432 41.56379318
v 0 10.92247677 45.29899979
v 0 10.97163868 45.53048706
v 0 11.04044437 45.73624039
v 0 5.5113616 39.38712311
v 0 5.50109911 39.66624832
v 0 5.52594709 39.92111206
v 0 5.57717085 40.15020752
v 0 5.64742231 40.35362625
v 0 5.83117342 40.70227432
v 0 6.03417921 40.9606514
v 0 6.2338376 41.14817047
v 0 15 52.5
v 0 13.21980572 46.97426224
v 0 13.42894363 46.92878342
v 0 13.64446354 46.85627747
v 0 5.56676531 39.08755112
v 0 3.89375544 42.24228287
v 0 10.25771618 48.60624313
v 0 3.37440276 43.45860672
v 0 3.57455945 43.6488266
v 0 8.76593971 48.85164642
v 0 8.96564198 49.03915787
v 0 9.16869736 49.29753113
v 0 3.77734709 43.91073227
v 0 3.1888752 43.32239914
v 0 8.58120441 48.71744537
v 0 8.15147209 46.5
v 0 9.35250282 49.64618683
v 0 2.84891844 43.14551544
v 0 8.24326515 48.54323959
v 0 3.95955586 44.26375961
v 0 9.42278004 49.84962082
v 0 4.02836084 44.46951294
v 0 2.48145938 43.03671646
v 0 7.87847185 48.43613815
v 0 9.47402763 50.07873535
v 0 4.07752275 44.70100021
v 0 9.4988966 50.33361816
v 0 4.09956312 44.95819473
v 0 2.0999999 43
v 0 7.5 48.40000153
v 0 6.84852791 46.5
v 0 9.48865032 50.61276627
v 0 4.0856185 45.2394104
v 0 7.20378113 48.42205811
v 0 1.78019404 43.02573776
v 0 9.43325615 50.91236877
v 0 1.57105637 43.07121658
v 0 4.0255518 45.54059601
v 0 6.91410017 48.48774338
v 0 1.3555367 43.14372253
v 0 9.32172585 51.22541428
v 0 3.90832162 45.85438538
v 0 6.60554886 48.61116028
v 0 1.14964294 43.24022293
v 0 3.74034333 46.1442337
v 0 6.34420252 48.76778412
v 0 9 52.5
v 0 9 51.7228775
v 0 9.17938328 51.48612595
v 0 0 43.5
v 0 0.95603055 43.35947037
v 0 0.77712435 43.5
v 0 3.89375544 47.75771713
v 0 2.9853816 46.79335022
v 0 3.27229786 46.6204071
v 0 3.52632713 46.4019928
v 0 4.74228334 48.60624313
v 0 6.12806273 48.94473648
v 0 5.95335388 49.13197708
v 0 5.81541681 49.32195663
v 0 5.70932484 49.50922775
v 0 2.6736064 46.91597748
v 0 5.5694046 49.87769699
v 0 2.44729424 46.96961594
v 0 5.50993729 50.20088196
v 0 2.0999999 47
v 0 5.50139666 50.47468948
v 0 6 52.5
v 0 5.77676821 51.41511917
v 0 6 51.7228775
v 0 0 46.5
v 0 0.77712435 46.5
v 0 1.03400159 46.69223022
v 0 1.22093701 46.79645157
v 0 0 52.5
v 0 5.52293491 50.70201111
v 0 5.61580658 51.07068253
v 0 1.43053532 46.88462448
v 0 1.6487838 46.94843674
v 0 1.87286985 46.98706055
v 0.1 8.15147209 46.5
v 0.1 6.84852791 46.5
v 0.1 4.74228334 48.60624313
v 0.1 3.89375544 47.75771713
v 0.1 11.10624504 47.75771713
v 0.1 10.25771618 48.60624313
v -30 0 47
v -25.60000038 0 47
v -25.60000038 0 46.5
v -25.60000038 0.77712435 46.5
v -25.60000038 2.0999999 47
v -25.60000038 1.9195621 46.99184418
v -25.60000038 1.74059594 46.96744156
v -25.60000038 1.56456101 46.92699432
v -25.60000038 1.3928932 46.87083054
v -25.60000038 1.22699261 46.79940414
v -25.60000038 1.06821239 46.71330643
v -25.60000038 0.91784751 46.61323166
v -25.60000038 2.0999999 43
v -25.60000038 2.29603434 43.00963211
v -25.60000038 2.49018073 43.03842926
v -25.60000038 2.68056941 43.08612061
v -25.60000038 2.86536694 43.15224075
v -25.60000038 3.04279351 43.23615646
v -25.60000038 3.21114039 43.33705902
v -25.60000038 3.36878657 43.45397949
v -25.60000038 3.51421356 43.58578491
v -25.60000038 3.64602089 43.73121262
v -25.60000038 3.76293921 43.8888588
v -25.60000038 3.86384249 44.0572052
v -25.60000038 3.94775915 44.2346344
v -25.60000038 4.01388073 44.41942978
v -25.60000038 4.06157064 44.6098175
v -25.60000038 4.09036922 44.80396652
v -25.60000038 4.0999999 45
v -25.60000038 4.09036922 45.19603348
v -25.60000038 4.06157064 45.3901825
v -25.60000038 4.01388073 45.58057022
v -25.60000038 3.94775915 45.7653656
v -25.60000038 3.86384249 45.9427948
v -25.60000038 3.76293921 46.1111412
v -25.60000038 3.64602089 46.26878738
v -25.60000038 3.51421356 46.41421509
v -25.60000038 3.36878657 46.54602051
v -25.60000038 3.21114039 46.66294098
v -25.60000038 3.04279351 46.76384354
v -25.60000038 2.86536694 46.84775925
v -25.60000038 2.68056941 46.91387939
v -25.60000038 2.49018073 46.96157074
v -25.60000038 2.29603434 46.99036789
v -25.60000038 0.95597148 43.35951614
v -25.60000038 0.77712435 43.5
v -25.60000038 1.14959896 43.24024963
v -25.60000038 1.35548508 43.14374161
v -25.60000038 1.5709902 43.07123184
v -25.60000038 1.78013837 43.02574921
v -25.60000038 0 43.5
v -25.60000038 0 43
v -30 0 43
v -25.60000038 15 43
v -25.60000038 15 43.5
v -30 15 43
v -25.60000038 14.2228756 43.5
v -25.60000038 12.89999962 43
v -25.60000038 13.08043766 43.00815582
v -25.60000038 13.25940418 43.03255844
v -25.60000038 13.43543911 43.07300568
v -25.60000038 13.60710716 43.12916946
v -25.60000038 13.77300739 43.20059586
v -25.60000038 13.93178749 43.28669357
v -25.60000038 14.08215237 43.38676834
v -25.60000038 12.51867199 46.96326828
v -25.60000038 12.89999962 47
v -25.60000038 12.15144157 46.85437393
v -25.60000038 11.81172848 46.6774025
v -25.60000038 11.62630081 46.54119492
v -25.60000038 11.4261837 46.35106277
v -25.60000038 11.22331142 46.08937073
v -25.60000038 11.04086113 45.73666763
v -25.60000038 10.97190952 45.53108597
v -25.60000038 10.92261028 45.29973602
v -25.60000038 10.90045452 45.04263687
v -25.60000038 10.91428375 44.76149368
v -25.60000038 10.97427082 44.46043015
v -25.60000038 11.09146404 44.14681244
v -25.60000038 11.25964642 43.85671234
v -25.60000038 11.47398281 43.59859085
v -25.60000038 11.72824955 43.379879
v -25.60000038 12.01510525 43.20679474
v -25.60000038 12.32648468 43.08412552
v -25.60000038 12.55272865 43.03041458
v -25.60000038 14.2228756 46.5
v -25.60000038 14.08215237 46.61323166
v -25.60000038 13.93178749 46.71330643
v -25.60000038 13.77300739 46.79940414
v -25.60000038 13.60710716 46.87083054
v -25.60000038 13.43543911 46.92699432
v -25.60000038 13.25940418 46.96744156
v -25.60000038 13.08043766 46.99184418
v -25.60000038 15 46.5
v -25.60000038 15 47
v -30 15 47
v -30 10.60000038 47
v -30 10.60000038 46.5
v -30 4.4000001 47
v -30 4.4000001 46.5
v -27.89999962 4.4000001 47
v -25.60000038 4.4000001 47
v -25.60000038 4.4000001 43
v -30 4.4000001 43
v -27.89999962 4.4000001 43
v -30 10.60000038 43
v -30 10.60000038 43.5
v -30 4.4000001 43.5
v -27.89999962 10.60000038 43
v -25.60000038 10.60000038 43
v -25.60000038 10.60000038 47
v -27.89999962 10.60000038 47
v -29.2228756 4.4000001 46.5
v -28.64446259 4.4000001 46.85627747
v -28.85035706 4.4000001 46.75977707
v -29.04397011 4.4000001 46.64052963
v -28.21980667 4.4000001 46.97426224
v -28.42894363 4.4000001 46.92878342
v -29.2228756 10.60000038 46.5
v -28.9659977 10.60000038 46.69223022
v -28.77906227 10.60000038 46.79645157
v -28.12713051 10.60000038 46.98706055
v -28.35121536 10.60000038 46.94843674
v -28.56946564 10.60000038 46.88462448
v -26.34355164 4.4000001 43.74403
v -26.52791023 4.4000001 43.54488373
v -26.78215218 4.4000001 43.34156418
v -26.21168327 4.4000001 43.92781448
v -27.12568283 4.4000001 43.15597534
v -26.04060364 4.4000001 44.26335907
v -27.32639313 4.4000001 43.08402252
v -25.93546486 4.4000001 44.62503052
v -27.55270576 4.4000001 43.03038406
v -25.89999962 4.4000001 45
v -25.93038559 4.4000001 45.34729385
v -25.98402214 4.4000001 45.5736084
v -26.05597496 4.4000001 45.7743187
v -26.24156189 4.4000001 46.11784744
v -26.44488335 4.4000001 46.37208939
v -26.64402771 4.4000001 46.55644989
v -26.82781219 4.4000001 46.68831635
v -27.16335678 4.4000001 46.85939789
v -27.52503204 4.4000001 46.96453476
v -29.2228756 4.4000001 43.5
v -28.9659977 4.4000001 43.30776978
v -28.77906227 4.4000001 43.20354843
v -28.56946564 4.4000001 43.11537552
v -28.35121536 4.4000001 43.05156326
v -28.12713051 4.4000001 43.01293945
v -29.2228756 10.60000038 43.5
v -29.04397011 10.60000038 43.35947037
v -28.85035706 10.60000038 43.24022293
v -28.64446259 10.60000038 43.14372253
v -28.42894363 10.60000038 43.07121658
v -28.21980667 10.60000038 43.02573776
v -26.44488335 10.60000038 43.62791061
v -26.64402771 10.60000038 43.44355011
v -26.82781219 10.60000038 43.31168365
v -27.16335678 10.60000038 43.14060211
v -27.52503204 10.60000038 43.03546524
v -26.24156189 10.60000038 43.88215256
v -26.05597496 10.60000038 44.2256813
v -25.98402214 10.60000038 44.4263916
v -25.93038559 10.60000038 44.65270615
v -25.89999962 10.60000038 45
v -27.32639313 10.60000038 46.91597748
v -27.12568283 10.60000038 46.84402466
v -26.78215218 10.60000038 46.65843582
v -26.52791023 10.60000038 46.45511627
v -26.34355164 10.60000038 46.25597
v -26.21168327 10.60000038 46.07218552
v -26.04060364 10.60000038 45.73664093
v -25.93546486 10.60000038 45.37496948
v -27.55270576 10.60000038 46.96961594
v 30.98700905 5.83829927 43.3382988
v 30.7771244 6 43.5
v 30.7771244 9 43.5
v 30.98700905 9.1617012 43.3382988
v 31.22174835 5.98549938 43.20325089
v 31.24848557 8.99862385 43.18989944
v 31.47757721 6.11827993 43.09929657
v 31.51524925 8.86544037 43.08741379
v 31.79243279 6.22818041 43.02375412
v 31.79864311 8.7709713 43.02318954
v 32.09999847 6.26610374 43
v 32.09999847 8.73389626 43
usemtl mat1
f 1 2 3
f 3 2 4
f 4 5 6
f 2 5 4
f 6 7 8
f 5 7 6
f 8 9 10
f 7 9 8
f 10 11 12
f 9 11 10
f 12 13 14
f 11 13 12
f 14 15 16
f 16 15 17
f 13 15 14
f 15 18 17
f 19 20 21
f 22 23 24
f 22 24 25
f 26 25 20
f 26 20 19
f 27 22 25
f 28 25 26
f 29 25 28
f 30 27 25
f 31 25 29
f 32 30 25
f 33 25 31
f 34 33 35
f 34 35 36
f 34 25 33
f 37 32 25
f 37 25 34
f 37 38 39
f 37 39 32
f 40 34 36
f 41 38 37
f 42 41 37
f 43 34 40
f 44 42 37
f 45 34 43
f 46 44 37
f 16 17 47
f 48 46 37
f 49 34 45
f 50 51 52
f 14 16 47
f 12 14 47
f 53 51 50
f 54 49 55
f 54 55 56
f 54 56 57
f 54 57 58
f 54 34 49
f 59 60 61
f 59 61 62
f 59 62 63
f 59 63 48
f 59 48 37
f 64 65 66
f 64 66 67
f 64 67 68
f 64 68 69
f 64 69 70
f 64 70 3
f 64 3 4
f 71 72 73
f 71 73 74
f 71 74 75
f 71 75 76
f 71 76 77
f 71 77 78
f 71 78 79
f 71 79 80
f 81 65 64
f 81 58 82
f 81 82 83
f 81 83 84
f 81 84 65
f 81 54 58
f 85 71 80
f 85 80 86
f 85 86 87
f 85 87 60
f 85 60 59
f 88 4 6
f 88 6 8
f 88 8 10
f 88 10 12
f 88 12 47
f 88 64 4
f 89 72 71
f 89 53 90
f 89 90 72
f 89 51 53
f 91 64 88
f 92 89 71
f 93 92 94
f 95 94 92
f 96 91 97
f 98 92 93
f 99 95 92
f 100 97 91
f 101 91 96
f 102 92 98
f 103 92 102
f 104 105 106
f 107 100 91
f 108 109 101
f 110 92 103
f 111 104 106
f 112 107 91
f 113 92 110
f 114 111 106
f 115 109 108
f 116 112 91
f 117 92 113
f 118 114 106
f 119 116 91
f 120 92 117
f 121 106 122
f 121 118 106
f 123 124 109
f 123 109 115
f 125 89 92
f 125 92 120
f 126 121 122
f 127 91 88
f 127 119 91
f 128 124 123
f 129 89 125
f 130 126 122
f 131 127 88
f 132 89 129
f 133 130 122
f 134 124 128
f 135 89 132
f 136 133 122
f 137 131 88
f 138 89 135
f 139 124 134
f 140 136 122
f 141 140 122
f 142 124 139
f 143 144 145
f 143 145 137
f 143 137 88
f 146 147 148
f 146 149 147
f 146 138 149
f 146 89 138
f 150 151 141
f 150 152 151
f 150 153 152
f 150 154 153
f 150 155 154
f 150 141 122
f 156 124 142
f 156 142 157
f 156 157 158
f 156 158 159
f 156 159 160
f 161 155 150
f 162 161 150
f 163 156 160
f 164 162 150
f 165 156 163
f 166 164 150
f 167 166 150
f 168 156 165
f 169 167 150
f 170 171 172
f 173 174 175
f 173 176 174
f 173 177 176
f 178 171 170
f 178 150 156
f 178 168 179
f 178 179 180
f 178 180 171
f 178 173 175
f 178 156 168
f 178 181 169
f 178 182 181
f 178 183 182
f 178 175 183
f 178 169 150
f 92 106 99
f 99 106 105
f 109 91 101
f 184 185 33
f 33 185 35
f 35 186 36
f 185 186 35
f 186 187 36
f 36 188 40
f 187 188 36
f 188 189 40
f 40 190 43
f 189 190 40
f 190 191 43
f 191 45 43
f 191 192 45
f 45 193 49
f 192 193 45
f 193 194 49
f 49 195 55
f 194 195 49
f 195 196 55
f 196 56 55
f 196 197 56
f 197 198 56
f 56 198 57
f 198 199 57
f 199 58 57
f 199 200 58
f 200 201 58
f 58 201 82
f 201 202 82
f 82 202 83
f 202 203 83
f 83 203 84
f 203 204 84
f 204 205 84
f 84 205 65
f 205 206 65
f 206 207 65
f 65 207 66
f 207 208 66
f 66 208 67
f 208 209 67
f 209 210 67
f 67 210 68
f 210 211 68
f 211 69 68
f 211 212 69
f 212 213 69
f 213 70 69
f 213 214 70
f 70 215 3
f 214 215 70
f 215 1 3
f 15 216 18
f 217 218 219
f 13 216 15
f 220 217 219
f 11 216 13
f 11 221 216
f 222 220 219
f 222 219 221
f 9 221 11
f 223 222 221
f 7 221 9
f 224 223 221
f 5 221 7
f 225 224 221
f 2 221 5
f 226 225 221
f 227 221 2
f 227 2 1
f 227 213 212
f 227 214 213
f 227 215 214
f 227 1 215
f 228 229 226
f 228 230 229
f 228 231 230
f 228 232 231
f 228 226 221
f 228 221 227
f 233 232 228
f 211 227 212
f 234 233 228
f 210 227 211
f 235 234 228
f 209 227 210
f 236 235 228
f 208 227 209
f 237 236 228
f 207 227 208
f 238 239 240
f 241 242 243
f 244 237 228
f 206 227 207
f 245 238 240
f 246 242 241
f 247 245 240
f 248 242 246
f 249 244 228
f 249 250 244
f 249 251 250
f 249 252 251
f 249 253 252
f 249 254 253
f 249 255 254
f 256 201 200
f 256 202 201
f 256 203 202
f 256 204 203
f 256 205 204
f 257 184 258
f 257 185 184
f 257 186 185
f 257 187 186
f 257 188 187
f 257 189 188
f 257 190 189
f 257 191 190
f 257 192 191
f 257 193 192
f 257 194 193
f 259 194 257
f 259 195 194
f 259 196 195
f 259 197 196
f 259 198 197
f 259 199 198
f 259 200 199
f 259 256 200
f 260 261 262
f 260 263 261
f 260 264 263
f 260 265 264
f 260 266 265
f 260 267 266
f 260 268 267
f 260 269 268
f 260 270 269
f 260 271 270
f 272 273 274
f 272 275 273
f 272 276 275
f 272 262 276
f 272 260 262
f 272 255 249
f 272 277 255
f 272 274 277
f 278 279 271
f 278 242 248
f 278 280 279
f 278 281 280
f 278 248 281
f 278 271 260
f 282 283 247
f 282 284 283
f 282 285 284
f 282 258 285
f 282 247 240
f 282 257 258
f 286 278 260
f 287 257 282
f 288 287 289
f 290 286 291
f 292 289 287
f 293 287 288
f 293 294 287
f 295 291 286
f 295 286 296
f 297 286 290
f 298 292 287
f 299 294 293
f 300 298 287
f 301 294 299
f 302 286 297
f 303 295 296
f 304 300 287
f 305 294 301
f 306 304 287
f 307 303 296
f 308 294 305
f 309 286 302
f 310 306 287
f 311 307 296
f 312 294 308
f 313 310 287
f 314 311 296
f 314 296 315
f 316 294 312
f 316 317 294
f 318 286 309
f 318 278 286
f 319 313 287
f 319 287 282
f 320 317 316
f 321 314 315
f 322 319 282
f 323 278 318
f 324 317 320
f 325 322 282
f 326 278 323
f 327 321 315
f 328 317 324
f 329 325 282
f 330 278 326
f 331 317 328
f 332 329 282
f 333 327 315
f 334 278 330
f 335 317 331
f 336 333 315
f 337 332 282
f 337 338 332
f 337 339 338
f 337 340 339
f 341 278 334
f 341 334 342
f 341 342 343
f 344 336 315
f 344 345 346
f 344 346 347
f 344 347 336
f 348 349 350
f 348 351 349
f 348 352 351
f 348 353 352
f 348 354 353
f 355 348 350
f 356 345 344
f 357 348 355
f 358 348 357
f 359 356 344
f 360 348 358
f 361 359 344
f 362 348 360
f 363 364 365
f 363 366 364
f 363 367 366
f 368 369 370
f 368 370 371
f 372 368 371
f 372 373 367
f 372 374 373
f 372 375 374
f 372 362 375
f 372 371 376
f 372 376 377
f 372 377 378
f 372 378 361
f 372 348 362
f 372 361 344
f 372 344 348
f 372 367 363
f 348 317 354
f 354 317 335
f 256 227 206
f 256 206 205
f 17 18 47
f 47 18 216
f 239 238 21
f 21 238 19
f 19 245 26
f 238 245 19
f 245 247 26
f 26 283 28
f 247 283 26
f 28 284 29
f 283 284 28
f 29 285 31
f 284 285 29
f 31 258 33
f 285 258 31
f 258 184 33
f 47 221 88
f 47 216 221
f 88 221 143
f 221 219 143
f 219 144 143
f 218 144 219
f 218 217 144
f 144 217 145
f 145 220 137
f 217 220 145
f 220 222 137
f 137 223 131
f 222 223 137
f 223 224 131
f 224 127 131
f 224 225 127
f 127 226 119
f 225 226 127
f 119 229 116
f 226 229 119
f 229 230 116
f 230 112 116
f 230 231 112
f 112 232 107
f 231 232 112
f 232 233 107
f 233 100 107
f 233 234 100
f 100 235 97
f 234 235 100
f 235 236 97
f 236 96 97
f 236 237 96
f 237 244 96
f 96 244 101
f 244 250 101
f 250 108 101
f 250 251 108
f 251 252 108
f 252 115 108
f 252 253 115
f 253 254 115
f 115 254 123
f 254 255 123
f 255 277 123
f 123 277 128
f 128 274 134
f 277 274 128
f 274 273 134
f 134 275 139
f 273 275 134
f 275 276 139
f 276 142 139
f 276 262 142
f 142 261 157
f 262 261 142
f 157 263 158
f 261 263 157
f 263 264 158
f 264 159 158
f 264 265 159
f 159 266 160
f 265 266 159
f 266 267 160
f 267 163 160
f 267 268 163
f 163 269 165
f 268 269 163
f 269 270 165
f 270 168 165
f 270 271 168
f 271 279 168
f 168 279 179
f 279 280 179
f 280 180 179
f 280 281 180
f 281 248 180
f 248 171 180
f 248 246 171
f 246 241 171
f 171 241 172
f 241 243 172
f 243 242 172
f 172 242 170
f 242 278 170
f 170 278 178
f 341 178 278
f 341 173 178
f 341 343 173
f 173 343 177
f 167 169 318
f 318 169 323
f 323 181 326
f 169 181 323
f 181 182 326
f 326 183 330
f 182 183 326
f 330 175 334
f 183 175 330
f 334 174 342
f 175 174 334
f 342 176 343
f 174 176 342
f 176 177 343
f 120 117 361
f 361 117 359
f 359 113 356
f 117 113 359
f 113 110 356
f 356 103 345
f 110 103 356
f 103 102 345
f 345 98 346
f 102 98 345
f 98 93 346
f 93 347 346
f 93 94 347
f 347 95 336
f 94 95 347
f 95 99 336
f 336 105 333
f 99 105 336
f 105 104 333
f 104 327 333
f 104 111 327
f 111 114 327
f 327 114 321
f 114 118 321
f 118 314 321
f 118 121 314
f 121 126 314
f 314 126 311
f 126 130 311
f 311 130 307
f 130 133 307
f 307 133 303
f 133 136 303
f 136 140 303
f 303 140 295
f 140 141 295
f 141 151 295
f 295 151 291
f 151 152 291
f 291 152 290
f 152 153 290
f 153 154 290
f 290 154 297
f 154 155 297
f 155 302 297
f 155 161 302
f 161 162 302
f 162 309 302
f 162 164 309
f 309 166 318
f 164 166 309
f 166 167 318
f 148 147 369
f 369 147 370
f 370 149 371
f 147 149 370
f 149 138 371
f 371 135 376
f 138 135 371
f 376 132 377
f 135 132 376
f 377 129 378
f 132 129 377
f 378 125 361
f 129 125 378
f 125 120 361
f 369 368 148
f 148 368 146
f 372 89 368
f 368 89 146
f 89 372 51
f 51 372 363
f 51 363 52
f 52 363 365
f 365 364 52
f 52 364 50
f 50 366 53
f 364 366 50
f 366 367 53
f 53 373 90
f 367 373 53
f 373 374 90
f 374 72 90
f 374 375 72
f 72 362 73
f 375 362 72
f 73 360 74
f 362 360 73
f 360 358 74
f 358 75 74
f 358 357 75
f 75 355 76
f 357 355 75
f 355 350 76
f 350 77 76
f 350 349 77
f 77 351 78
f 349 351 77
f 351 352 78
f 352 79 78
f 352 353 79
f 353 354 79
f 79 354 80
f 354 335 80
f 335 86 80
f 335 331 86
f 331 328 86
f 328 87 86
f 328 324 87
f 324 320 87
f 87 320 60
f 320 316 60
f 316 312 60
f 60 312 61
f 61 308 62
f 312 308 61
f 308 305 62
f 62 301 63
f 305 301 62
f 301 299 63
f 299 48 63
f 299 293 48
f 48 288 46
f 293 288 48
f 46 289 44
f 288 289 46
f 289 292 44
f 292 42 44
f 292 298 42
f 42 300 41
f 298 300 42
f 300 304 41
f 304 38 41
f 304 306 38
f 38 310 39
f 306 310 38
f 310 313 39
f 313 32 39
f 313 319 32
f 319 322 32
f 32 322 30
f 322 325 30
f 325 27 30
f 325 329 27
f 329 332 27
f 332 22 27
f 332 338 22
f 22 339 23
f 338 339 22
f 339 340 23
f 340 337 23
f 23 337 24
f 24 282 25
f 24 337 282
f 25 282 20
f 20 282 240
f 240 21 20
f 239 21 240
f 379 37 380
f 59 37 379
f 85 379 381
f 59 379 85
f 71 85 382
f 382 85 381
f 383 71 382
f 92 71 383
f 384 92 383
f 106 92 384
f 385 386 387
f 388 385 387
f 122 388 389
f 390 391 392
f 390 387 391
f 390 388 387
f 390 389 388
f 393 389 390
f 384 388 106
f 122 106 388
f 394 122 389
f 150 122 394
f 156 150 395
f 395 150 394
f 124 156 395
f 124 395 396
f 396 393 390
f 397 124 396
f 397 396 390
f 398 397 390
f 399 398 390
f 400 399 390
f 401 400 390
f 402 401 390
f 403 402 390
f 404 403 390
f 405 390 406
f 405 404 390
f 397 407 109
f 109 124 397
f 408 109 407
f 91 109 408
f 64 91 409
f 409 91 408
f 410 64 409
f 81 64 410
f 410 54 81
f 411 54 410
f 34 54 412
f 412 54 411
f 37 34 412
f 37 412 380
f 413 296 286
f 413 414 296
f 414 415 315
f 296 414 315
f 415 416 315
f 315 416 344
f 416 348 344
f 416 417 348
f 417 418 317
f 417 317 348
f 419 420 421
f 422 419 294
f 422 420 419
f 317 422 294
f 418 422 317
f 423 420 424
f 424 420 425
f 425 420 426
f 426 420 427
f 427 420 422
f 294 428 287
f 419 428 294
f 428 257 287
f 428 429 257
f 429 430 259
f 429 259 257
f 259 431 256
f 430 431 259
f 420 430 421
f 420 431 430
f 431 432 256
f 420 433 434
f 420 434 435
f 420 435 436
f 420 436 437
f 420 437 438
f 420 438 439
f 420 439 440
f 420 440 441
f 420 441 431
f 256 442 227
f 432 442 256
f 442 228 227
f 442 443 228
f 443 444 228
f 228 444 249
f 249 444 445
f 249 445 272
f 445 260 272
f 445 446 260
f 446 413 260
f 260 413 286
f 384 447 388
f 397 447 407
f 407 410 408
f 447 410 407
f 382 381 383
f 383 381 384
f 384 381 447
f 410 409 408
f 381 379 447
f 447 411 410
f 379 411 447
f 411 380 412
f 379 380 411
f 448 388 447
f 385 388 448
f 449 385 448
f 386 449 450
f 386 385 449
f 387 451 452
f 387 450 451
f 387 386 450
f 391 452 453
f 391 387 452
f 392 453 454
f 392 391 453
f 455 454 456
f 455 392 454
f 457 456 458
f 457 455 456
f 459 458 460
f 459 457 458
f 461 460 462
f 461 459 460
f 463 462 464
f 463 461 462
f 455 390 392
f 465 390 455
f 466 455 467
f 466 465 455
f 468 467 469
f 468 466 467
f 470 469 471
f 470 468 469
f 472 471 473
f 472 470 471
f 394 393 395
f 393 396 395
f 394 389 393
f 474 475 476
f 474 476 477
f 478 477 479
f 478 474 477
f 480 479 481
f 480 478 479
f 456 480 481
f 482 480 456
f 454 482 456
f 406 482 454
f 405 454 453
f 405 406 454
f 404 453 452
f 404 405 453
f 403 452 451
f 403 404 452
f 402 451 450
f 402 403 451
f 401 402 450
f 449 401 450
f 400 401 449
f 399 400 449
f 448 399 449
f 398 399 448
f 447 398 448
f 397 398 447
f 483 484 485
f 483 485 486
f 487 486 488
f 487 483 486
f 489 488 490
f 489 487 488
f 465 490 482
f 465 489 490
f 406 465 482
f 390 465 406
f 442 444 443
f 442 432 444
f 444 491 445
f 431 491 432
f 432 491 444
f 445 413 446
f 491 414 445
f 445 414 413
f 422 418 491
f 491 415 414
f 418 415 491
f 415 417 416
f 418 417 415
f 429 421 430
f 429 428 421
f 428 419 421
f 492 493 494
f 492 494 495
f 496 495 497
f 496 492 495
f 498 497 499
f 498 496 497
f 500 499 501
f 500 498 499
f 502 501 423
f 502 500 501
f 503 423 424
f 503 502 423
f 504 424 425
f 504 503 424
f 505 504 425
f 506 425 426
f 506 505 425
f 507 506 426
f 427 507 426
f 508 507 427
f 422 508 427
f 491 508 422
f 509 510 511
f 509 511 512
f 513 512 514
f 513 509 512
f 515 514 516
f 515 513 514
f 501 516 517
f 501 515 516
f 420 501 517
f 423 501 420
f 441 491 431
f 508 491 441
f 440 508 441
f 507 440 439
f 507 508 440
f 438 507 439
f 506 438 437
f 506 507 438
f 505 437 436
f 505 506 437
f 504 436 435
f 504 505 436
f 503 435 434
f 503 504 435
f 502 434 433
f 502 503 434
f 518 502 433
f 500 502 518
f 519 500 518
f 520 500 519
f 521 520 519
f 522 520 521
f 523 522 521
f 524 522 523
f 525 524 523
f 526 524 525
f 517 433 420
f 518 433 517
f 527 517 528
f 527 518 517
f 529 528 530
f 529 527 528
f 531 530 532
f 531 529 530
f 533 531 532
f 534 531 533
f 535 463 464
f 536 463 535
f 537 471 469
f 537 473 471
f 538 469 467
f 538 537 469
f 539 467 455
f 539 538 467
f 540 455 457
f 540 539 455
f 541 457 459
f 541 540 457
f 461 541 459
f 536 461 463
f 536 541 461
f 535 464 462
f 542 535 462
f 543 462 460
f 543 542 462
f 544 542 543
f 545 544 543
f 546 460 458
f 546 543 460
f 547 458 456
f 547 546 458
f 481 547 456
f 548 547 481
f 479 548 481
f 549 548 479
f 477 549 479
f 550 551 549
f 552 550 549
f 552 549 477
f 553 477 476
f 553 552 477
f 537 472 473
f 554 472 537
f 555 484 483
f 556 555 483
f 557 483 487
f 557 556 483
f 558 556 557
f 559 558 557
f 560 487 489
f 560 557 487
f 561 489 465
f 561 560 489
f 466 561 465
f 562 561 466
f 468 562 466
f 563 562 468
f 470 563 468
f 564 565 563
f 566 564 563
f 566 563 470
f 554 470 472
f 554 566 470
f 475 553 476
f 475 567 553
f 567 475 474
f 568 474 478
f 568 478 480
f 568 567 474
f 569 480 482
f 569 568 480
f 570 482 490
f 570 569 482
f 571 490 488
f 571 570 490
f 486 571 488
f 572 486 485
f 572 571 486
f 485 555 572
f 484 555 485
f 494 573 574
f 493 573 494
f 575 509 513
f 575 510 509
f 576 513 515
f 576 575 513
f 577 515 501
f 577 576 515
f 578 501 499
f 578 577 501
f 579 499 497
f 579 578 499
f 495 579 497
f 574 495 494
f 574 579 495
f 573 493 492
f 580 573 492
f 581 492 496
f 581 580 492
f 582 580 581
f 583 582 581
f 584 496 498
f 584 581 496
f 585 498 500
f 585 584 498
f 520 585 500
f 586 585 520
f 522 586 520
f 587 586 522
f 524 587 522
f 588 589 587
f 590 587 524
f 590 588 587
f 591 524 526
f 591 590 524
f 511 575 592
f 510 575 511
f 593 533 532
f 594 593 532
f 595 532 530
f 595 594 532
f 596 594 595
f 597 596 595
f 598 530 528
f 598 595 530
f 599 528 517
f 599 598 528
f 516 599 517
f 600 599 516
f 514 600 516
f 601 600 514
f 512 601 514
f 602 603 601
f 604 602 601
f 604 601 512
f 592 512 511
f 592 604 512
f 605 523 521
f 605 525 523
f 606 521 519
f 606 605 521
f 607 519 518
f 607 606 519
f 608 518 527
f 608 607 518
f 609 527 529
f 609 608 527
f 610 529 531
f 610 531 534
f 610 609 529
f 605 526 525
f 591 526 605
f 593 534 533
f 610 534 593
f 536 535 542
f 536 542 544
f 540 541 536
f 539 540 536
f 538 539 536
f 537 538 536
f 554 537 536
f 566 554 536
f 565 544 545
f 565 564 566
f 565 536 544
f 565 566 536
f 543 563 545
f 545 563 565
f 572 553 567
f 572 567 568
f 572 568 569
f 572 569 570
f 572 570 571
f 572 551 550
f 572 550 552
f 572 552 553
f 556 572 555
f 558 551 572
f 558 572 556
f 559 551 558
f 559 549 551
f 557 549 559
f 557 548 549
f 557 560 548
f 560 547 548
f 560 561 547
f 561 546 547
f 561 562 546
f 562 543 546
f 562 563 543
f 592 583 603
f 592 603 602
f 592 602 604
f 574 573 580
f 574 580 582
f 574 582 583
f 574 583 592
f 575 574 592
f 576 574 575
f 577 574 576
f 578 579 574
f 578 574 577
f 589 595 587
f 589 597 595
f 581 600 601
f 581 584 600
f 584 599 600
f 584 585 599
f 585 598 599
f 585 586 598
f 586 595 598
f 586 587 595
f 603 581 601
f 603 583 581
f 610 605 606
f 610 606 607
f 610 607 608
f 610 608 609
f 591 605 610
f 594 610 593
f 596 610 594
f 588 590 591
f 597 591 610
f 597 610 596
f 589 588 591
f 589 591 597
f 611 612 613
f 611 613 614
f 615 614 616
f 615 611 614
f 617 616 618
f 617 615 616
f 619 618 620
f 619 617 618
f 621 620 622
f 621 619 620
f 623 620 618
f 623 622 620
f 624 618 616
f 624 623 618
f 625 616 614
f 625 624 616
f 626 614 627
f 626 625 614
f 628 627 629
f 628 626 627
f 630 631 632
f 630 629 631
f 630 628 629
f 633 621 622
f 633 622 623
f 634 635 636
f 637 634 636
f 638 636 639
f 638 637 636
f 640 637 638
f 641 640 638
f 642 639 643
f 642 638 639
f 644 643 611
f 644 642 643
f 615 644 611
f 645 644 615
f 617 645 615
f 646 645 617
f 619 646 617
f 647 648 646
f 649 647 646
f 649 646 619
f 633 619 621
f 633 649 619
f 636 650 651
f 636 635 650
f 639 651 652
f 639 636 651
f 643 652 653
f 643 639 652
f 611 653 654
f 611 643 653
f 612 654 655
f 612 611 654
f 656 612 657
f 658 656 659
f 658 659 660
f 613 658 661
f 613 612 656
f 613 656 658
f 662 613 663
f 614 613 662
f 627 662 664
f 627 614 662
f 629 664 665
f 629 627 664
f 631 665 666
f 631 629 665
f 632 666 667
f 632 631 666
f 668 632 667
f 630 632 668
f 630 623 624
f 630 624 625
f 630 625 626
f 630 626 628
f 633 623 630
f 668 633 630
f 669 668 670
f 647 649 633
f 671 668 669
f 648 633 668
f 648 647 633
f 648 668 671
f 648 671 646
f 646 671 672
f 638 642 673
f 673 642 674
f 674 644 675
f 642 644 674
f 675 645 676
f 644 645 675
f 676 646 672
f 645 646 676
f 673 641 638
f 677 641 673
f 678 677 679
f 680 641 677
f 680 677 678
f 681 641 680
f 682 634 637
f 682 637 640
f 682 640 641
f 682 641 681
f 683 682 681
f 684 681 685
f 684 685 686
f 684 683 681
f 650 634 682
f 635 634 650
f 681 687 688
f 681 689 687
f 685 688 690
f 685 681 688
f 686 690 654
f 686 685 690
f 684 654 653
f 684 686 654
f 683 653 652
f 683 684 653
f 651 683 652
f 682 651 650
f 682 683 651
f 687 691 692
f 687 689 691
f 688 692 693
f 688 687 692
f 690 693 694
f 690 688 693
f 654 694 662
f 654 690 694
f 655 662 663
f 655 654 662
f 695 655 696
f 697 695 698
f 697 698 699
f 697 655 695
f 612 697 657
f 612 655 697
f 700 658 701
f 701 658 660
f 702 661 700
f 702 703 661
f 661 658 700
f 703 613 661
f 704 703 705
f 704 705 706
f 663 704 707
f 663 613 703
f 663 703 704
f 656 657 708
f 697 709 657
f 657 709 708
f 659 708 710
f 656 708 659
f 711 712 713
f 714 715 716
f 714 716 717
f 718 717 712
f 718 712 711
f 719 714 717
f 720 717 718
f 721 717 720
f 722 719 717
f 723 717 721
f 724 722 717
f 725 717 723
f 701 724 717
f 701 726 727
f 701 727 724
f 728 725 729
f 728 729 730
f 728 717 725
f 728 701 717
f 731 728 730
f 732 726 701
f 733 732 701
f 734 728 731
f 735 733 701
f 736 728 734
f 737 735 701
f 738 737 701
f 739 728 736
f 740 741 742
f 743 744 745
f 746 740 742
f 747 744 743
f 705 728 739
f 705 739 748
f 705 748 749
f 705 749 750
f 705 750 751
f 660 738 701
f 660 752 753
f 660 753 754
f 660 754 755
f 660 755 738
f 659 756 757
f 659 757 758
f 659 758 752
f 659 752 660
f 759 760 761
f 759 761 762
f 759 762 763
f 759 763 764
f 759 764 765
f 759 765 766
f 710 756 659
f 710 767 768
f 710 768 769
f 710 769 770
f 710 770 771
f 710 771 772
f 710 772 773
f 710 773 774
f 710 774 756
f 706 751 775
f 706 775 776
f 706 776 777
f 706 777 760
f 706 760 759
f 706 705 751
f 778 746 742
f 778 766 779
f 778 779 780
f 778 780 781
f 778 781 746
f 778 759 766
f 782 744 747
f 782 747 783
f 782 783 767
f 782 767 710
f 784 759 778
f 785 782 710
f 786 785 787
f 788 784 789
f 790 789 784
f 791 787 785
f 791 785 699
f 792 785 786
f 793 784 788
f 793 794 784
f 795 790 784
f 796 785 792
f 797 794 793
f 798 791 699
f 799 795 784
f 800 798 699
f 801 785 796
f 802 794 797
f 803 799 784
f 804 800 699
f 805 803 784
f 806 699 698
f 806 804 699
f 807 782 785
f 807 785 801
f 808 809 794
f 808 794 802
f 810 784 778
f 810 805 784
f 811 806 698
f 812 809 808
f 813 782 807
f 814 810 778
f 815 782 813
f 816 811 698
f 817 809 812
f 818 782 815
f 819 814 778
f 820 816 698
f 821 809 817
f 822 782 818
f 823 820 698
f 824 809 821
f 825 826 827
f 825 827 819
f 825 819 778
f 828 822 829
f 828 829 830
f 828 782 822
f 831 832 833
f 831 833 834
f 831 834 823
f 831 823 698
f 835 824 836
f 835 836 837
f 835 837 838
f 835 838 839
f 835 809 824
f 840 832 831
f 841 835 839
f 842 840 831
f 843 835 841
f 844 842 831
f 845 835 843
f 846 847 848
f 849 850 851
f 849 851 852
f 853 845 854
f 853 854 855
f 853 855 847
f 853 852 856
f 853 844 831
f 853 856 857
f 853 857 858
f 853 858 844
f 853 835 845
f 853 831 835
f 853 847 846
f 853 849 852
f 668 667 666
f 670 668 666
f 672 666 665
f 672 670 666
f 669 670 672
f 671 669 672
f 676 665 664
f 676 672 665
f 675 664 662
f 675 676 664
f 694 675 662
f 674 675 694
f 693 674 694
f 673 674 693
f 692 673 693
f 679 677 673
f 678 679 673
f 678 673 692
f 680 692 691
f 680 678 692
f 691 681 680
f 689 681 691
f 859 663 707
f 860 859 794
f 860 794 809
f 655 860 696
f 655 663 859
f 655 859 860
f 709 699 785
f 709 697 699
f 696 861 695
f 860 862 696
f 696 862 861
f 698 861 831
f 695 861 698
f 728 700 701
f 702 700 728
f 705 702 728
f 703 702 705
f 863 704 759
f 759 704 706
f 863 707 704
f 863 864 707
f 864 859 707
f 710 709 785
f 708 709 710
f 865 825 866
f 826 825 865
f 867 808 868
f 868 802 869
f 808 802 868
f 802 870 869
f 870 797 871
f 802 797 870
f 797 872 871
f 872 793 873
f 797 793 872
f 873 788 874
f 793 788 873
f 788 875 874
f 875 789 876
f 788 789 875
f 876 790 877
f 789 790 876
f 790 878 877
f 878 795 879
f 790 795 878
f 879 799 880
f 795 799 879
f 799 881 880
f 881 803 882
f 799 803 881
f 882 805 883
f 803 805 882
f 883 810 884
f 805 810 883
f 810 885 884
f 810 814 885
f 885 814 886
f 814 819 886
f 886 819 887
f 887 819 888
f 819 827 888
f 888 827 889
f 827 826 889
f 889 826 865
f 890 848 891
f 891 847 892
f 848 847 891
f 847 893 892
f 893 855 894
f 847 855 893
f 855 895 894
f 895 854 896
f 855 854 895
f 896 845 897
f 854 845 896
f 845 898 897
f 898 843 899
f 845 843 898
f 899 841 900
f 843 841 899
f 841 901 900
f 901 839 902
f 841 839 901
f 902 838 903
f 839 838 902
f 838 904 903
f 904 837 905
f 838 837 904
f 905 836 906
f 837 836 905
f 906 824 907
f 836 824 906
f 824 908 907
f 824 821 908
f 908 821 909
f 821 817 909
f 909 817 910
f 910 817 911
f 817 812 911
f 911 812 912
f 812 808 912
f 912 808 867
f 846 848 913
f 913 848 890
f 914 846 913
f 914 853 846
f 914 915 916
f 849 916 917
f 853 914 916
f 853 916 849
f 850 849 918
f 918 849 917
f 919 844 920
f 920 858 921
f 844 858 920
f 921 857 922
f 858 857 921
f 922 856 923
f 857 856 922
f 923 852 924
f 924 852 925
f 856 852 923
f 925 851 926
f 852 851 925
f 926 850 918
f 851 850 926
f 927 807 928
f 928 801 929
f 807 801 928
f 801 930 929
f 930 796 931
f 801 796 930
f 796 932 931
f 932 792 933
f 796 792 932
f 933 786 934
f 934 786 935
f 792 786 933
f 935 787 936
f 786 787 935
f 936 791 937
f 937 791 938
f 787 791 936
f 938 798 939
f 939 798 940
f 791 798 938
f 798 800 940
f 940 800 941
f 800 804 941
f 941 804 942
f 804 806 942
f 942 806 943
f 806 944 943
f 806 811 944
f 944 811 945
f 811 816 945
f 945 816 946
f 816 947 946
f 816 820 947
f 947 820 948
f 820 823 948
f 948 823 949
f 949 823 950
f 823 834 950
f 950 834 951
f 834 952 951
f 834 833 952
f 952 833 953
f 833 832 953
f 953 832 954
f 954 832 955
f 832 840 955
f 955 840 956
f 956 840 957
f 957 842 958
f 840 842 957
f 958 844 919
f 842 844 958
f 830 959 960
f 830 829 959
f 829 961 959
f 829 822 961
f 822 962 961
f 822 818 962
f 818 963 962
f 818 815 963
f 963 813 964
f 815 813 963
f 964 807 927
f 813 807 964
f 828 830 965
f 965 830 960
f 966 967 968
f 782 966 968
f 828 965 966
f 828 966 782
f 782 969 744
f 782 968 969
f 970 744 969
f 745 744 970
f 971 752 972
f 972 758 973
f 752 758 972
f 758 974 973
f 974 757 975
f 758 757 974
f 757 976 975
f 976 756 977
f 757 756 976
f 977 774 978
f 756 774 977
f 774 979 978
f 979 773 980
f 774 773 979
f 980 772 981
f 773 772 980
f 772 982 981
f 982 771 983
f 772 771 982
f 983 770 984
f 771 770 983
f 770 985 984
f 985 769 986
f 770 769 985
f 986 768 987
f 769 768 986
f 987 767 988
f 768 767 987
f 767 989 988
f 767 783 989
f 989 783 990
f 783 747 990
f 990 747 991
f 991 747 992
f 747 743 992
f 992 743 993
f 743 745 993
f 993 745 970
f 994 715 995
f 995 714 996
f 715 714 995
f 714 997 996
f 997 719 998
f 714 719 997
f 719 999 998
f 999 722 1000
f 719 722 999
f 1000 724 1001
f 722 724 1000
f 724 1002 1001
f 1002 727 1003
f 724 727 1002
f 1003 726 1004
f 727 726 1003
f 726 1005 1004
f 1005 732 1006
f 726 732 1005
f 1006 733 1007
f 732 733 1006
f 733 1008 1007
f 1008 735 1009
f 733 735 1008
f 1009 737 1010
f 735 737 1009
f 1010 738 1011
f 737 738 1010
f 738 1012 1011
f 738 755 1012
f 1012 755 1013
f 755 754 1013
f 1013 754 1014
f 1014 754 1015
f 754 753 1015
f 1015 753 1016
f 753 752 1016
f 1016 752 971
f 716 715 1017
f 1017 715 994
f 716 1017 1018
f 716 1018 717
f 1019 712 717
f 1019 717 1018
f 1020 712 1019
f 1021 1019 1018
f 1022 712 1020
f 1022 713 712
f 1023 725 1024
f 1024 723 1025
f 725 723 1024
f 1025 721 1026
f 723 721 1025
f 1026 720 1027
f 721 720 1026
f 1027 718 1028
f 1028 718 1029
f 720 718 1027
f 1029 711 1030
f 718 711 1029
f 1030 713 1022
f 711 713 1030
f 766 1031 1032
f 766 765 1031
f 765 1033 1031
f 765 764 1033
f 764 1034 1033
f 764 763 1034
f 763 1035 1034
f 763 762 1035
f 762 1036 1035
f 762 761 1036
f 761 1037 1036
f 761 760 1037
f 760 1038 1037
f 760 777 1038
f 777 1039 1038
f 777 776 1039
f 776 1040 1039
f 776 775 1040
f 775 1041 1040
f 775 751 1041
f 751 1042 1041
f 751 750 1042
f 750 1043 1042
f 750 749 1043
f 749 1044 1043
f 749 748 1044
f 748 1045 1044
f 748 739 1045
f 739 1046 1045
f 739 736 1046
f 736 734 1046
f 1046 734 1047
f 734 731 1047
f 1047 731 1048
f 731 730 1048
f 1048 730 1049
f 730 1050 1049
f 730 729 1050
f 729 1023 1050
f 729 725 1023
f 1051 741 1052
f 1052 740 1053
f 741 740 1052
f 1053 746 1054
f 740 746 1053
f 1054 781 1055
f 746 781 1054
f 1055 780 1056
f 1056 780 1057
f 781 780 1055
f 1057 779 1058
f 780 779 1057
f 1058 766 1032
f 779 766 1058
f 741 1059 742
f 741 1051 1059
f 1060 778 742
f 1060 742 1059
f 1061 1060 1062
f 1061 778 1060
f 866 825 778
f 866 778 1061
f 864 863 759
f 864 759 784
f 861 835 831
f 861 862 835
f 862 809 835
f 862 860 809
f 794 864 784
f 859 864 794
f 889 865 866
f 888 889 866
f 887 866 1061
f 887 888 866
f 886 887 1061
f 885 886 1061
f 884 885 1061
f 883 884 1061
f 882 1061 1062
f 882 883 1061
f 881 882 1062
f 1063 874 875
f 1063 875 876
f 1063 876 877
f 1063 877 878
f 1063 878 879
f 1063 879 880
f 1063 880 881
f 1063 881 1062
f 891 913 890
f 873 874 1063
f 892 913 891
f 872 873 1063
f 893 913 892
f 871 872 1063
f 870 871 1063
f 870 1063 1064
f 869 870 1064
f 868 869 1064
f 867 868 1064
f 914 893 894
f 914 894 895
f 914 895 896
f 914 896 897
f 914 897 898
f 914 913 893
f 1065 899 900
f 1065 900 901
f 1065 901 902
f 1065 902 903
f 1065 903 904
f 1065 904 905
f 1065 905 906
f 1065 906 907
f 1065 907 908
f 1065 908 909
f 1065 909 910
f 1066 910 911
f 1066 911 912
f 1066 912 867
f 1066 867 1064
f 1066 1065 910
f 915 898 899
f 915 914 898
f 915 899 1065
f 917 916 918
f 924 916 923
f 925 916 924
f 926 916 925
f 918 916 926
f 916 919 920
f 916 920 921
f 916 921 922
f 916 922 923
f 919 1067 1068
f 916 915 919
f 1067 915 1065
f 919 915 1067
f 935 936 1069
f 1069 934 935
f 936 937 1069
f 1069 933 934
f 1069 932 933
f 937 938 1069
f 1069 931 932
f 938 939 1069
f 1069 930 931
f 939 940 1069
f 1069 929 930
f 940 941 1069
f 941 942 1069
f 942 943 1069
f 944 1068 943
f 945 1068 944
f 946 1068 945
f 947 1068 946
f 948 1068 947
f 949 1068 948
f 943 1068 1069
f 949 950 1068
f 950 951 1068
f 951 952 1068
f 952 953 1068
f 953 954 1068
f 954 955 1068
f 955 956 1068
f 956 957 1068
f 1069 927 928
f 1069 928 929
f 919 1068 958
f 958 1068 957
f 963 966 962
f 962 966 961
f 961 966 959
f 959 966 960
f 966 965 960
f 927 966 964
f 964 966 963
f 1070 967 1071
f 1071 927 1069
f 967 927 1071
f 967 966 927
f 1010 1072 1009
f 1008 1009 1072
f 1011 1072 1010
f 1007 1008 1072
f 1012 1072 1011
f 1006 1007 1072
f 1013 1072 1012
f 1005 1006 1072
f 1014 1073 1072
f 1014 1072 1013
f 1004 1005 1072
f 1015 1073 1014
f 1003 1072 1021
f 1003 1004 1072
f 1016 1073 1015
f 1002 1021 1018
f 1002 1003 1021
f 971 1073 1016
f 1001 1002 1018
f 1000 1001 1018
f 999 1000 1018
f 998 999 1018
f 997 998 1018
f 1074 971 972
f 1074 972 973
f 1074 973 974
f 1074 1073 971
f 1070 1074 974
f 1070 974 975
f 1070 975 976
f 1070 976 977
f 978 1070 977
f 979 1070 978
f 980 1070 979
f 981 1070 980
f 1017 994 995
f 1017 995 996
f 1017 996 997
f 1017 997 1018
f 982 1070 981
f 983 1070 982
f 984 1070 983
f 985 1070 984
f 969 991 992
f 969 992 993
f 969 993 970
f 967 985 986
f 967 1070 985
f 968 986 987
f 968 987 988
f 968 988 989
f 968 989 990
f 968 990 991
f 968 967 986
f 968 991 969
f 1019 1022 1020
f 1019 1030 1022
f 1019 1029 1030
f 1019 1028 1029
f 1019 1027 1028
f 1019 1023 1024
f 1019 1024 1025
f 1019 1025 1026
f 1019 1026 1027
f 1072 1075 1021
f 1021 1023 1019
f 1075 1023 1021
f 1075 1076 1023
f 1050 1076 1049
f 1049 1076 1048
f 1048 1076 1047
f 1047 1076 1046
f 1076 1045 1046
f 1076 1044 1045
f 1076 1043 1044
f 1076 1042 1043
f 1040 1077 1039
f 1039 1077 1038
f 1038 1077 1037
f 1037 1077 1036
f 1036 1077 1035
f 1035 1077 1034
f 1034 1077 1033
f 1033 1077 1031
f 1077 1032 1031
f 1076 1077 1041
f 1076 1041 1042
f 1041 1077 1040
f 1023 1076 1050
f 1059 1051 1060
f 1051 1052 1060
f 1052 1053 1060
f 1053 1054 1060
f 1054 1055 1060
f 1032 1060 1058
f 1058 1060 1057
f 1057 1060 1056
f 1056 1060 1055
f 1032 1062 1060
f 1077 1078 1032
f 1032 1078 1062
f 1078 1063 1062
f 1079 1065 1066
f 1080 1065 1081
f 1081 1065 1082
f 1082 1065 1079
f 1067 1065 1083
f 1083 1065 1084
f 1084 1065 1080
f 1063 1085 1064
f 1063 1086 1085
f 1063 1087 1086
f 1063 1078 1088
f 1063 1088 1089
f 1063 1089 1090
f 1063 1090 1087
f 1085 1079 1064
f 1079 1066 1064
f 1069 1091 1092
f 1092 1093 1069
f 1069 1094 1091
f 1093 1095 1069
f 1069 1096 1094
f 1095 1097 1069
f 1069 1098 1096
f 1097 1099 1069
f 1099 1071 1069
f 1069 1100 1098
f 1100 1068 1101
f 1101 1068 1102
f 1102 1068 1103
f 1103 1068 1104
f 1068 1105 1104
f 1068 1106 1105
f 1068 1107 1106
f 1068 1108 1107
f 1068 1067 1109
f 1068 1109 1108
f 1069 1068 1100
f 1110 1070 1111
f 1111 1070 1112
f 1112 1070 1113
f 1113 1070 1114
f 1114 1070 1115
f 1110 1074 1070
f 1070 1071 1115
f 1073 1074 1116
f 1074 1110 1116
f 1073 1116 1072
f 1116 1117 1072
f 1117 1118 1072
f 1118 1119 1072
f 1119 1120 1072
f 1120 1121 1072
f 1121 1075 1072
f 1122 1076 1123
f 1123 1076 1124
f 1124 1076 1125
f 1125 1076 1126
f 1126 1076 1075
f 1122 1127 1076
f 1127 1128 1076
f 1128 1129 1076
f 1129 1130 1076
f 1130 1131 1076
f 1132 1077 1133
f 1133 1077 1134
f 1134 1077 1135
f 1135 1077 1136
f 1136 1077 1137
f 1137 1077 1138
f 1138 1077 1139
f 1139 1077 1131
f 1077 1076 1131
f 1078 1077 1140
f 1140 1077 1132
f 1085 1082 1079
f 1082 1086 1081
f 1085 1086 1082
f 1081 1087 1080
f 1086 1087 1081
f 1080 1090 1084
f 1087 1090 1080
f 1084 1089 1083
f 1090 1089 1084
f 1089 1088 1083
f 1088 1067 1083
f 1088 1078 1067
f 1067 1140 1109
f 1078 1140 1067
f 1109 1132 1108
f 1140 1132 1109
f 1132 1133 1108
f 1133 1107 1108
f 1107 1134 1106
f 1133 1134 1107
f 1106 1135 1105
f 1134 1135 1106
f 1105 1136 1104
f 1135 1136 1105
f 1136 1137 1104
f 1137 1103 1104
f 1103 1138 1102
f 1137 1138 1103
f 1102 1139 1101
f 1138 1139 1102
f 1101 1131 1100
f 1139 1131 1101
f 1131 1130 1100
f 1100 1130 1098
f 1098 1129 1096
f 1130 1129 1098
f 1129 1128 1096
f 1128 1094 1096
f 1094 1127 1091
f 1128 1127 1094
f 1091 1122 1092
f 1127 1122 1091
f 1092 1123 1093
f 1122 1123 1092
f 1123 1124 1093
f 1124 1095 1093
f 1095 1125 1097
f 1124 1125 1095
f 1097 1126 1099
f 1125 1126 1097
f 1099 1075 1071
f 1126 1075 1099
f 1075 1115 1071
f 1115 1121 1114
f 1075 1121 1115
f 1114 1120 1113
f 1121 1120 1114
f 1113 1119 1112
f 1120 1119 1113
f 1112 1118 1111
f 1119 1118 1112
f 1118 1117 1111
f 1117 1110 1111
f 1117 1116 1110
f 1141 1142 1143
f 1141 1143 1144
f 1145 1144 1146
f 1145 1141 1144
f 1147 1146 1148
f 1147 1145 1146
f 1149 1148 1150
f 1149 1147 1148
f 1151 1150 1152
f 1151 1149 1150
f 1153 1150 1148
f 1153 1152 1150
f 1154 1148 1146
f 1154 1153 1148
f 1155 1146 1144
f 1155 1154 1146
f 1156 1144 1157
f 1156 1155 1144
f 1158 1157 1159
f 1158 1156 1157
f 1160 1161 1162
f 1160 1159 1161
f 1160 1158 1159
f 1163 1151 1152
f 1163 1152 1153
f 1164 1165 1166
f 1167 1164 1166
f 1168 1166 1169
f 1168 1167 1166
f 1170 1167 1168
f 1171 1170 1168
f 1172 1169 1173
f 1172 1168 1169
f 1174 1173 1141
f 1174 1172 1173
f 1145 1174 1141
f 1175 1174 1145
f 1147 1175 1145
f 1176 1175 1147
f 1149 1176 1147
f 1177 1178 1176
f 1179 1177 1176
f 1179 1176 1149
f 1163 1149 1151
f 1163 1179 1149
f 1166 1180 1181
f 1166 1165 1180
f 1169 1181 1182
f 1169 1166 1181
f 1173 1182 1183
f 1173 1169 1182
f 1141 1183 1184
f 1141 1173 1183
f 1142 1184 1185
f 1142 1141 1184
f 1186 1142 1187
f 1188 1186 1189
f 1188 1189 1190
f 1143 1188 1191
f 1143 1142 1186
f 1143 1186 1188
f 1192 1143 1193
f 1144 1143 1192
f 1157 1192 1194
f 1157 1144 1192
f 1159 1194 1195
f 1159 1157 1194
f 1161 1195 1196
f 1161 1159 1195
f 1162 1196 1197
f 1162 1161 1196
f 1198 1162 1197
f 1160 1162 1198
f 1160 1153 1154
f 1160 1154 1155
f 1160 1155 1156
f 1160 1156 1158
f 1163 1153 1160
f 1198 1163 1160
f 1177 1179 1163
f 1199 1198 1200
f 1199 1200 1201
f 1178 1163 1198
f 1178 1198 1199
f 1178 1177 1163
f 1178 1199 1176
f 1176 1199 1202
f 1168 1172 1203
f 1203 1172 1204
f 1204 1174 1205
f 1172 1174 1204
f 1205 1175 1206
f 1174 1175 1205
f 1206 1176 1202
f 1175 1176 1206
f 1203 1171 1168
f 1207 1171 1203
f 1208 1207 1209
f 1210 1171 1207
f 1210 1207 1208
f 1211 1171 1210
f 1212 1164 1167
f 1212 1167 1170
f 1212 1170 1171
f 1212 1171 1211
f 1213 1212 1211
f 1214 1211 1215
f 1214 1215 1216
f 1214 1213 1211
f 1180 1164 1212
f 1165 1164 1180
f 1211 1217 1218
f 1211 1219 1217
f 1215 1218 1220
f 1215 1211 1218
f 1216 1220 1184
f 1216 1215 1220
f 1214 1184 1183
f 1214 1216 1184
f 1213 1183 1182
f 1213 1214 1183
f 1181 1213 1182
f 1212 1181 1180
f 1212 1213 1181
f 1217 1221 1222
f 1217 1219 1221
f 1218 1222 1223
f 1218 1217 1222
f 1220 1223 1224
f 1220 1218 1223
f 1184 1224 1192
f 1184 1220 1224
f 1185 1192 1193
f 1185 1184 1192
f 1225 1185 1226
f 1227 1225 1228
f 1227 1228 1229
f 1227 1185 1225
f 1142 1227 1187
f 1142 1185 1227
f 1230 1188 1231
f 1231 1188 1190
f 1232 1191 1230
f 1232 1233 1191
f 1191 1188 1230
f 1233 1143 1191
f 1234 1233 1235
f 1234 1235 1236
f 1193 1234 1237
f 1193 1143 1233
f 1193 1233 1234
f 1186 1187 1238
f 1227 1239 1187
f 1187 1239 1238
f 1189 1238 1240
f 1186 1238 1189
f 1241 1242 1243
f 1244 1245 1246
f 1244 1246 1247
f 1248 1247 1242
f 1248 1242 1241
f 1249 1244 1247
f 1250 1247 1248
f 1251 1247 1250
f 1252 1249 1247
f 1253 1247 1251
f 1254 1252 1247
f 1255 1247 1253
f 1256 1255 1257
f 1256 1257 1258
f 1256 1247 1255
f 1231 1254 1247
f 1231 1259 1260
f 1231 1260 1254
f 1231 1247 1256
f 1261 1256 1258
f 1262 1259 1231
f 1263 1262 1231
f 1264 1256 1261
f 1265 1263 1231
f 1266 1256 1264
f 1267 1265 1231
f 1268 1267 1231
f 1269 1256 1266
f 1270 1271 1272
f 1273 1274 1275
f 1276 1270 1272
f 1277 1274 1273
f 1190 1278 1279
f 1190 1279 1280
f 1190 1280 1281
f 1190 1281 1268
f 1190 1268 1231
f 1235 1256 1269
f 1235 1269 1282
f 1235 1282 1283
f 1235 1283 1284
f 1235 1284 1285
f 1286 1287 1288
f 1286 1288 1289
f 1286 1289 1290
f 1286 1290 1291
f 1286 1291 1292
f 1286 1292 1293
f 1189 1278 1190
f 1189 1294 1295
f 1189 1295 1296
f 1189 1296 1278
f 1236 1285 1297
f 1236 1297 1298
f 1236 1298 1299
f 1236 1299 1287
f 1236 1235 1285
f 1236 1287 1286
f 1240 1294 1189
f 1240 1300 1301
f 1240 1301 1302
f 1240 1302 1303
f 1240 1303 1304
f 1240 1304 1305
f 1240 1305 1306
f 1240 1306 1307
f 1240 1307 1294
f 1308 1276 1272
f 1308 1293 1309
f 1308 1309 1310
f 1308 1310 1311
f 1308 1311 1276
f 1308 1286 1293
f 1312 1274 1277
f 1312 1300 1240
f 1312 1277 1313
f 1312 1313 1300
f 1314 1312 1240
f 1315 1286 1308
f 1316 1314 1317
f 1318 1315 1319
f 1320 1319 1315
f 1321 1317 1314
f 1321 1314 1229
f 1322 1314 1316
f 1323 1315 1318
f 1323 1324 1315
f 1325 1320 1315
f 1326 1314 1322
f 1327 1324 1323
f 1328 1321 1229
f 1329 1325 1315
f 1330 1328 1229
f 1331 1314 1326
f 1332 1324 1327
f 1333 1329 1315
f 1334 1330 1229
f 1335 1333 1315
f 1336 1229 1228
f 1336 1334 1229
f 1337 1312 1314
f 1337 1314 1331
f 1338 1339 1324
f 1338 1324 1332
f 1340 1315 1308
f 1340 1335 1315
f 1341 1336 1228
f 1342 1339 1338
f 1343 1312 1337
f 1344 1340 1308
f 1345 1312 1343
f 1346 1341 1228
f 1347 1339 1342
f 1348 1312 1345
f 1349 1344 1308
f 1350 1346 1228
f 1351 1339 1347
f 1352 1312 1348
f 1353 1350 1228
f 1354 1339 1351
f 1355 1356 1357
f 1355 1357 1349
f 1355 1349 1308
f 1358 1352 1359
f 1358 1359 1360
f 1358 1312 1352
f 1361 1362 1363
f 1361 1363 1364
f 1361 1364 1353
f 1361 1353 1228
f 1365 1354 1366
f 1365 1366 1367
f 1365 1367 1368
f 1365 1368 1369
f 1365 1339 1354
f 1370 1362 1361
f 1371 1365 1369
f 1372 1370 1361
f 1373 1365 1371
f 1374 1372 1361
f 1375 1365 1373
f 1376 1377 1378
f 1379 1380 1381
f 1379 1381 1382
f 1383 1365 1375
f 1383 1375 1384
f 1383 1384 1385
f 1383 1385 1377
f 1383 1382 1386
f 1383 1374 1361
f 1383 1386 1387
f 1383 1387 1388
f 1383 1388 1374
f 1383 1361 1365
f 1383 1379 1382
f 1383 1377 1376
f 1198 1197 1196
f 1200 1198 1196
f 1202 1196 1195
f 1202 1200 1196
f 1201 1200 1202
f 1199 1201 1202
f 1206 1195 1194
f 1206 1202 1195
f 1205 1194 1192
f 1205 1206 1194
f 1224 1205 1192
f 1204 1205 1224
f 1223 1204 1224
f 1203 1204 1223
f 1222 1203 1223
f 1209 1207 1203
f 1208 1209 1203
f 1208 1203 1222
f 1210 1222 1221
f 1210 1208 1222
f 1221 1211 1210
f 1219 1211 1221
f 1389 1193 1237
f 1390 1389 1324
f 1390 1324 1339
f 1185 1390 1226
f 1185 1193 1389
f 1185 1389 1390
f 1239 1229 1314
f 1239 1227 1229
f 1390 1391 1226
f 1226 1392 1225
f 1391 1392 1226
f 1228 1392 1361
f 1225 1392 1228
f 1256 1230 1231
f 1232 1230 1256
f 1235 1232 1256
f 1233 1232 1235
f 1393 1234 1286
f 1286 1234 1236
f 1393 1237 1234
f 1393 1394 1237
f 1394 1389 1237
f 1240 1239 1314
f 1238 1239 1240
f 1395 1355 1396
f 1356 1355 1395
f 1397 1338 1398
f 1398 1332 1399
f 1338 1332 1398
f 1332 1400 1399
f 1400 1327 1401
f 1332 1327 1400
f 1327 1402 1401
f 1402 1323 1403
f 1327 1323 1402
f 1403 1318 1404
f 1323 1318 1403
f 1318 1405 1404
f 1405 1319 1406
f 1318 1319 1405
f 1406 1320 1407
f 1319 1320 1406
f 1320 1408 1407
f 1408 1325 1409
f 1320 1325 1408
f 1409 1329 1410
f 1325 1329 1409
f 1329 1411 1410
f 1411 1333 1412
f 1329 1333 1411
f 1412 1335 1413
f 1333 1335 1412
f 1413 1340 1414
f 1335 1340 1413
f 1340 1415 1414
f 1340 1344 1415
f 1415 1344 1416
f 1344 1349 1416
f 1416 1349 1417
f 1417 1349 1418
f 1349 1357 1418
f 1418 1357 1419
f 1357 1356 1419
f 1419 1356 1395
f 1420 1378 1421
f 1421 1377 1422
f 1378 1377 1421
f 1377 1423 1422
f 1423 1385 1424
f 1377 1385 1423
f 1385 1425 1424
f 1425 1384 1426
f 1385 1384 1425
f 1426 1375 1427
f 1384 1375 1426
f 1375 1428 1427
f 1428 1373 1429
f 1375 1373 1428
f 1429 1371 1430
f 1373 1371 1429
f 1371 1431 1430
f 1431 1369 1432
f 1371 1369 1431
f 1432 1368 1433
f 1369 1368 1432
f 1368 1434 1433
f 1434 1367 1435
f 1368 1367 1434
f 1435 1366 1436
f 1367 1366 1435
f 1436 1354 1437
f 1366 1354 1436
f 1354 1438 1437
f 1354 1351 1438
f 1438 1351 1439
f 1351 1347 1439
f 1439 1347 1440
f 1440 1347 1441
f 1347 1342 1441
f 1441 1342 1442
f 1342 1338 1442
f 1442 1338 1397
f 1376 1378 1443
f 1443 1378 1420
f 178 1376 1443
f 178 1383 1376
f 178 1444 1445
f 1379 1445 1446
f 1383 178 1445
f 1383 1445 1379
f 1380 1379 1447
f 1447 1379 1446
f 1448 1374 1449
f 1449 1388 1450
f 1374 1388 1449
f 1450 1387 1451
f 1388 1387 1450
f 1451 1386 1452
f 1387 1386 1451
f 1452 1382 1453
f 1453 1382 1454
f 1386 1382 1452
f 1454 1381 1455
f 1382 1381 1454
f 1455 1380 1447
f 1381 1380 1455
f 1456 1337 1457
f 1457 1331 1458
f 1337 1331 1457
f 1331 1459 1458
f 1459 1326 1460
f 1331 1326 1459
f 1326 1461 1460
f 1461 1322 1462
f 1326 1322 1461
f 1462 1316 1463
f 1463 1316 1464
f 1322 1316 1462
f 1464 1317 1465
f 1316 1317 1464
f 1465 1321 1466
f 1466 1321 1467
f 1317 1321 1465
f 1467 1328 1468
f 1468 1328 1469
f 1321 1328 1467
f 1328 1330 1469
f 1469 1330 1470
f 1330 1334 1470
f 1470 1334 1471
f 1334 1336 1471
f 1471 1336 1472
f 1336 1473 1472
f 1336 1341 1473
f 1473 1341 1474
f 1341 1346 1474
f 1474 1346 1475
f 1346 1476 1475
f 1346 1350 1476
f 1476 1350 1477
f 1350 1353 1477
f 1477 1353 1478
f 1478 1353 1479
f 1353 1364 1479
f 1479 1364 1480
f 1364 1481 1480
f 1364 1363 1481
f 1481 1363 1482
f 1363 1362 1482
f 1482 1362 1483
f 1483 1362 1484
f 1362 1370 1484
f 1484 1370 1485
f 1485 1370 1486
f 1486 1372 1487
f 1370 1372 1486
f 1487 1374 1448
f 1372 1374 1487
f 1360 1488 1489
f 1360 1359 1488
f 1359 1490 1488
f 1359 1352 1490
f 1352 1491 1490
f 1352 1348 1491
f 1348 1492 1491
f 1348 1345 1492
f 1492 1343 1493
f 1345 1343 1492
f 1493 1337 1456
f 1343 1337 1493
f 1358 1360 1494
f 1494 1360 1489
f 1495 1496 88
f 1312 1495 88
f 1358 1494 1495
f 1358 1495 1312
f 1312 1497 1274
f 1312 88 1497
f 1498 1274 1497
f 1275 1274 1498
f 1499 1278 1500
f 1500 1296 1501
f 1278 1296 1500
f 1296 1502 1501
f 1502 1295 1503
f 1296 1295 1502
f 1295 1504 1503
f 1504 1294 1505
f 1295 1294 1504
f 1505 1307 1506
f 1294 1307 1505
f 1307 1507 1506
f 1507 1306 1508
f 1307 1306 1507
f 1508 1305 1509
f 1306 1305 1508
f 1305 1510 1509
f 1510 1304 1511
f 1305 1304 1510
f 1511 1303 1512
f 1304 1303 1511
f 1303 1513 1512
f 1513 1302 1514
f 1303 1302 1513
f 1514 1301 1515
f 1302 1301 1514
f 1515 1300 1516
f 1301 1300 1515
f 1300 1517 1516
f 1300 1313 1517
f 1517 1313 1518
f 1313 1277 1518
f 1518 1277 1519
f 1519 1277 1520
f 1277 1273 1520
f 1520 1273 1521
f 1273 1275 1521
f 1521 1275 1498
f 1522 1245 1523
f 1523 1244 1524
f 1245 1244 1523
f 1244 1525 1524
f 1525 1249 1526
f 1244 1249 1525
f 1249 1527 1526
f 1527 1252 1528
f 1249 1252 1527
f 1528 1254 1529
f 1252 1254 1528
f 1254 1530 1529
f 1530 1260 1531
f 1254 1260 1530
f 1531 1259 1532
f 1260 1259 1531
f 1259 1533 1532
f 1533 1262 1534
f 1259 1262 1533
f 1534 1263 1535
f 1262 1263 1534
f 1263 1536 1535
f 1536 1265 1537
f 1263 1265 1536
f 1537 1267 1538
f 1265 1267 1537
f 1538 1268 1539
f 1267 1268 1538
f 1268 1540 1539
f 1268 1281 1540
f 1540 1281 1541
f 1281 1280 1541
f 1541 1280 1542
f 1542 1280 1543
f 1280 1279 1543
f 1543 1279 1544
f 1279 1278 1544
f 1544 1278 1499
f 1246 1245 1545
f 1545 1245 1522
f 1246 1545 1546
f 1246 1546 1247
f 1547 1242 1247
f 1547 1247 1546
f 1548 1242 1547
f 1549 1547 1546
f 1550 1242 1548
f 1550 1243 1242
f 1551 1255 1552
f 1552 1253 1553
f 1255 1253 1552
f 1553 1251 1554
f 1253 1251 1553
f 1554 1250 1555
f 1251 1250 1554
f 1555 1248 1556
f 1556 1248 1557
f 1250 1248 1555
f 1557 1241 1558
f 1248 1241 1557
f 1558 1243 1550
f 1241 1243 1558
f 1293 1559 1560
f 1293 1292 1559
f 1292 1561 1559
f 1292 1291 1561
f 1291 1562 1561
f 1291 1290 1562
f 1290 1563 1562
f 1290 1289 1563
f 1289 1564 1563
f 1289 1288 1564
f 1288 1565 1564
f 1288 1287 1565
f 1287 1566 1565
f 1287 1299 1566
f 1299 1567 1566
f 1299 1298 1567
f 1298 1568 1567
f 1298 1297 1568
f 1297 1569 1568
f 1297 1285 1569
f 1285 1570 1569
f 1285 1284 1570
f 1284 1571 1570
f 1284 1283 1571
f 1283 1572 1571
f 1283 1282 1572
f 1282 1573 1572
f 1282 1269 1573
f 1269 1574 1573
f 1269 1266 1574
f 1266 1264 1574
f 1574 1264 1575
f 1264 1261 1575
f 1575 1261 1576
f 1261 1258 1576
f 1576 1258 1577
f 1258 1578 1577
f 1258 1257 1578
f 1257 1551 1578
f 1257 1255 1551
f 1579 1271 1580
f 1580 1270 1581
f 1271 1270 1580
f 1581 1276 1582
f 1270 1276 1581
f 1582 1311 1583
f 1276 1311 1582
f 1583 1310 1584
f 1584 1310 1585
f 1311 1310 1583
f 1585 1309 1586
f 1310 1309 1585
f 1586 1293 1560
f 1309 1293 1586
f 1271 1587 1272
f 1271 1579 1587
f 1588 1308 1272
f 1588 1272 1587
f 1589 1588 1590
f 1589 1308 1588
f 1396 1355 1308
f 1396 1308 1589
f 1394 1393 1286
f 1394 1286 1315
f 1392 1365 1361
f 1392 1391 1365
f 1391 1390 1365
f 1365 1390 1339
f 1324 1394 1315
f 1389 1394 1324
f 1419 1395 1396
f 1418 1419 1396
f 1417 1396 1589
f 1417 1418 1396
f 1416 1417 1589
f 1415 1416 1589
f 1414 1415 1589
f 1413 1414 1589
f 1412 1589 1590
f 1412 1413 1589
f 1411 1412 1590
f 1591 1404 1405
f 1591 1405 1406
f 1591 1406 1407
f 1591 1407 1408
f 1591 1408 1409
f 1591 1409 1410
f 1591 1410 1411
f 1591 1411 1590
f 1421 1443 1420
f 1403 1404 1591
f 1422 1443 1421
f 1402 1403 1591
f 1423 1443 1422
f 1401 1402 1591
f 1400 1401 1591
f 1400 1591 1592
f 1399 1400 1592
f 1398 1399 1592
f 1397 1398 1592
f 178 1423 1424
f 178 1424 1425
f 178 1425 1426
f 178 1426 1427
f 178 1427 1428
f 178 1443 1423
f 1593 1429 1430
f 1593 1430 1431
f 1593 1431 1432
f 1593 1432 1433
f 1593 1433 1434
f 1593 1434 1435
f 1593 1435 1436
f 1593 1436 1437
f 1593 1437 1438
f 1593 1438 1439
f 1593 1439 1440
f 1594 1440 1441
f 1594 1441 1442
f 1594 1442 1397
f 1594 1397 1592
f 1594 1593 1440
f 1444 1428 1429
f 1444 178 1428
f 1444 1429 1593
f 1446 1445 1447
f 1453 1445 1452
f 1454 1445 1453
f 1455 1445 1454
f 1447 1445 1455
f 1445 1448 1449
f 1445 1449 1450
f 1445 1450 1451
f 1445 1451 1452
f 1448 1595 1596
f 1445 1444 1448
f 1595 1444 1593
f 1448 1444 1595
f 1597 1463 1464
f 1464 1465 1597
f 1597 1462 1463
f 1465 1466 1597
f 1597 1461 1462
f 1466 1467 1597
f 1467 1468 1597
f 1597 1460 1461
f 1468 1469 1597
f 1597 1459 1460
f 1469 1470 1597
f 1597 1458 1459
f 1470 1471 1597
f 1471 1472 1597
f 1473 1596 1472
f 1474 1596 1473
f 1475 1596 1474
f 1476 1596 1475
f 1477 1596 1476
f 1478 1596 1477
f 1472 1596 1597
f 1478 1479 1596
f 1479 1480 1596
f 1480 1481 1596
f 1481 1482 1596
f 1482 1483 1596
f 1483 1484 1596
f 1484 1485 1596
f 1485 1486 1596
f 1597 1456 1457
f 1597 1457 1458
f 1448 1596 1487
f 1487 1596 1486
f 1492 1495 1491
f 1491 1495 1490
f 1490 1495 1488
f 1488 1495 1489
f 1495 1494 1489
f 1456 1495 1493
f 1493 1495 1492
f 1598 1496 1599
f 1599 1456 1597
f 1496 1456 1599
f 1496 1495 1456
f 1538 1600 1537
f 1536 1537 1600
f 1539 1600 1538
f 1535 1536 1600
f 1540 1600 1539
f 1534 1535 1600
f 1541 1600 1540
f 1533 1534 1600
f 1542 1601 1600
f 1542 1600 1541
f 1532 1533 1600
f 1543 1601 1542
f 1531 1600 1549
f 1531 1532 1600
f 1544 1601 1543
f 1530 1549 1546
f 1530 1531 1549
f 1499 1601 1544
f 1529 1530 1546
f 1528 1529 1546
f 1527 1528 1546
f 1526 1527 1546
f 1525 1526 1546
f 1602 1499 1500
f 1602 1500 1501
f 1602 1501 1502
f 1602 1601 1499
f 1598 1602 1502
f 1598 1502 1503
f 1598 1503 1504
f 1598 1504 1505
f 1506 1598 1505
f 1507 1598 1506
f 1508 1598 1507
f 1509 1598 1508
f 1545 1522 1523
f 1545 1523 1524
f 1545 1524 1525
f 1545 1525 1546
f 1510 1598 1509
f 1511 1598 1510
f 1512 1598 1511
f 1513 1598 1512
f 1497 1519 1520
f 1497 1520 1521
f 1497 1521 1498
f 1496 1513 1514
f 1496 1598 1513
f 88 1514 1515
f 88 1515 1516
f 88 1516 1517
f 88 1517 1518
f 88 1518 1519
f 88 1496 1514
f 88 1519 1497
f 1547 1550 1548
f 1547 1558 1550
f 1547 1557 1558
f 1547 1556 1557
f 1547 1555 1556
f 1547 1551 1552
f 1547 1552 1553
f 1547 1553 1554
f 1547 1554 1555
f 1600 1603 1549
f 1549 1551 1547
f 1603 1551 1549
f 1603 1604 1551
f 1578 1604 1577
f 1577 1604 1576
f 1576 1604 1575
f 1575 1604 1574
f 1604 1573 1574
f 1604 1572 1573
f 1604 1571 1572
f 1604 1570 1571
f 1568 1605 1567
f 1567 1605 1566
f 1566 1605 1565
f 1565 1605 1564
f 1564 1605 1563
f 1563 1605 1562
f 1562 1605 1561
f 1561 1605 1559
f 1605 1560 1559
f 1604 1605 1569
f 1604 1569 1570
f 1569 1605 1568
f 1551 1604 1578
f 1587 1579 1588
f 1579 1580 1588
f 1580 1581 1588
f 1581 1582 1588
f 1582 1583 1588
f 1560 1588 1586
f 1586 1588 1585
f 1585 1588 1584
f 1584 1588 1583
f 1560 1590 1588
f 1605 1606 1560
f 1560 1606 1590
f 1606 1591 1590
f 1607 1593 1594
f 1608 1593 1609
f 1609 1593 1610
f 1610 1593 1607
f 1595 1593 1611
f 1611 1593 1612
f 1612 1593 1608
f 1591 1613 1592
f 1591 1614 1613
f 1591 1615 1614
f 1591 1606 1616
f 1591 1616 1617
f 1591 1617 1618
f 1591 1618 1615
f 1613 1607 1592
f 1607 1594 1592
f 1597 1619 1620
f 1620 1621 1597
f 1597 1622 1619
f 1621 1623 1597
f 1597 1624 1622
f 1623 1625 1597
f 1597 1626 1624
f 1625 1627 1597
f 1627 1599 1597
f 1597 1628 1626
f 1628 1596 1629
f 1629 1596 1630
f 1630 1596 1631
f 1631 1596 1632
f 1596 1633 1632
f 1596 1634 1633
f 1596 1635 1634
f 1596 1636 1635
f 1596 1595 1637
f 1596 1637 1636
f 1597 1596 1628
f 1638 1598 1639
f 1639 1598 1640
f 1640 1598 1641
f 1641 1598 1642
f 1642 1598 1643
f 1638 1602 1598
f 1598 1599 1643
f 1601 1602 1644
f 1602 1638 1644
f 1601 1644 1600
f 1644 1645 1600
f 1645 1646 1600
f 1646 1647 1600
f 1647 1648 1600
f 1648 1649 1600
f 1649 1603 1600
f 1650 1604 1651
f 1651 1604 1652
f 1652 1604 1653
f 1653 1604 1654
f 1654 1604 1603
f 1650 1655 1604
f 1655 1656 1604
f 1656 1657 1604
f 1657 1658 1604
f 1658 1659 1604
f 1660 1605 1661
f 1661 1605 1662
f 1662 1605 1663
f 1663 1605 1664
f 1664 1605 1665
f 1665 1605 1666
f 1666 1605 1667
f 1667 1605 1659
f 1605 1604 1659
f 1606 1605 1668
f 1668 1605 1660
f 1613 1610 1607
f 1610 1614 1609
f 1613 1614 1610
f 1609 1615 1608
f 1614 1615 1609
f 1608 1618 1612
f 1615 1618 1608
f 1612 1617 1611
f 1618 1617 1612
f 1617 1616 1611
f 1616 1595 1611
f 1616 1606 1595
f 1595 1668 1637
f 1606 1668 1595
f 1637 1660 1636
f 1668 1660 1637
f 1660 1661 1636
f 1661 1635 1636
f 1635 1662 1634
f 1661 1662 1635
f 1634 1663 1633
f 1662 1663 1634
f 1633 1664 1632
f 1663 1664 1633
f 1664 1665 1632
f 1665 1631 1632
f 1631 1666 1630
f 1665 1666 1631
f 1630 1667 1629
f 1666 1667 1630
f 1629 1659 1628
f 1667 1659 1629
f 1659 1658 1628
f 1628 1658 1626
f 1626 1657 1624
f 1658 1657 1626
f 1657 1656 1624
f 1656 1622 1624
f 1622 1655 1619
f 1656 1655 1622
f 1619 1650 1620
f 1655 1650 1619
f 1620 1651 1621
f 1650 1651 1620
f 1651 1652 1621
f 1652 1623 1621
f 1623 1653 1625
f 1652 1653 1623
f 1625 1654 1627
f 1653 1654 1625
f 1627 1603 1599
f 1654 1603 1627
f 1603 1643 1599
f 1643 1649 1642
f 1603 1649 1643
f 1642 1648 1641
f 1649 1648 1642
f 1641 1647 1640
f 1648 1647 1641
f 1640 1646 1639
f 1647 1646 1640
f 1646 1645 1639
f 1645 1638 1639
f 1645 1644 1638
f 1669 1670 1671
f 1671 1670 1672
f 1672 1673 1674
f 1670 1673 1672
f 1674 1675 1676
f 1673 1675 1674
f 1676 1677 1678
f 1678 1677 1679
f 1675 1677 1676
f 1677 1680 1679
f 1679 1681 1682
f 1680 1681 1679
f 1682 1683 1684
f 1684 1683 1685
f 1681 1683 1682
f 1683 1686 1685
f 1685 1687 1688
f 1688 1687 1689
f 1686 1687 1685
f 1687 1690 1689
f 1689 1691 1692
f 1690 1691 1689
f 1691 1693 1692
f 1692 1693 1694
f 1693 1695 1694
f 1694 1695 1696
f 1695 1697 1696
f 1696 1697 1698
f 1698 1697 1699
f 1697 1700 1699
f 1700 1701 1699
f 1699 1701 1702
f 1702 1703 1704
f 1704 1703 1705
f 1701 1703 1702
f 1703 1706 1705
f 1705 1707 1708
f 1706 1707 1705
f 1708 1709 1710
f 1707 1709 1708
f 1710 1711 1712
f 1712 1711 1713
f 1709 1711 1710
f 1713 1714 1715
f 1711 1714 1713
f 1715 1716 1717
f 1714 1716 1715
f 1716 1718 1717
f 1719 1720 1721
f 1721 1722 1719
f 1720 1723 1721
f 1721 1724 1722
f 1723 1725 1721
f 1721 1726 1724
f 1725 1727 1721
f 1721 1728 1726
f 1727 1729 1721
f 1721 1730 1728
f 1721 1731 1730
f 1729 1732 1721
f 1732 1733 1721
f 1733 1671 1721
f 1672 1734 1671
f 1674 1734 1672
f 1676 1734 1674
f 1678 1734 1676
f 1679 1734 1678
f 1682 1734 1679
f 1671 1734 1721
f 1682 1684 1734
f 1684 1685 1734
f 1685 1688 1734
f 1688 1689 1734
f 1689 1692 1734
f 1692 1694 1734
f 1694 1696 1734
f 1696 1698 1734
f 1702 1734 1699
f 1699 1734 1698
f 1721 1735 1736
f 1721 1736 1731
f 1737 1738 1739
f 1739 1738 1740
f 1740 1741 1742
f 1738 1741 1740
f 1742 1743 1744
f 1741 1743 1742
f 1744 1745 1746
f 1743 1745 1744
f 1746 1747 1748
f 1745 1747 1746
f 1748 1749 1750
f 1750 1749 1751
f 1747 1749 1748
f 1751 1752 1735
f 1749 1752 1751
f 1735 1753 1736
f 1752 1753 1735
f 1736 1754 1731
f 1753 1754 1736
f 1731 1755 1730
f 1754 1755 1731
f 1730 1756 1728
f 1755 1756 1730
f 1756 1757 1728
f 1728 1757 1726
f 1757 1758 1726
f 1726 1758 1724
f 1758 1759 1724
f 1724 1759 1722
f 1759 1760 1722
f 1722 1760 1719
f 1760 1761 1719
f 1719 1761 1720
f 1761 1762 1720
f 1720 1762 1723
f 1762 1763 1723
f 1723 1763 1725
f 1763 1764 1725
f 1725 1764 1727
f 1764 1765 1727
f 1727 1765 1729
f 1765 1766 1729
f 1729 1766 1732
f 1766 1767 1732
f 1732 1767 1733
f 1767 1768 1733
f 1733 1768 1671
f 1768 1669 1671
f 1769 1762 1761
f 1761 1760 1769
f 1760 1759 1769
f 1769 1763 1762
f 1769 1764 1763
f 1759 1758 1769
f 1769 1765 1764
f 1758 1757 1769
f 1769 1766 1765
f 1757 1756 1769
f 1769 1767 1766
f 1756 1755 1769
f 1755 1754 1769
f 1769 1768 1767
f 1669 1770 1670
f 1670 1770 1673
f 1673 1770 1675
f 1675 1770 1677
f 1677 1770 1680
f 1680 1770 1681
f 1770 1683 1681
f 1770 1686 1683
f 1770 1687 1686
f 1770 1690 1687
f 1770 1691 1690
f 1770 1693 1691
f 1770 1695 1693
f 1769 1770 1669
f 1769 1669 1768
f 1753 1769 1754
f 1770 1701 1700
f 1770 1700 1697
f 1770 1697 1695
f 1711 1771 1714
f 1714 1771 1716
f 1716 1771 1718
f 1718 1771 1772
f 1701 1771 1703
f 1703 1771 1706
f 1706 1771 1707
f 1707 1771 1709
f 1709 1771 1711
f 1772 1773 1718
f 1773 1717 1718
f 1773 1774 1717
f 1712 1774 1710
f 1713 1774 1712
f 1715 1774 1713
f 1717 1774 1715
f 1774 1702 1704
f 1774 1704 1705
f 1774 1705 1708
f 1774 1708 1710
f 1721 1775 1735
f 1776 1777 1775
f 1735 1777 1778
f 1775 1777 1735
f 1774 1779 1702
f 1702 1780 1734
f 1779 1780 1702
f 1779 1781 1780
f 1782 1721 1783
f 1784 1783 1721
f 1785 1721 1782
f 1786 1784 1721
f 1787 1721 1785
f 1788 1786 1721
f 1789 1721 1787
f 1790 1788 1721
f 1791 1790 1721
f 1734 1792 1793
f 1734 1793 1794
f 1734 1794 1795
f 1734 1795 1791
f 1734 1791 1721
f 1796 1792 1734
f 1797 1796 1734
f 1798 1797 1734
f 1799 1798 1734
f 1800 1799 1734
f 1775 1721 1789
f 1734 1780 1800
f 1740 1778 1739
f 1742 1778 1740
f 1744 1778 1742
f 1746 1778 1744
f 1778 1801 1739
f 1735 1778 1751
f 1751 1778 1750
f 1750 1778 1748
f 1748 1778 1746
f 1737 1739 1802
f 1739 1801 1802
f 1737 1803 1738
f 1738 1803 1741
f 1741 1803 1743
f 1743 1803 1745
f 1745 1803 1747
f 1747 1803 1749
f 1749 1803 1752
f 1737 1802 1803
f 1803 1753 1752
f 1804 1805 1806
f 1771 1701 1804
f 1804 1701 1805
f 1701 1770 1805
f 1807 1808 1809
f 1769 1753 1807
f 1807 1753 1808
f 1753 1803 1808
f 1769 1810 1811
f 1769 1811 1812
f 1769 1812 1813
f 1769 1813 1814
f 1815 1769 1814
f 1816 1769 1815
f 1817 1769 1816
f 1818 1769 1817
f 1770 1819 1820
f 1770 1820 1821
f 1770 1821 1822
f 1770 1822 1823
f 1770 1823 1824
f 1770 1824 1825
f 1770 1825 1826
f 1770 1826 1827
f 1805 1770 1827
f 1770 1769 1828
f 1828 1769 1818
f 1770 1828 1819
f 1769 1807 1810
f 1829 1830 1831
f 1832 1830 1829
f 1830 1833 1831
f 1833 1834 1831
f 1834 1835 1831
f 1831 1836 1804
f 1835 1836 1831
f 1837 1771 1838
f 1838 1771 1839
f 1839 1771 1840
f 1840 1771 1841
f 1841 1771 1836
f 1836 1771 1804
f 1837 1842 1771
f 1843 1844 1845
f 1842 1846 1771
f 1843 1847 1844
f 1771 1848 1772
f 1846 1848 1771
f 1848 1849 1772
f 1849 1850 1772
f 1847 1851 1852
f 1852 1851 1853
f 1853 1851 1854
f 1854 1851 1855
f 1843 1851 1847
f 1855 1774 1856
f 1856 1774 1857
f 1857 1774 1858
f 1858 1774 1859
f 1859 1774 1860
f 1860 1774 1861
f 1861 1774 1862
f 1774 1773 1862
f 1862 1773 1863
f 1863 1773 1850
f 1850 1773 1772
f 1851 1779 1855
f 1855 1779 1774
f 1803 1864 1865
f 1865 1866 1803
f 1803 1867 1864
f 1866 1868 1803
f 1802 1869 1803
f 1803 1869 1867
f 1868 1870 1803
f 1802 1871 1869
f 1803 1872 1808
f 1808 1872 1873
f 1870 1872 1803
f 1872 1874 1873
f 1802 1875 1871
f 1874 1876 1873
f 1876 1877 1873
f 1877 1878 1873
f 1875 1801 1879
f 1879 1801 1880
f 1802 1801 1875
f 1880 1778 1881
f 1881 1778 1882
f 1801 1778 1880
f 1778 1883 1882
f 1778 1884 1883
f 1885 1886 1887
f 1887 1886 1878
f 1878 1886 1873
f 1778 1888 1884
f 1778 1889 1888
f 1778 1890 1889
f 1778 1891 1890
f 1892 1893 1894
f 1778 1777 1891
f 1892 1895 1893
f 1891 1895 1896
f 1896 1895 1897
f 1897 1895 1898
f 1898 1895 1892
f 1777 1895 1891
f 1776 1899 1900
f 1776 1900 1901
f 1776 1901 1902
f 1776 1902 1903
f 1904 1776 1903
f 1776 1775 1905
f 1776 1905 1899
f 1776 1904 1906
f 1776 1906 1907
f 1895 1777 1776
f 1895 1776 1907
f 1781 1851 1908
f 1781 1908 1909
f 1910 1781 1909
f 1779 1851 1781
f 1781 1911 1912
f 1781 1912 1913
f 1781 1913 1914
f 1781 1910 1911
f 1780 1781 1915
f 1915 1781 1916
f 1916 1781 1914
f 1917 1918 1911
f 1911 1918 1912
f 1918 1913 1912
f 1913 1919 1914
f 1918 1919 1913
f 1914 1920 1916
f 1919 1920 1914
f 1916 1921 1915
f 1920 1921 1916
f 1921 1780 1915
f 1921 1922 1780
f 1922 1800 1780
f 1922 1923 1800
f 1800 1924 1799
f 1923 1924 1800
f 1799 1925 1798
f 1924 1925 1799
f 1798 1926 1797
f 1925 1926 1798
f 1797 1927 1796
f 1926 1927 1797
f 1796 1928 1792
f 1927 1928 1796
f 1792 1929 1793
f 1928 1929 1792
f 1793 1930 1794
f 1929 1930 1793
f 1794 1931 1795
f 1930 1931 1794
f 1795 1932 1791
f 1931 1932 1795
f 1932 1933 1791
f 1791 1933 1790
f 1790 1934 1788
f 1788 1934 1786
f 1933 1934 1790
f 1934 1935 1786
f 1935 1784 1786
f 1935 1936 1784
f 1936 1783 1784
f 1936 1937 1783
f 1783 1938 1782
f 1937 1938 1783
f 1782 1939 1785
f 1938 1939 1782
f 1785 1940 1787
f 1939 1940 1785
f 1787 1941 1789
f 1940 1941 1787
f 1789 1942 1775
f 1941 1942 1789
f 1942 1943 1775
f 1943 1905 1775
f 1943 1944 1905
f 1944 1899 1905
f 1899 1945 1900
f 1944 1945 1899
f 1900 1946 1901
f 1901 1946 1902
f 1945 1946 1900
f 1902 1947 1903
f 1946 1947 1902
f 1948 1949 1806
f 1950 1948 1806
f 1951 1950 1806
f 1952 1951 1806
f 1806 1805 1953
f 1806 1953 1954
f 1806 1954 1952
f 1806 1949 1955
f 1806 1955 1956
f 1831 1804 1806
f 1831 1806 1956
f 1809 1873 1957
f 1809 1957 1958
f 1959 1809 1958
f 1808 1873 1809
f 1960 1809 1959
f 1961 1809 1960
f 1962 1809 1961
f 1963 1809 1962
f 1807 1809 1964
f 1964 1809 1965
f 1965 1809 1963
f 1966 1967 1960
f 1960 1967 1961
f 1961 1968 1962
f 1967 1968 1961
f 1962 1969 1963
f 1968 1969 1962
f 1963 1970 1965
f 1969 1970 1963
f 1970 1971 1965
f 1965 1972 1964
f 1971 1972 1965
f 1964 1973 1807
f 1972 1973 1964
f 1807 1974 1810
f 1973 1974 1807
f 1974 1975 1810
f 1810 1976 1811
f 1975 1976 1810
f 1811 1977 1812
f 1976 1977 1811
f 1977 1978 1812
f 1978 1813 1812
f 1978 1979 1813
f 1813 1980 1814
f 1979 1980 1813
f 1980 1981 1814
f 1981 1982 1814
f 1814 1982 1815
f 1815 1983 1816
f 1982 1983 1815
f 1983 1984 1816
f 1984 1817 1816
f 1984 1985 1817
f 1985 1986 1817
f 1986 1818 1817
f 1986 1987 1818
f 1987 1988 1818
f 1818 1988 1828
f 1988 1989 1828
f 1989 1990 1828
f 1828 1990 1819
f 1819 1991 1820
f 1990 1991 1819
f 1820 1992 1821
f 1991 1992 1820
f 1992 1993 1821
f 1821 1994 1822
f 1993 1994 1821
f 1994 1995 1822
f 1822 1996 1823
f 1995 1996 1822
f 1823 1997 1824
f 1996 1997 1823
f 1997 1998 1824
f 1824 1999 1825
f 1998 1999 1824
f 1825 2000 1826
f 1999 2000 1825
f 2000 2001 1826
f 1826 2002 1827
f 2001 2002 1826
f 2002 2003 1827
f 1827 2004 1805
f 2003 2004 1827
f 2004 2005 1805
f 2005 2006 1805
f 1805 2006 1953
f 1953 2007 1954
f 2006 2007 1953
f 1954 2008 1952
f 2007 2008 1954
f 1952 2009 1951
f 2008 2009 1952
f 1951 2010 1950
f 2009 2010 1951
f 1950 2011 1948
f 2010 2011 1950
f 2011 2012 1948
f 1832 1829 2013
f 2013 1829 2014
f 2015 1850 2016
f 2016 1849 2017
f 1850 1849 2016
f 2017 1848 2018
f 1849 1848 2017
f 1848 2019 2018
f 2019 1846 2020
f 1848 1846 2019
f 2020 1842 2021
f 2021 1842 2022
f 1846 1842 2020
f 2022 1837 2023
f 1842 1837 2022
f 2023 1838 2024
f 1837 1838 2023
f 2024 1839 2025
f 2025 1839 2026
f 1838 1839 2024
f 2026 1840 2027
f 1839 1840 2026
f 2027 1841 2028
f 2028 1841 2029
f 1840 1841 2027
f 2029 1836 2030
f 1841 1836 2029
f 2030 1835 2031
f 2031 1835 2032
f 1836 1835 2030
f 2032 1834 2033
f 1835 1834 2032
f 1834 1833 2033
f 2033 1833 2034
f 2034 1833 2035
f 1833 1830 2035
f 2035 1830 2036
f 2036 1830 2037
f 1830 1832 2037
f 2037 1832 2013
f 2038 1845 2039
f 2039 1844 2040
f 1845 1844 2039
f 2040 1847 2041
f 1844 1847 2040
f 1847 2042 2041
f 2042 1852 2043
f 1847 1852 2042
f 2043 1853 2044
f 2044 1853 2045
f 1852 1853 2043
f 2045 1854 2046
f 1853 1854 2045
f 2046 1855 2047
f 1854 1855 2046
f 2047 1856 2048
f 2048 1856 2049
f 1855 1856 2047
f 2049 1857 2050
f 1856 1857 2049
f 2050 1858 2051
f 2051 1858 2052
f 1857 1858 2050
f 2052 1859 2053
f 1858 1859 2052
f 2053 1860 2054
f 2054 1860 2055
f 1859 1860 2053
f 2055 1861 2056
f 1860 1861 2055
f 1861 1862 2056
f 2056 1862 2057
f 2057 1862 2058
f 1862 1863 2058
f 2058 1863 2059
f 2059 1863 2060
f 1863 1850 2060
f 2060 1850 2015
f 1843 1845 2061
f 2061 1845 2038
f 1851 1843 1908
f 1908 1843 2061
f 1829 1831 2014
f 2014 1831 1956
f 1894 1893 2062
f 2062 1893 2063
f 2064 1875 2065
f 2065 1879 2066
f 1875 1879 2065
f 2066 1880 2067
f 1879 1880 2066
f 1880 2068 2067
f 2068 1881 2069
f 1880 1881 2068
f 2069 1882 2070
f 2070 1882 2071
f 1881 1882 2069
f 2071 1883 2072
f 1882 1883 2071
f 2072 1884 2073
f 1883 1884 2072
f 2073 1888 2074
f 2074 1888 2075
f 1884 1888 2073
f 2075 1889 2076
f 1888 1889 2075
f 2076 1890 2077
f 2077 1890 2078
f 1889 1890 2076
f 2078 1891 2079
f 1890 1891 2078
f 2079 1896 2080
f 2080 1896 2081
f 1891 1896 2079
f 2081 1897 2082
f 1896 1897 2081
f 1897 1898 2082
f 2082 1898 2083
f 2083 1898 2084
f 1898 1892 2084
f 2084 1892 2085
f 2085 1892 2086
f 1892 1894 2086
f 2086 1894 2062
f 2087 1885 2088
f 2088 1887 2089
f 1885 1887 2088
f 2089 1878 2090
f 1887 1878 2089
f 1878 2091 2090
f 2091 1877 2092
f 1878 1877 2091
f 2092 1876 2093
f 2093 1876 2094
f 1877 1876 2092
f 2094 1874 2095
f 1876 1874 2094
f 2095 1872 2096
f 1874 1872 2095
f 2096 1870 2097
f 2097 1870 2098
f 1872 1870 2096
f 2098 1868 2099
f 1870 1868 2098
f 2099 1866 2100
f 2100 1866 2101
f 1868 1866 2099
f 2101 1865 2102
f 1866 1865 2101
f 2102 1864 2103
f 2103 1864 2104
f 1865 1864 2102
f 2104 1867 2105
f 1864 1867 2104
f 1867 1869 2105
f 2105 1869 2106
f 2106 1869 2107
f 1869 1871 2107
f 2107 1871 2108
f 2108 1871 2109
f 1871 1875 2109
f 2109 1875 2064
f 1886 1885 2110
f 2110 1885 2087
f 1873 2110 1957
f 1886 2110 1873
f 1895 1907 1893
f 1893 1907 2063
f 1904 1903 1906
f 1906 1903 1947
f 2011 1955 2012
f 2037 2013 2014
f 2010 1955 2011
f 2036 2037 2014
f 2009 1955 2010
f 2009 1956 1955
f 2035 2036 2014
f 2035 2014 1956
f 2008 1956 2009
f 2034 2035 1956
f 2007 1956 2008
f 2033 2034 1956
f 2006 1956 2007
f 2032 2033 1956
f 2005 1956 2006
f 2031 2032 1956
f 2111 1956 2005
f 2111 2002 2001
f 2111 2003 2002
f 2111 2004 2003
f 2111 2005 2004
f 2112 2027 2028
f 2112 2028 2029
f 2112 2029 2030
f 2112 2030 2031
f 2112 2031 1956
f 2112 1956 2111
f 2000 2111 2001
f 2026 2027 2112
f 1999 2111 2000
f 2025 2026 2112
f 2024 2025 2112
f 1998 2111 1999
f 1997 2111 1998
f 2023 2024 2112
f 2022 2023 2112
f 1996 2111 1997
f 2039 2061 2038
f 1967 1966 1958
f 1995 2111 1996
f 2021 2022 2112
f 1968 1967 1958
f 2040 2061 2039
f 1969 1968 1958
f 2041 2061 2040
f 2113 2015 2016
f 2113 2016 2017
f 2113 2017 2018
f 2113 2018 2019
f 2113 2019 2020
f 2113 2020 2021
f 2113 2021 2112
f 2114 1990 1989
f 2114 1991 1990
f 2114 1992 1991
f 2114 1993 1992
f 2114 1994 1993
f 2114 1995 1994
f 2114 2111 1995
f 2115 2055 2056
f 2115 2056 2057
f 2115 2057 2058
f 2115 2058 2059
f 2115 2059 2060
f 2115 2060 2015
f 2115 2015 2113
f 2116 1974 1973
f 2116 1975 1974
f 2116 1976 1975
f 2116 1977 1976
f 2116 1978 1977
f 2116 1979 1978
f 2116 1980 1979
f 2116 1981 1980
f 2116 1982 1981
f 2116 1983 1982
f 2117 1983 2116
f 2117 2114 1989
f 2117 1984 1983
f 2117 1985 1984
f 2117 1986 1985
f 2117 1987 1986
f 2117 1988 1987
f 2117 1989 1988
f 2118 2054 2055
f 2118 2055 2115
f 2118 2045 2046
f 2118 2046 2047
f 2118 2047 2048
f 2118 2048 2049
f 2118 2049 2050
f 2118 2050 2051
f 2118 2051 2052
f 2118 2052 2053
f 2118 2053 2054
f 1908 2061 2041
f 1908 2045 2118
f 1908 2041 2042
f 1908 2042 2043
f 1908 2043 2044
f 1908 2044 2045
f 1957 1969 1958
f 1957 2116 1973
f 1957 1970 1969
f 1957 1971 1970
f 1957 1972 1971
f 1957 1973 1972
f 2119 2116 1957
f 2120 1908 2118
f 2103 2119 2102
f 1928 1927 2120
f 2101 2102 2119
f 2104 2119 2103
f 2104 2121 2119
f 1926 2120 1927
f 2100 2101 2119
f 1929 1928 2120
f 1929 2120 2122
f 2105 2121 2104
f 2099 2100 2119
f 2106 2121 2105
f 1925 2120 1926
f 1930 1929 2122
f 2098 2099 2119
f 2107 2121 2106
f 1924 2120 1925
f 2097 2098 2119
f 2108 2121 2107
f 1931 1930 2122
f 2096 2097 2119
f 1923 2120 1924
f 2109 2121 2108
f 2095 2096 2119
f 1922 2120 1923
f 2064 2121 2109
f 2064 2123 2121
f 1932 1931 2122
f 1932 2122 2124
f 2094 2119 1957
f 2094 2095 2119
f 2065 2123 2064
f 1921 1908 2120
f 1921 2120 1922
f 2093 2094 1957
f 1933 1932 2124
f 2066 2123 2065
f 2092 2093 1957
f 1920 1908 1921
f 1934 1933 2124
f 2067 2123 2066
f 2091 2092 1957
f 2068 2123 2067
f 2090 2091 1957
f 1919 1908 1920
f 1935 1934 2124
f 2069 2123 2068
f 2070 2123 2069
f 1936 1935 2124
f 1909 1918 1917
f 1909 1919 1918
f 1909 1908 1919
f 2110 2087 2088
f 2110 2088 2089
f 2110 2089 2090
f 2110 2090 1957
f 2125 1937 1936
f 2125 1938 1937
f 2125 1939 1938
f 2125 1940 1939
f 2125 1936 2124
f 2126 2123 2070
f 2126 2070 2071
f 2126 2071 2072
f 2126 2072 2073
f 2126 2073 2074
f 2126 2074 2075
f 2076 2126 2075
f 2077 2126 2076
f 1941 1940 2125
f 2078 2126 2077
f 1942 1941 2125
f 2079 2126 2078
f 2080 2126 2079
f 1943 1942 2125
f 2063 2084 2085
f 2063 2085 2086
f 2063 2086 2062
f 1906 1947 1946
f 1907 1943 2125
f 1907 2080 2081
f 1907 2081 2082
f 1907 2082 2083
f 1907 2083 2084
f 1907 1906 1946
f 1907 1944 1943
f 1907 1945 1944
f 1907 1946 1945
f 1907 2126 2080
f 1907 2084 2063
f 1907 2125 2126
f 1917 1911 1909
f 1911 1910 1909
f 1955 1949 2012
f 1949 1948 2012
f 1966 1960 1958
f 1960 1959 1958
f 2126 2127 2128
f 2126 2125 2127
f 2123 2128 2129
f 2123 2126 2128
f 2130 2131 2132
f 2123 2130 2121
f 2123 2129 2130
f 2133 2131 2130
f 2133 2130 2129
f 2134 2133 2129
f 2135 2121 2130
f 2119 2121 2135
f 2136 2119 2135
f 2116 2119 2136
f 2117 2136 2137
f 2117 2116 2136
f 2137 2132 2131
f 2114 2117 2137
f 2138 2137 2131
f 2138 2114 2137
f 2139 2140 2138
f 2139 2138 2131
f 2141 2114 2138
f 2111 2114 2141
f 2112 2141 2142
f 2112 2111 2141
f 2113 2142 2143
f 2113 2112 2142
f 2143 2140 2139
f 2115 2113 2143
f 2144 2143 2139
f 2144 2115 2143
f 2145 2146 2144
f 2145 2144 2139
f 2147 2115 2144
f 2118 2115 2147
f 2120 2147 2148
f 2120 2118 2147
f 2122 2148 2149
f 2122 2120 2148
f 2150 2133 2134
f 2149 2150 2124
f 2122 2149 2124
f 2145 2133 2150
f 2145 2150 2149
f 2146 2145 2149
f 2127 2124 2150
f 2125 2124 2127
f 2128 2134 2129
f 2128 2127 2134
f 2127 2150 2134
f 2151 2152 2153
f 2151 2153 2154
f 2155 2151 2154
f 2156 2151 2155
f 2157 2156 2155
f 2158 2156 2157
f 2159 2158 2157
f 2160 2158 2159
f 2161 2159 2162
f 2161 2160 2159
f 2131 2161 2162
f 2133 2161 2131
f 2135 2132 2136
f 2135 2130 2132
f 2132 2137 2136
f 2163 2131 2162
f 2163 2139 2131
f 2164 2162 2165
f 2164 2163 2162
f 2166 2164 2165
f 2167 2164 2166
f 2168 2167 2166
f 2169 2167 2168
f 2170 2169 2168
f 2171 2169 2170
f 2172 2170 2173
f 2172 2171 2170
f 2138 2140 2141
f 2143 2142 2140
f 2140 2142 2141
f 2174 2139 2163
f 2174 2145 2139
f 2175 2163 2176
f 2175 2174 2163
f 2177 2176 2178
f 2177 2175 2176
f 2179 2178 2180
f 2179 2177 2178
f 2181 2180 2182
f 2181 2179 2180
f 2183 2182 2184
f 2183 2181 2182
f 2146 2147 2144
f 2149 2148 2146
f 2146 2148 2147
f 2185 2186 2187
f 2185 2187 2188
f 2189 2185 2188
f 2190 2185 2189
f 2191 2190 2189
f 2192 2190 2191
f 2193 2192 2191
f 2194 2192 2193
f 2174 2193 2161
f 2174 2194 2193
f 2133 2174 2161
f 2145 2174 2133
f 2195 2196 2197
f 2195 2197 2153
f 2195 2153 2152
f 2195 2198 2187
f 2195 2152 2199
f 2195 2187 2186
f 2195 2186 2196
f 2173 2170 2168
f 2200 2173 2168
f 2201 2168 2166
f 2201 2200 2168
f 2202 2200 2201
f 2203 2202 2201
f 2204 2166 2165
f 2204 2201 2166
f 2205 2165 2162
f 2205 2204 2165
f 2159 2205 2162
f 2206 2205 2159
f 2157 2206 2159
f 2207 2206 2157
f 2155 2207 2157
f 2153 2155 2154
f 2153 2197 2207
f 2153 2207 2155
f 2152 2156 2158
f 2152 2151 2156
f 2199 2158 2160
f 2199 2152 2158
f 2195 2160 2161
f 2195 2199 2160
f 2193 2195 2161
f 2198 2193 2191
f 2198 2195 2193
f 2187 2189 2188
f 2187 2191 2189
f 2187 2198 2191
f 2208 2209 2210
f 2208 2210 2211
f 2184 2208 2172
f 2184 2209 2208
f 2173 2184 2172
f 2200 2184 2173
f 2202 2184 2200
f 2203 2183 2184
f 2203 2184 2202
f 2212 2183 2203
f 2184 2182 2180
f 2184 2180 2178
f 2209 2178 2176
f 2209 2184 2178
f 2210 2176 2163
f 2210 2209 2176
f 2211 2163 2164
f 2211 2210 2163
f 2208 2164 2167
f 2208 2211 2164
f 2172 2169 2171
f 2172 2167 2169
f 2172 2208 2167
f 2186 2185 2190
f 2213 2190 2192
f 2213 2186 2190
f 2196 2186 2213
f 2214 2192 2194
f 2214 2213 2192
f 2215 2194 2174
f 2215 2214 2194
f 2175 2215 2174
f 2216 2215 2175
f 2177 2216 2175
f 2217 2216 2177
f 2179 2217 2177
f 2183 2212 2217
f 2183 2179 2181
f 2183 2217 2179
f 2213 2207 2196
f 2196 2207 2197
f 2201 2217 2203
f 2203 2217 2212
f 2213 2206 2207
f 2213 2214 2206
f 2214 2205 2206
f 2214 2215 2205
f 2215 2204 2205
f 2215 2216 2204
f 2216 2201 2204
f 2216 2217 2201
f 2218 2219 2220
f 2218 2220 2221
f 2222 2221 2223
f 2222 2218 2221
f 2224 2223 2225
f 2224 2222 2223
f 2226 2225 2227
f 2226 2224 2225
f 2228 2227 2229
f 2228 2226 2227
f 2230 2227 2225
f 2230 2229 2227
f 2231 2225 2223
f 2231 2230 2225
f 2232 2223 2221
f 2232 2231 2223
f 2233 2221 2234
f 2233 2232 2221
f 2235 2234 2236
f 2235 2233 2234
f 2237 2238 2239
f 2237 2236 2238
f 2237 2235 2236
f 2240 2228 2229
f 2240 2229 2230
f 2241 2242 2243
f 2244 2241 2243
f 2245 2243 2246
f 2245 2244 2243
f 2247 2244 2245
f 2248 2247 2245
f 2249 2246 2250
f 2249 2245 2246
f 2251 2250 2218
f 2251 2249 2250
f 2222 2251 2218
f 2252 2251 2222
f 2224 2252 2222
f 2253 2252 2224
f 2226 2253 2224
f 2254 2255 2253
f 2256 2254 2253
f 2256 2253 2226
f 2240 2226 2228
f 2240 2256 2226
f 2243 2257 2258
f 2243 2242 2257
f 2246 2258 2259
f 2246 2243 2258
f 2250 2259 2260
f 2250 2246 2259
f 2218 2260 2261
f 2218 2250 2260
f 2219 2261 2262
f 2219 2218 2261
f 2263 2219 2264
f 2265 2263 2266
f 2265 2266 2267
f 2220 2265 2268
f 2220 2219 2263
f 2220 2263 2265
f 2269 2220 2270
f 2221 2220 2269
f 2234 2269 2271
f 2234 2221 2269
f 2236 2271 2272
f 2236 2234 2271
f 2238 2272 2273
f 2238 2236 2272
f 2239 2273 2274
f 2239 2238 2273
f 2275 2239 2274
f 2237 2239 2275
f 2237 2230 2231
f 2237 2231 2232
f 2237 2232 2233
f 2237 2233 2235
f 2240 2230 2237
f 2275 2240 2237
f 2254 2256 2240
f 2276 2275 2277
f 2276 2277 2278
f 2255 2240 2275
f 2255 2275 2276
f 2255 2254 2240
f 2255 2276 2253
f 2253 2276 2279
f 2245 2249 2280
f 2280 2249 2281
f 2281 2251 2282
f 2249 2251 2281
f 2282 2252 2283
f 2251 2252 2282
f 2283 2253 2279
f 2252 2253 2283
f 2280 2248 2245
f 2284 2248 2280
f 2285 2284 2286
f 2287 2248 2284
f 2287 2284 2285
f 2288 2248 2287
f 2289 2241 2244
f 2289 2244 2247
f 2289 2247 2248
f 2289 2248 2288
f 2290 2289 2288
f 2291 2288 2292
f 2293 2290 2288
f 2293 2288 2291
f 2257 2241 2289
f 2242 2241 2257
f 2288 2294 2295
f 2288 2296 2294
f 2292 2295 2297
f 2292 2288 2295
f 2291 2297 2261
f 2291 2292 2297
f 2293 2261 2260
f 2293 2291 2261
f 2290 2260 2259
f 2290 2293 2260
f 2258 2290 2259
f 2289 2258 2257
f 2289 2290 2258
f 2294 2298 2299
f 2294 2296 2298
f 2295 2299 2300
f 2295 2294 2299
f 2297 2300 2301
f 2297 2295 2300
f 2261 2301 2269
f 2261 2297 2301
f 2262 2269 2270
f 2262 2261 2269
f 2302 2262 2303
f 2304 2302 2305
f 2304 2305 2306
f 2304 2262 2302
f 2219 2304 2264
f 2219 2262 2304
f 2307 2265 2308
f 2308 2265 2267
f 2309 2268 2307
f 2309 2310 2268
f 2268 2265 2307
f 2310 2220 2268
f 2311 2310 2312
f 2311 2312 2313
f 2270 2311 2314
f 2270 2220 2310
f 2270 2310 2311
f 2263 2264 2315
f 2304 2316 2264
f 2264 2316 2315
f 2266 2315 2317
f 2263 2315 2266
f 2318 2319 2320
f 2321 2322 2323
f 2321 2323 2324
f 2325 2324 2319
f 2325 2319 2318
f 2326 2321 2324
f 2327 2324 2325
f 2328 2324 2327
f 2329 2326 2324
f 2330 2324 2328
f 2331 2329 2324
f 2332 2324 2330
f 2333 2332 2334
f 2333 2334 2335
f 2333 2324 2332
f 2308 2331 2324
f 2308 2336 2337
f 2308 2337 2331
f 2308 2324 2333
f 2338 2333 2335
f 2339 2336 2308
f 2340 2339 2308
f 2341 2333 2338
f 2342 2340 2308
f 2343 2333 2341
f 2344 2342 2308
f 2345 2344 2308
f 2346 2333 2343
f 2347 2348 2349
f 2350 2351 2352
f 2353 2347 2349
f 2354 2351 2350
f 2312 2333 2346
f 2312 2346 2355
f 2312 2355 2356
f 2312 2356 2357
f 2312 2357 2358
f 2267 2359 2360
f 2267 2360 2361
f 2267 2361 2362
f 2267 2362 2345
f 2267 2345 2308
f 2266 2359 2267
f 2266 2363 2364
f 2266 2364 2365
f 2266 2365 2359
f 2366 2367 2368
f 2366 2368 2369
f 2366 2369 2370
f 2366 2370 2371
f 2366 2371 2372
f 2366 2372 2373
f 2317 2363 2266
f 2317 2374 2375
f 2317 2375 2376
f 2317 2376 2377
f 2317 2377 2378
f 2317 2378 2379
f 2317 2379 2380
f 2317 2380 2381
f 2317 2381 2363
f 2313 2358 2382
f 2313 2382 2383
f 2313 2383 2384
f 2313 2384 2367
f 2313 2312 2358
f 2313 2367 2366
f 2385 2353 2349
f 2385 2373 2386
f 2385 2386 2387
f 2385 2387 2388
f 2385 2388 2353
f 2385 2366 2373
f 2389 2351 2354
f 2389 2354 2390
f 2389 2390 2374
f 2389 2374 2317
f 2391 2389 2317
f 2392 2366 2385
f 2393 2391 2394
f 2395 2392 2396
f 2397 2396 2392
f 2398 2394 2391
f 2398 2391 2306
f 2399 2391 2393
f 2400 2392 2395
f 2400 2401 2392
f 2402 2397 2392
f 2403 2391 2399
f 2404 2401 2400
f 2405 2398 2306
f 2406 2402 2392
f 2407 2405 2306
f 2408 2391 2403
f 2409 2401 2404
f 2410 2406 2392
f 2411 2407 2306
f 2412 2410 2392
f 2413 2306 2305
f 2413 2411 2306
f 2414 2391 2408
f 2414 2389 2391
f 2415 2416 2401
f 2415 2401 2409
f 2417 2392 2385
f 2417 2412 2392
f 2418 2413 2305
f 2419 2416 2415
f 2420 2389 2414
f 2421 2417 2385
f 2422 2389 2420
f 2423 2418 2305
f 2424 2416 2419
f 2425 2389 2422
f 2426 2421 2385
f 2427 2423 2305
f 2428 2416 2424
f 2429 2389 2425
f 2430 2427 2305
f 2431 2416 2428
f 2432 2433 2434
f 2432 2434 2426
f 2432 2426 2385
f 2435 2429 2436
f 2435 2436 2437
f 2435 2389 2429
f 2438 2439 2440
f 2438 2440 2441
f 2438 2441 2430
f 2438 2430 2305
f 2442 2431 2443
f 2442 2443 2444
f 2442 2444 2445
f 2442 2445 2446
f 2442 2416 2431
f 2447 2439 2438
f 2448 2442 2446
f 2449 2447 2438
f 2450 2442 2448
f 2451 2449 2438
f 2452 2442 2450
f 2453 2454 2455
f 2456 2457 2458
f 2456 2458 2459
f 2460 2451 2438
f 2460 2452 2461
f 2460 2461 2462
f 2460 2462 2454
f 2460 2459 2463
f 2460 2463 2464
f 2460 2464 2465
f 2460 2465 2451
f 2460 2442 2452
f 2460 2438 2442
f 2460 2454 2453
f 2460 2456 2459
f 2275 2274 2273
f 2277 2275 2273
f 2279 2273 2272
f 2279 2277 2273
f 2278 2277 2279
f 2276 2278 2279
f 2283 2272 2271
f 2283 2279 2272
f 2282 2271 2269
f 2282 2283 2271
f 2301 2282 2269
f 2281 2282 2301
f 2300 2281 2301
f 2280 2281 2300
f 2299 2280 2300
f 2286 2284 2280
f 2285 2286 2280
f 2285 2280 2299
f 2287 2299 2298
f 2287 2285 2299
f 2298 2288 2287
f 2296 2288 2298
f 2466 2270 2314
f 2467 2466 2401
f 2467 2401 2416
f 2262 2467 2303
f 2262 2270 2466
f 2262 2466 2467
f 2316 2306 2391
f 2316 2304 2306
f 2303 2468 2302
f 2467 2469 2303
f 2303 2469 2468
f 2305 2468 2438
f 2302 2468 2305
f 2309 2308 2333
f 2309 2307 2308
f 2312 2309 2333
f 2310 2309 2312
f 2470 2313 2366
f 2470 2311 2313
f 2470 2314 2311
f 2314 2471 2466
f 2470 2471 2314
f 2317 2316 2391
f 2315 2316 2317
f 2472 2432 2473
f 2433 2432 2472
f 2474 2415 2475
f 2475 2409 2476
f 2415 2409 2475
f 2409 2477 2476
f 2477 2404 2478
f 2409 2404 2477
f 2404 2479 2478
f 2479 2400 2480
f 2404 2400 2479
f 2480 2395 2481
f 2400 2395 2480
f 2395 2482 2481
f 2482 2396 2483
f 2395 2396 2482
f 2483 2397 2484
f 2396 2397 2483
f 2397 2485 2484
f 2485 2402 2486
f 2397 2402 2485
f 2486 2406 2487
f 2402 2406 2486
f 2406 2488 2487
f 2488 2410 2489
f 2406 2410 2488
f 2489 2412 2490
f 2410 2412 2489
f 2490 2417 2491
f 2412 2417 2490
f 2417 2492 2491
f 2417 2421 2492
f 2492 2421 2493
f 2421 2426 2493
f 2493 2426 2494
f 2494 2426 2495
f 2426 2434 2495
f 2495 2434 2496
f 2434 2433 2496
f 2496 2433 2472
f 2497 2455 2498
f 2498 2454 2499
f 2455 2454 2498
f 2454 2500 2499
f 2500 2462 2501
f 2454 2462 2500
f 2462 2502 2501
f 2502 2461 2503
f 2462 2461 2502
f 2503 2452 2504
f 2461 2452 2503
f 2452 2505 2504
f 2505 2450 2506
f 2452 2450 2505
f 2506 2448 2507
f 2450 2448 2506
f 2448 2508 2507
f 2508 2446 2509
f 2448 2446 2508
f 2509 2445 2510
f 2446 2445 2509
f 2445 2511 2510
f 2511 2444 2512
f 2445 2444 2511
f 2512 2443 2513
f 2444 2443 2512
f 2513 2431 2514
f 2443 2431 2513
f 2431 2515 2514
f 2431 2428 2515
f 2515 2428 2516
f 2428 2424 2516
f 2516 2424 2517
f 2517 2424 2518
f 2424 2419 2518
f 2518 2419 2519
f 2419 2415 2519
f 2519 2415 2474
f 2453 2455 2520
f 2520 2455 2497
f 2521 2453 2520
f 2521 2460 2453
f 2521 2522 2523
f 2456 2523 2524
f 2460 2521 2523
f 2460 2523 2456
f 2457 2456 2525
f 2525 2456 2524
f 2526 2451 2527
f 2527 2465 2528
f 2451 2465 2527
f 2528 2464 2529
f 2465 2464 2528
f 2529 2463 2530
f 2464 2463 2529
f 2530 2459 2531
f 2531 2459 2532
f 2463 2459 2530
f 2532 2458 2533
f 2459 2458 2532
f 2533 2457 2525
f 2458 2457 2533
f 2534 2414 2535
f 2535 2408 2536
f 2414 2408 2535
f 2408 2537 2536
f 2537 2403 2538
f 2408 2403 2537
f 2403 2539 2538
f 2539 2399 2540
f 2403 2399 2539
f 2540 2393 2541
f 2541 2393 2542
f 2399 2393 2540
f 2542 2394 2543
f 2393 2394 2542
f 2543 2398 2544
f 2544 2398 2545
f 2394 2398 2543
f 2545 2405 2546
f 2546 2405 2547
f 2398 2405 2545
f 2405 2407 2547
f 2547 2407 2548
f 2407 2411 2548
f 2548 2411 2549
f 2411 2413 2549
f 2549 2413 2550
f 2413 2551 2550
f 2413 2418 2551
f 2551 2418 2552
f 2418 2423 2552
f 2552 2423 2553
f 2423 2554 2553
f 2423 2427 2554
f 2554 2427 2555
f 2427 2430 2555
f 2555 2430 2556
f 2556 2430 2557
f 2430 2441 2557
f 2557 2441 2558
f 2441 2559 2558
f 2441 2440 2559
f 2559 2440 2560
f 2440 2439 2560
f 2560 2439 2561
f 2561 2439 2562
f 2439 2447 2562
f 2562 2447 2563
f 2563 2447 2564
f 2564 2449 2565
f 2447 2449 2564
f 2565 2451 2526
f 2449 2451 2565
f 2437 2566 2567
f 2437 2436 2566
f 2436 2568 2566
f 2436 2429 2568
f 2429 2569 2568
f 2429 2425 2569
f 2425 2570 2569
f 2425 2422 2570
f 2570 2420 2571
f 2422 2420 2570
f 2571 2414 2534
f 2420 2414 2571
f 2435 2437 2572
f 2572 2437 2567
f 2573 2574 2575
f 2389 2573 2575
f 2435 2572 2573
f 2435 2573 2389
f 2389 2576 2351
f 2389 2575 2576
f 2577 2351 2576
f 2352 2351 2577
f 2578 2359 2579
f 2579 2365 2580
f 2359 2365 2579
f 2365 2581 2580
f 2581 2364 2582
f 2365 2364 2581
f 2364 2583 2582
f 2583 2363 2584
f 2364 2363 2583
f 2584 2381 2585
f 2363 2381 2584
f 2381 2586 2585
f 2586 2380 2587
f 2381 2380 2586
f 2587 2379 2588
f 2380 2379 2587
f 2379 2589 2588
f 2589 2378 2590
f 2379 2378 2589
f 2590 2377 2591
f 2378 2377 2590
f 2377 2592 2591
f 2592 2376 2593
f 2377 2376 2592
f 2593 2375 2594
f 2376 2375 2593
f 2594 2374 2595
f 2375 2374 2594
f 2374 2596 2595
f 2374 2390 2596
f 2596 2390 2597
f 2390 2354 2597
f 2597 2354 2598
f 2598 2354 2599
f 2354 2350 2599
f 2599 2350 2600
f 2350 2352 2600
f 2600 2352 2577
f 2601 2322 2602
f 2602 2321 2603
f 2322 2321 2602
f 2321 2604 2603
f 2604 2326 2605
f 2321 2326 2604
f 2326 2606 2605
f 2606 2329 2607
f 2326 2329 2606
f 2607 2331 2608
f 2329 2331 2607
f 2331 2609 2608
f 2609 2337 2610
f 2331 2337 2609
f 2610 2336 2611
f 2337 2336 2610
f 2336 2612 2611
f 2612 2339 2613
f 2336 2339 2612
f 2613 2340 2614
f 2339 2340 2613
f 2340 2615 2614
f 2615 2342 2616
f 2340 2342 2615
f 2616 2344 2617
f 2342 2344 2616
f 2617 2345 2618
f 2344 2345 2617
f 2345 2619 2618
f 2345 2362 2619
f 2619 2362 2620
f 2362 2361 2620
f 2620 2361 2621
f 2621 2361 2622
f 2361 2360 2622
f 2622 2360 2623
f 2360 2359 2623
f 2623 2359 2578
f 2323 2322 2624
f 2624 2322 2601
f 2323 2624 2625
f 2323 2625 2324
f 2626 2319 2324
f 2626 2324 2625
f 2627 2319 2626
f 2628 2626 2625
f 2629 2319 2627
f 2629 2320 2319
f 2630 2332 2631
f 2631 2330 2632
f 2332 2330 2631
f 2632 2328 2633
f 2330 2328 2632
f 2633 2327 2634
f 2328 2327 2633
f 2634 2325 2635
f 2635 2325 2636
f 2327 2325 2634
f 2636 2318 2637
f 2325 2318 2636
f 2637 2320 2629
f 2318 2320 2637
f 2373 2638 2639
f 2373 2372 2638
f 2372 2640 2638
f 2372 2371 2640
f 2371 2641 2640
f 2371 2370 2641
f 2370 2642 2641
f 2370 2369 2642
f 2369 2643 2642
f 2369 2368 2643
f 2368 2644 2643
f 2368 2367 2644
f 2367 2645 2644
f 2367 2384 2645
f 2384 2646 2645
f 2384 2383 2646
f 2383 2647 2646
f 2383 2382 2647
f 2382 2648 2647
f 2382 2358 2648
f 2358 2649 2648
f 2358 2357 2649
f 2357 2650 2649
f 2357 2356 2650
f 2356 2651 2650
f 2356 2355 2651
f 2355 2652 2651
f 2355 2346 2652
f 2346 2653 2652
f 2346 2343 2653
f 2343 2341 2653
f 2653 2341 2654
f 2341 2338 2654
f 2654 2338 2655
f 2338 2335 2655
f 2655 2335 2656
f 2335 2657 2656
f 2335 2334 2657
f 2334 2630 2657
f 2334 2332 2630
f 2658 2348 2659
f 2659 2347 2660
f 2348 2347 2659
f 2660 2353 2661
f 2347 2353 2660
f 2661 2388 2662
f 2353 2388 2661
f 2662 2387 2663
f 2663 2387 2664
f 2388 2387 2662
f 2664 2386 2665
f 2387 2386 2664
f 2665 2373 2639
f 2386 2373 2665
f 2348 2666 2349
f 2348 2658 2666
f 2667 2385 2349
f 2667 2349 2666
f 2668 2667 2669
f 2668 2385 2667
f 2473 2432 2385
f 2473 2385 2668
f 2471 2470 2366
f 2471 2366 2392
f 2468 2442 2438
f 2468 2469 2442
f 2469 2416 2442
f 2469 2467 2416
f 2401 2471 2392
f 2466 2471 2401
f 2496 2472 2473
f 2495 2496 2473
f 2494 2473 2668
f 2494 2495 2473
f 2493 2494 2668
f 2492 2493 2668
f 2491 2492 2668
f 2490 2491 2668
f 2489 2668 2669
f 2489 2490 2668
f 2488 2489 2669
f 2670 2481 2482
f 2670 2482 2483
f 2670 2483 2484
f 2670 2484 2485
f 2670 2485 2486
f 2670 2486 2487
f 2670 2487 2488
f 2670 2488 2669
f 2498 2520 2497
f 2480 2481 2670
f 2499 2520 2498
f 2479 2480 2670
f 2500 2520 2499
f 2478 2479 2670
f 2477 2478 2670
f 2477 2670 2671
f 2476 2477 2671
f 2475 2476 2671
f 2474 2475 2671
f 2521 2500 2501
f 2521 2501 2502
f 2521 2502 2503
f 2521 2503 2504
f 2521 2504 2505
f 2521 2520 2500
f 2672 2506 2507
f 2672 2507 2508
f 2672 2508 2509
f 2672 2509 2510
f 2672 2510 2511
f 2672 2511 2512
f 2672 2512 2513
f 2672 2513 2514
f 2672 2514 2515
f 2672 2515 2516
f 2672 2516 2517
f 2673 2517 2518
f 2673 2518 2519
f 2673 2519 2474
f 2673 2474 2671
f 2673 2672 2517
f 2522 2505 2506
f 2522 2521 2505
f 2522 2506 2672
f 2524 2523 2525
f 2531 2523 2530
f 2532 2523 2531
f 2533 2523 2532
f 2525 2523 2533
f 2523 2526 2527
f 2523 2527 2528
f 2523 2528 2529
f 2523 2529 2530
f 2526 2674 2675
f 2523 2522 2526
f 2674 2522 2672
f 2526 2522 2674
f 2542 2543 2676
f 2676 2541 2542
f 2543 2544 2676
f 2676 2540 2541
f 2676 2539 2540
f 2544 2545 2676
f 2676 2538 2539
f 2545 2546 2676
f 2546 2547 2676
f 2676 2537 2538
f 2676 2536 2537
f 2547 2548 2676
f 2548 2549 2676
f 2549 2550 2676
f 2551 2675 2550
f 2552 2675 2551
f 2553 2675 2552
f 2554 2675 2553
f 2555 2675 2554
f 2556 2675 2555
f 2550 2675 2676
f 2556 2557 2675
f 2557 2558 2675
f 2558 2559 2675
f 2559 2560 2675
f 2560 2561 2675
f 2561 2562 2675
f 2562 2563 2675
f 2563 2564 2675
f 2676 2534 2535
f 2676 2535 2536
f 2526 2675 2565
f 2565 2675 2564
f 2570 2573 2569
f 2569 2573 2568
f 2568 2573 2566
f 2566 2573 2567
f 2573 2572 2567
f 2534 2573 2571
f 2571 2573 2570
f 2677 2574 2678
f 2678 2534 2676
f 2574 2534 2678
f 2574 2573 2534
f 2617 2679 2616
f 2615 2616 2679
f 2618 2679 2617
f 2614 2615 2679
f 2619 2679 2618
f 2613 2614 2679
f 2620 2679 2619
f 2612 2613 2679
f 2621 2680 2679
f 2621 2679 2620
f 2611 2612 2679
f 2622 2680 2621
f 2610 2679 2628
f 2610 2611 2679
f 2623 2680 2622
f 2609 2628 2625
f 2609 2610 2628
f 2578 2680 2623
f 2608 2609 2625
f 2607 2608 2625
f 2606 2607 2625
f 2605 2606 2625
f 2604 2605 2625
f 2681 2578 2579
f 2681 2579 2580
f 2681 2580 2581
f 2681 2680 2578
f 2677 2681 2581
f 2677 2581 2582
f 2677 2582 2583
f 2677 2583 2584
f 2585 2677 2584
f 2586 2677 2585
f 2587 2677 2586
f 2588 2677 2587
f 2624 2604 2625
f 2624 2601 2602
f 2624 2602 2603
f 2624 2603 2604
f 2589 2677 2588
f 2590 2677 2589
f 2591 2677 2590
f 2592 2677 2591
f 2576 2598 2599
f 2576 2599 2600
f 2576 2600 2577
f 2574 2592 2593
f 2574 2677 2592
f 2575 2574 2593
f 2575 2593 2594
f 2575 2594 2595
f 2575 2595 2596
f 2575 2596 2597
f 2575 2598 2576
f 2575 2597 2598
f 2626 2629 2627
f 2626 2637 2629
f 2626 2636 2637
f 2626 2635 2636
f 2626 2634 2635
f 2626 2630 2631
f 2626 2631 2632
f 2626 2632 2633
f 2626 2633 2634
f 2679 2682 2628
f 2628 2630 2626
f 2682 2630 2628
f 2682 2683 2630
f 2657 2683 2656
f 2656 2683 2655
f 2655 2683 2654
f 2654 2683 2653
f 2683 2652 2653
f 2683 2651 2652
f 2683 2650 2651
f 2683 2649 2650
f 2647 2684 2646
f 2646 2684 2645
f 2645 2684 2644
f 2644 2684 2643
f 2643 2684 2642
f 2642 2684 2641
f 2641 2684 2640
f 2640 2684 2638
f 2684 2639 2638
f 2683 2684 2648
f 2683 2648 2649
f 2648 2684 2647
f 2630 2683 2657
f 2666 2658 2667
f 2658 2659 2667
f 2659 2660 2667
f 2660 2661 2667
f 2661 2662 2667
f 2639 2667 2665
f 2665 2667 2664
f 2664 2667 2663
f 2663 2667 2662
f 2639 2669 2667
f 2684 2685 2639
f 2639 2685 2669
f 2685 2670 2669
f 2686 2672 2673
f 2687 2672 2688
f 2688 2672 2689
f 2689 2672 2686
f 2674 2672 2690
f 2690 2672 2691
f 2691 2672 2687
f 2670 2692 2671
f 2670 2693 2692
f 2670 2694 2693
f 2670 2685 2695
f 2670 2695 2696
f 2670 2696 2697
f 2670 2697 2694
f 2692 2686 2671
f 2686 2673 2671
f 2676 2698 2699
f 2699 2700 2676
f 2676 2701 2698
f 2700 2702 2676
f 2676 2703 2701
f 2702 2704 2676
f 2676 2705 2703
f 2704 2706 2676
f 2706 2678 2676
f 2676 2707 2705
f 2707 2675 2708
f 2708 2675 2709
f 2709 2675 2710
f 2710 2675 2711
f 2675 2712 2711
f 2675 2713 2712
f 2675 2714 2713
f 2675 2715 2714
f 2675 2674 2716
f 2675 2716 2715
f 2676 2675 2707
f 2717 2677 2718
f 2718 2677 2719
f 2719 2677 2720
f 2720 2677 2721
f 2721 2677 2722
f 2717 2681 2677
f 2677 2678 2722
f 2680 2681 2723
f 2681 2717 2723
f 2680 2723 2679
f 2723 2724 2679
f 2724 2725 2679
f 2725 2726 2679
f 2726 2727 2679
f 2727 2728 2679
f 2728 2682 2679
f 2729 2683 2730
f 2730 2683 2731
f 2731 2683 2732
f 2732 2683 2733
f 2733 2683 2682
f 2729 2734 2683
f 2734 2735 2683
f 2735 2736 2683
f 2736 2737 2683
f 2737 2738 2683
f 2739 2684 2740
f 2740 2684 2741
f 2741 2684 2742
f 2742 2684 2743
f 2743 2684 2744
f 2744 2684 2745
f 2745 2684 2746
f 2746 2684 2738
f 2684 2683 2738
f 2685 2684 2747
f 2747 2684 2739
f 2692 2689 2686
f 2689 2693 2688
f 2692 2693 2689
f 2688 2694 2687
f 2693 2694 2688
f 2687 2697 2691
f 2694 2697 2687
f 2691 2696 2690
f 2697 2696 2691
f 2696 2695 2690
f 2695 2674 2690
f 2695 2685 2674
f 2674 2747 2716
f 2685 2747 2674
f 2716 2739 2715
f 2747 2739 2716
f 2739 2740 2715
f 2740 2714 2715
f 2714 2741 2713
f 2740 2741 2714
f 2713 2742 2712
f 2741 2742 2713
f 2712 2743 2711
f 2742 2743 2712
f 2743 2744 2711
f 2744 2710 2711
f 2710 2745 2709
f 2744 2745 2710
f 2709 2746 2708
f 2745 2746 2709
f 2708 2738 2707
f 2746 2738 2708
f 2738 2737 2707
f 2707 2737 2705
f 2705 2736 2703
f 2737 2736 2705
f 2736 2735 2703
f 2735 2701 2703
f 2701 2734 2698
f 2735 2734 2701
f 2698 2729 2699
f 2734 2729 2698
f 2699 2730 2700
f 2729 2730 2699
f 2730 2731 2700
f 2731 2702 2700
f 2702 2732 2704
f 2731 2732 2702
f 2704 2733 2706
f 2732 2733 2704
f 2706 2682 2678
f 2733 2682 2706
f 2682 2722 2678
f 2722 2728 2721
f 2682 2728 2722
f 2721 2727 2720
f 2728 2727 2721
f 2720 2726 2719
f 2727 2726 2720
f 2719 2725 2718
f 2726 2725 2719
f 2725 2724 2718
f 2724 2717 2718
f 2724 2723 2717
f 2748 2749 2750
f 2750 2749 2751
f 2751 2752 2753
f 2749 2752 2751
f 2753 2754 2755
f 2752 2754 2753
f 2755 2756 2757
f 2754 2756 2755
f 2757 2758 2759
f 2756 2758 2757
f 2759 2760 2761
f 2761 2760 2762
f 2758 2760 2759
f 2760 2763 2762
f 2762 2764 2765
f 2763 2764 2762
f 2765 2766 2767
f 2764 2766 2765
f 2767 2768 2769
f 2766 2768 2767
f 2769 2770 2771
f 2768 2770 2769
f 2770 2772 2771
f 2771 2772 2773
f 2772 2774 2773
f 2773 2774 2775
f 2774 2776 2775
f 2775 2776 2777
f 2776 2778 2777
f 2777 2778 2779
f 2778 2780 2779
f 2779 2780 2781
f 2781 2782 2783
f 2783 2782 2784
f 2780 2782 2781
f 2782 2785 2784
f 2784 2786 2787
f 2787 2786 2788
f 2785 2786 2784
f 2788 2789 2790
f 2786 2789 2788
f 2789 2791 2790
f 2790 2792 2793
f 2793 2792 2794
f 2791 2792 2790
f 2792 2795 2794
f 2794 2796 2797
f 2795 2796 2794
f 2798 2799 2800
f 2800 2801 2798
f 2799 2802 2800
f 2800 2803 2801
f 2802 2804 2800
f 2800 2805 2803
f 2804 2806 2800
f 2800 2807 2805
f 2806 2808 2800
f 2800 2809 2807
f 2800 2810 2809
f 2808 2811 2800
f 2811 2812 2800
f 2812 2750 2800
f 2751 2813 2750
f 2753 2813 2751
f 2755 2813 2753
f 2757 2813 2755
f 2759 2813 2757
f 2761 2813 2759
f 2750 2813 2800
f 2761 2762 2813
f 2762 2765 2813
f 2765 2767 2813
f 2767 2769 2813
f 2769 2771 2813
f 2771 2773 2813
f 2773 2775 2813
f 2775 2777 2813
f 2781 2813 2779
f 2779 2813 2777
f 2800 2814 2815
f 2800 2815 2810
f 2816 2817 2818
f 2818 2817 2819
f 2819 2820 2821
f 2817 2820 2819
f 2821 2822 2823
f 2820 2822 2821
f 2823 2824 2825
f 2825 2824 2826
f 2822 2824 2823
f 2826 2827 2828
f 2824 2827 2826
f 2827 2829 2828
f 2828 2830 2831
f 2831 2830 2814
f 2829 2830 2828
f 2814 2832 2815
f 2830 2832 2814
f 2815 2833 2810
f 2832 2833 2815
f 2810 2834 2809
f 2833 2834 2810
f 2809 2835 2807
f 2834 2835 2809
f 2835 2836 2807
f 2807 2836 2805
f 2836 2837 2805
f 2805 2837 2803
f 2837 2838 2803
f 2803 2838 2801
f 2838 2839 2801
f 2801 2839 2798
f 2839 2840 2798
f 2798 2840 2799
f 2840 2841 2799
f 2799 2841 2802
f 2841 2842 2802
f 2802 2842 2804
f 2842 2843 2804
f 2804 2843 2806
f 2843 2844 2806
f 2806 2844 2808
f 2844 2845 2808
f 2808 2845 2811
f 2845 2846 2811
f 2811 2846 2812
f 2846 2847 2812
f 2812 2847 2750
f 2847 2748 2750
f 2848 2841 2840
f 2840 2839 2848
f 2839 2838 2848
f 2848 2842 2841
f 2848 2843 2842
f 2838 2837 2848
f 2848 2844 2843
f 2837 2836 2848
f 2848 2845 2844
f 2836 2835 2848
f 2848 2846 2845
f 2835 2834 2848
f 2834 2833 2848
f 2848 2847 2846
f 2748 2849 2749
f 2749 2849 2752
f 2752 2849 2754
f 2754 2849 2756
f 2756 2849 2758
f 2758 2849 2760
f 2849 2763 2760
f 2849 2764 2763
f 2849 2766 2764
f 2849 2768 2766
f 2849 2770 2768
f 2849 2772 2770
f 2849 2774 2772
f 2848 2849 2748
f 2848 2748 2847
f 2832 2848 2833
f 2849 2780 2778
f 2849 2778 2776
f 2849 2776 2774
f 2791 2850 2792
f 2792 2850 2795
f 2795 2850 2796
f 2796 2850 2851
f 2780 2850 2782
f 2782 2850 2785
f 2785 2850 2786
f 2786 2850 2789
f 2789 2850 2791
f 2851 2852 2796
f 2852 2797 2796
f 2852 2853 2797
f 2790 2853 2788
f 2793 2853 2790
f 2794 2853 2793
f 2797 2853 2794
f 2853 2781 2783
f 2853 2783 2784
f 2853 2784 2787
f 2853 2787 2788
f 2800 2854 2814
f 2855 2856 2854
f 2814 2856 2857
f 2854 2856 2814
f 2853 2858 2781
f 2781 2859 2813
f 2858 2859 2781
f 2858 2860 2859
f 2861 2800 2862
f 2863 2862 2800
f 2864 2800 2861
f 2865 2863 2800
f 2866 2800 2864
f 2867 2865 2800
f 2868 2800 2866
f 2869 2867 2800
f 2870 2869 2800
f 2813 2871 2872
f 2813 2872 2873
f 2813 2873 2874
f 2813 2874 2870
f 2813 2870 2800
f 2875 2871 2813
f 2876 2875 2813
f 2877 2876 2813
f 2878 2877 2813
f 2879 2878 2813
f 2854 2800 2868
f 2813 2859 2879
f 2819 2857 2818
f 2821 2857 2819
f 2823 2857 2821
f 2825 2857 2823
f 2857 2880 2818
f 2814 2857 2831
f 2831 2857 2828
f 2828 2857 2826
f 2826 2857 2825
f 2816 2818 2881
f 2818 2880 2881
f 2816 2882 2817
f 2817 2882 2820
f 2820 2882 2822
f 2822 2882 2824
f 2824 2882 2827
f 2827 2882 2829
f 2829 2882 2830
f 2816 2881 2882
f 2882 2832 2830
f 2850 2780 2883
f 2883 2884 2885
f 2780 2884 2883
f 2780 2849 2884
f 2886 2887 2888
f 2848 2832 2886
f 2886 2832 2887
f 2832 2882 2887
f 2848 2889 2890
f 2848 2890 2891
f 2848 2891 2892
f 2848 2892 2893
f 2894 2848 2893
f 2895 2848 2894
f 2896 2848 2895
f 2897 2848 2896
f 2849 2898 2899
f 2849 2899 2900
f 2849 2900 2901
f 2849 2901 2902
f 2849 2902 2903
f 2849 2903 2904
f 2849 2904 2905
f 2849 2905 2906
f 2884 2849 2906
f 2849 2848 2907
f 2907 2848 2897
f 2849 2907 2898
f 2848 2886 2889
f 240 2908 282
f 239 2908 240
f 2908 2909 282
f 2909 2910 282
f 2910 2911 282
f 282 2912 2883
f 2911 2912 282
f 2913 2850 2914
f 2914 2850 2915
f 2915 2850 2916
f 2916 2850 2917
f 2917 2850 2912
f 2912 2850 2883
f 2913 2918 2850
f 216 2919 18
f 2918 2920 2850
f 216 2921 2919
f 2850 2922 2851
f 2920 2922 2850
f 2922 2923 2851
f 2923 200 2851
f 2921 221 2924
f 2924 221 2925
f 2925 221 2926
f 2926 221 2927
f 216 221 2921
f 2927 2853 2928
f 2928 2853 2929
f 2929 2853 2930
f 2930 2853 2931
f 2931 2853 2932
f 2932 2853 2933
f 2933 2853 2934
f 2853 2852 2934
f 2934 2852 2935
f 2935 2852 200
f 200 2852 2851
f 221 2858 2927
f 2927 2858 2853
f 2882 2936 2937
f 2937 2938 2882
f 2882 2939 2936
f 2938 2940 2882
f 2881 2941 2882
f 2882 2941 2939
f 2940 2942 2882
f 2881 2943 2941
f 2882 2944 2887
f 2887 2944 372
f 2942 2944 2882
f 2944 2945 372
f 2881 2946 2943
f 2945 2947 372
f 2947 2948 372
f 2948 2949 372
f 2946 2880 2950
f 2950 2880 2951
f 2881 2880 2946
f 2951 2857 2952
f 2952 2857 2953
f 2880 2857 2951
f 2857 2954 2953
f 2857 2955 2954
f 369 368 2956
f 2956 368 2949
f 2949 368 372
f 2857 2957 2955
f 2857 2958 2957
f 2857 2959 2958
f 2857 2960 2959
f 2961 341 343
f 2857 2856 2960
f 2961 278 341
f 2960 278 2962
f 2962 278 2963
f 2963 278 2964
f 2964 278 2961
f 2856 278 2960
f 2855 2965 2966
f 2855 2966 2967
f 2855 2967 2968
f 2855 2968 2969
f 2970 2855 2969
f 2855 2854 2971
f 2855 2971 2965
f 2855 2970 2972
f 2855 2972 2973
f 278 2856 2855
f 278 2855 2973
f 2860 221 2974
f 2860 2974 2975
f 2976 2860 2975
f 2858 221 2860
f 2860 2977 2978
f 2860 2978 2979
f 2860 2979 2980
f 2860 2976 2977
f 2859 2860 2981
f 2981 2860 2982
f 2982 2860 2980
f 2983 2984 2977
f 2977 2984 2978
f 2984 2979 2978
f 2979 2985 2980
f 2984 2985 2979
f 2980 2986 2982
f 2985 2986 2980
f 2982 2987 2981
f 2986 2987 2982
f 2987 2859 2981
f 2987 2988 2859
f 2988 2879 2859
f 2988 2989 2879
f 2879 2990 2878
f 2989 2990 2879
f 2878 2991 2877
f 2990 2991 2878
f 2877 2992 2876
f 2991 2992 2877
f 2876 2993 2875
f 2992 2993 2876
f 2875 2994 2871
f 2993 2994 2875
f 2871 2995 2872
f 2994 2995 2871
f 2872 2996 2873
f 2995 2996 2872
f 2873 2997 2874
f 2996 2997 2873
f 2874 2998 2870
f 2997 2998 2874
f 2998 2999 2870
f 2870 2999 2869
f 2869 3000 2867
f 2867 3000 2865
f 2999 3000 2869
f 3000 3001 2865
f 3001 2863 2865
f 3001 3002 2863
f 3002 2862 2863
f 3002 3003 2862
f 2862 3004 2861
f 3003 3004 2862
f 2861 3005 2864
f 3004 3005 2861
f 2864 3006 2866
f 3005 3006 2864
f 2866 3007 2868
f 3006 3007 2866
f 2868 3008 2854
f 3007 3008 2868
f 3008 3009 2854
f 3009 2971 2854
f 3009 3010 2971
f 3010 2965 2971
f 2965 3011 2966
f 3010 3011 2965
f 2966 3012 2967
f 2967 3012 2968
f 3011 3012 2966
f 2968 3013 2969
f 3012 3013 2968
f 3014 3015 2885
f 3016 3014 2885
f 3017 3016 2885
f 3018 3017 2885
f 2885 2884 3019
f 2885 3019 3020
f 2885 3020 3018
f 2885 3015 3021
f 2885 3021 3022
f 282 2883 2885
f 282 2885 3022
f 2888 372 3023
f 2888 3023 3024
f 3025 2888 3024
f 2887 372 2888
f 3026 2888 3025
f 3027 2888 3026
f 3028 2888 3027
f 3029 2888 3028
f 2886 2888 3030
f 3030 2888 3031
f 3031 2888 3029
f 3032 3033 3026
f 3026 3033 3027
f 3027 3034 3028
f 3033 3034 3027
f 3028 3035 3029
f 3034 3035 3028
f 3029 3036 3031
f 3035 3036 3029
f 3036 3037 3031
f 3031 3038 3030
f 3037 3038 3031
f 3030 3039 2886
f 3038 3039 3030
f 2886 3040 2889
f 3039 3040 2886
f 3040 3041 2889
f 2889 3042 2890
f 3041 3042 2889
f 2890 3043 2891
f 3042 3043 2890
f 3043 3044 2891
f 3044 2892 2891
f 3044 3045 2892
f 2892 3046 2893
f 3045 3046 2892
f 3046 3047 2893
f 3047 3048 2893
f 2893 3048 2894
f 2894 3049 2895
f 3048 3049 2894
f 3049 3050 2895
f 3050 2896 2895
f 3050 3051 2896
f 3051 3052 2896
f 3052 2897 2896
f 3052 3053 2897
f 3053 3054 2897
f 2897 3054 2907
f 3054 3055 2907
f 3055 3056 2907
f 2907 3056 2898
f 2898 3057 2899
f 3056 3057 2898
f 2899 3058 2900
f 3057 3058 2899
f 3058 3059 2900
f 2900 3060 2901
f 3059 3060 2900
f 3060 3061 2901
f 2901 3062 2902
f 3061 3062 2901
f 2902 3063 2903
f 3062 3063 2902
f 3063 3064 2903
f 2903 3065 2904
f 3064 3065 2903
f 2904 3066 2905
f 3065 3066 2904
f 3066 3067 2905
f 2905 3068 2906
f 3067 3068 2905
f 3068 3069 2906
f 2906 3070 2884
f 3069 3070 2906
f 3070 3071 2884
f 3071 3072 2884
f 2884 3072 3019
f 3019 3073 3020
f 3072 3073 3019
f 3020 3074 3018
f 3073 3074 3020
f 3018 3075 3017
f 3074 3075 3018
f 3017 3076 3016
f 3075 3076 3017
f 3016 3077 3014
f 3076 3077 3016
f 3077 3078 3014
f 239 240 3079
f 3079 240 3080
f 3081 200 3082
f 3082 2923 3083
f 200 2923 3082
f 3083 2922 3084
f 2923 2922 3083
f 2922 3085 3084
f 3085 2920 3086
f 2922 2920 3085
f 3086 2918 3087
f 3087 2918 3088
f 2920 2918 3086
f 3088 2913 3089
f 2918 2913 3088
f 3089 2914 3090
f 2913 2914 3089
f 3090 2915 3091
f 3091 2915 3092
f 2914 2915 3090
f 3092 2916 3093
f 2915 2916 3092
f 3093 2917 3094
f 3094 2917 3095
f 2916 2917 3093
f 3095 2912 3096
f 2917 2912 3095
f 3096 2911 3097
f 3097 2911 3098
f 2912 2911 3096
f 3098 2910 3099
f 2911 2910 3098
f 2910 2909 3099
f 3099 2909 3100
f 3100 2909 3101
f 2909 2908 3101
f 3101 2908 3102
f 3102 2908 3103
f 2908 239 3103
f 3103 239 3079
f 3104 18 3105
f 3105 2919 3106
f 18 2919 3105
f 3106 2921 3107
f 2919 2921 3106
f 2921 3108 3107
f 3108 2924 3109
f 2921 2924 3108
f 3109 2925 3110
f 3110 2925 3111
f 2924 2925 3109
f 3111 2926 3112
f 2925 2926 3111
f 3112 2927 3113
f 2926 2927 3112
f 3113 2928 3114
f 3114 2928 3115
f 2927 2928 3113
f 3115 2929 3116
f 2928 2929 3115
f 3116 2930 3117
f 3117 2930 3118
f 2929 2930 3116
f 3118 2931 3119
f 2930 2931 3118
f 3119 2932 3120
f 3120 2932 3121
f 2931 2932 3119
f 3121 2933 3122
f 2932 2933 3121
f 2933 2934 3122
f 3122 2934 3123
f 3123 2934 3124
f 2934 2935 3124
f 3124 2935 3125
f 3125 2935 3126
f 2935 200 3126
f 3126 200 3081
f 216 18 3127
f 3127 18 3104
f 221 216 2974
f 2974 216 3127
f 240 282 3080
f 3080 282 3022
f 343 341 3128
f 3128 341 3129
f 3130 2946 3131
f 3131 2950 3132
f 2946 2950 3131
f 3132 2951 3133
f 2950 2951 3132
f 2951 3134 3133
f 3134 2952 3135
f 2951 2952 3134
f 3135 2953 3136
f 3136 2953 3137
f 2952 2953 3135
f 3137 2954 3138
f 2953 2954 3137
f 3138 2955 3139
f 2954 2955 3138
f 3139 2957 3140
f 3140 2957 3141
f 2955 2957 3139
f 3141 2958 3142
f 2957 2958 3141
f 3142 2959 3143
f 3143 2959 3144
f 2958 2959 3142
f 3144 2960 3145
f 2959 2960 3144
f 3145 2962 3146
f 3146 2962 3147
f 2960 2962 3145
f 3147 2963 3148
f 2962 2963 3147
f 2963 2964 3148
f 3148 2964 3149
f 3149 2964 3150
f 2964 2961 3150
f 3150 2961 3151
f 3151 2961 3152
f 2961 343 3152
f 3152 343 3128
f 3153 369 3154
f 3154 2956 3155
f 369 2956 3154
f 3155 2949 3156
f 2956 2949 3155
f 2949 3157 3156
f 3157 2948 3158
f 2949 2948 3157
f 3158 2947 3159
f 3159 2947 3160
f 2948 2947 3158
f 3160 2945 3161
f 2947 2945 3160
f 3161 2944 3162
f 2945 2944 3161
f 3162 2942 3163
f 3163 2942 3164
f 2944 2942 3162
f 3164 2940 3165
f 2942 2940 3164
f 3165 2938 3166
f 3166 2938 3167
f 2940 2938 3165
f 3167 2937 3168
f 2938 2937 3167
f 3168 2936 3169
f 3169 2936 3170
f 2937 2936 3168
f 3170 2939 3171
f 2936 2939 3170
f 2939 2941 3171
f 3171 2941 3172
f 3172 2941 3173
f 2941 2943 3173
f 3173 2943 3174
f 3174 2943 3175
f 2943 2946 3175
f 3175 2946 3130
f 368 369 3176
f 3176 369 3153
f 372 3176 3023
f 368 3176 372
f 278 2973 341
f 341 2973 3129
f 2970 2969 2972
f 2972 2969 3013
f 3103 3079 3080
f 3077 3021 3078
f 3102 3103 3080
f 3076 3021 3077
f 3101 3102 3080
f 3101 3080 3022
f 3075 3021 3076
f 3075 3022 3021
f 3100 3101 3022
f 3074 3022 3075
f 3099 3100 3022
f 3073 3022 3074
f 3098 3099 3022
f 3072 3022 3073
f 3097 3098 3022
f 3071 3022 3072
f 3177 3022 3071
f 3177 3068 3067
f 3177 3069 3068
f 3177 3070 3069
f 3177 3071 3070
f 3178 3022 3177
f 3178 3093 3094
f 3178 3094 3095
f 3178 3095 3096
f 3178 3096 3097
f 3178 3097 3022
f 3092 3093 3178
f 3066 3177 3067
f 3091 3092 3178
f 3065 3177 3066
f 3090 3091 3178
f 3064 3177 3065
f 3089 3090 3178
f 3063 3177 3064
f 3088 3089 3178
f 3062 3177 3063
f 3105 3127 3104
f 3033 3032 3024
f 3087 3088 3178
f 3061 3177 3062
f 3034 3033 3024
f 3106 3127 3105
f 3035 3034 3024
f 3107 3127 3106
f 3179 3056 3055
f 3179 3057 3056
f 3179 3058 3057
f 3179 3059 3058
f 3179 3060 3059
f 3179 3061 3060
f 3179 3177 3061
f 3180 3081 3082
f 3180 3082 3083
f 3180 3083 3084
f 3180 3084 3085
f 3180 3085 3086
f 3180 3086 3087
f 3180 3087 3178
f 3181 3121 3122
f 3181 3122 3123
f 3181 3123 3124
f 3181 3124 3125
f 3181 3125 3126
f 3181 3126 3081
f 3181 3081 3180
f 3182 3040 3039
f 3182 3041 3040
f 3182 3042 3041
f 3182 3043 3042
f 3182 3044 3043
f 3182 3045 3044
f 3182 3046 3045
f 3182 3047 3046
f 3182 3048 3047
f 3182 3049 3048
f 3183 3049 3182
f 3183 3179 3055
f 3183 3050 3049
f 3183 3051 3050
f 3183 3052 3051
f 3183 3053 3052
f 3183 3054 3053
f 3183 3055 3054
f 3184 3120 3121
f 3184 3121 3181
f 3184 3111 3112
f 3184 3112 3113
f 3184 3113 3114
f 3184 3114 3115
f 3184 3115 3116
f 3184 3116 3117
f 3184 3117 3118
f 3184 3118 3119
f 3184 3119 3120
f 2974 3111 3184
f 2974 3107 3108
f 2974 3127 3107
f 2974 3108 3109
f 2974 3109 3110
f 2974 3110 3111
f 3023 3035 3024
f 3023 3182 3039
f 3023 3036 3035
f 3023 3037 3036
f 3023 3038 3037
f 3023 3039 3038
f 3185 3182 3023
f 3186 2974 3184
f 3169 3185 3168
f 2994 2993 3186
f 3167 3168 3185
f 3170 3185 3169
f 3170 3187 3185
f 2992 3186 2993
f 3166 3167 3185
f 2995 2994 3186
f 2995 3186 3188
f 3171 3187 3170
f 3165 3166 3185
f 3172 3187 3171
f 2991 3186 2992
f 2996 2995 3188
f 3164 3165 3185
f 3173 3187 3172
f 2990 3186 2991
f 3163 3164 3185
f 3174 3187 3173
f 2997 2996 3188
f 3162 3163 3185
f 2989 3186 2990
f 3175 3187 3174
f 3161 3162 3185
f 2988 3186 2989
f 3130 3187 3175
f 3130 3189 3187
f 2998 2997 3188
f 2998 3188 3190
f 3160 3185 3023
f 3160 3161 3185
f 3131 3189 3130
f 2987 2974 3186
f 2987 3186 2988
f 3159 3160 3023
f 2999 2998 3190
f 3132 3189 3131
f 3158 3159 3023
f 2986 2974 2987
f 3000 2999 3190
f 3133 3189 3132
f 3157 3158 3023
f 3134 3189 3133
f 3156 3157 3023
f 2985 2974 2986
f 3001 3000 3190
f 3135 3189 3134
f 3136 3189 3135
f 3002 3001 3190
f 2975 2974 2985
f 2975 2984 2983
f 2975 2985 2984
f 3176 3153 3154
f 3176 3154 3155
f 3176 3155 3156
f 3176 3156 3023
f 3191 3002 3190
f 3191 3003 3002
f 3191 3004 3003
f 3191 3005 3004
f 3191 3006 3005
f 3192 3189 3136
f 3192 3136 3137
f 3192 3137 3138
f 3192 3138 3139
f 3192 3139 3140
f 3192 3140 3141
f 3142 3192 3141
f 3143 3192 3142
f 3007 3006 3191
f 3144 3192 3143
f 3008 3007 3191
f 3145 3192 3144
f 3146 3192 3145
f 3009 3008 3191
f 3129 3150 3151
f 3129 3151 3152
f 3129 3152 3128
f 2972 3013 3012
f 2973 3009 3191
f 2973 3146 3147
f 2973 3147 3148
f 2973 3148 3149
f 2973 3149 3150
f 2973 3010 3009
f 2973 3011 3010
f 2973 3012 3011
f 2973 3192 3146
f 2973 2972 3012
f 2973 3150 3129
f 2973 3191 3192
f 2983 2977 2975
f 2977 2976 2975
f 3021 3015 3078
f 3015 3014 3078
f 3032 3026 3024
f 3026 3025 3024
f 3192 3193 3194
f 3192 3191 3193
f 3189 3194 3195
f 3189 3192 3194
f 3196 3197 3198
f 3189 3196 3187
f 3189 3195 3196
f 3199 3197 3196
f 3199 3196 3195
f 3200 3199 3195
f 3201 3187 3196
f 3185 3187 3201
f 3182 3185 3201
f 3182 3201 3202
f 3183 3202 3203
f 3183 3182 3202
f 3203 3198 3197
f 3179 3183 3203
f 3204 3203 3197
f 3204 3179 3203
f 3205 3206 3204
f 3205 3204 3197
f 3207 3179 3204
f 3177 3179 3207
f 3178 3207 3208
f 3178 3177 3207
f 3180 3208 3209
f 3180 3178 3208
f 3209 3206 3205
f 3181 3180 3209
f 3210 3209 3205
f 3210 3181 3209
f 3211 3212 3210
f 3211 3210 3205
f 3213 3181 3210
f 3184 3181 3213
f 3186 3213 3214
f 3186 3184 3213
f 3188 3214 3215
f 3188 3186 3214
f 3216 3199 3200
f 3215 3216 3190
f 3188 3215 3190
f 3211 3199 3216
f 3211 3216 3215
f 3212 3211 3215
f 3193 3190 3216
f 3191 3190 3193
f 3194 3200 3195
f 3194 3193 3200
f 3193 3216 3200
f 3217 3218 3219
f 3217 3219 3220
f 3221 3217 3220
f 3222 3217 3221
f 3223 3222 3221
f 3224 3222 3223
f 3225 3224 3223
f 3226 3224 3225
f 3227 3225 3228
f 3227 3226 3225
f 3197 3227 3228
f 3199 3227 3197
f 3201 3198 3202
f 3201 3196 3198
f 3198 3203 3202
f 3229 3197 3228
f 3229 3205 3197
f 3230 3228 3231
f 3230 3229 3228
f 3232 3230 3231
f 3233 3230 3232
f 3234 3233 3232
f 3235 3233 3234
f 3236 3235 3234
f 3237 3235 3236
f 3238 3236 3239
f 3238 3237 3236
f 3204 3206 3207
f 3209 3208 3206
f 3206 3208 3207
f 3240 3205 3229
f 3240 3211 3205
f 3241 3229 3242
f 3241 3240 3229
f 3243 3242 3244
f 3243 3241 3242
f 3245 3244 3246
f 3245 3243 3244
f 3247 3246 3248
f 3247 3245 3246
f 3249 3248 3250
f 3249 3247 3248
f 3212 3213 3210
f 3215 3214 3212
f 3212 3214 3213
f 3251 3252 3253
f 3251 3253 3254
f 3255 3251 3254
f 3256 3251 3255
f 3257 3256 3255
f 3258 3256 3257
f 3259 3258 3257
f 3260 3258 3259
f 3240 3259 3227
f 3240 3260 3259
f 3199 3240 3227
f 3211 3240 3199
f 3261 3262 3263
f 3261 3263 3219
f 3261 3219 3218
f 3261 3264 3253
f 3261 3218 3265
f 3261 3253 3252
f 3261 3252 3262
f 3239 3236 3234
f 3266 3239 3234
f 3267 3234 3232
f 3267 3266 3234
f 3268 3266 3267
f 3269 3268 3267
f 3270 3232 3231
f 3270 3267 3232
f 3271 3231 3228
f 3271 3270 3231
f 3225 3271 3228
f 3272 3271 3225
f 3223 3272 3225
f 3273 3272 3223
f 3221 3273 3223
f 3219 3221 3220
f 3219 3263 3273
f 3219 3273 3221
f 3218 3222 3224
f 3218 3217 3222
f 3265 3224 3226
f 3265 3218 3224
f 3261 3226 3227
f 3261 3265 3226
f 3259 3261 3227
f 3264 3259 3257
f 3264 3261 3259
f 3253 3255 3254
f 3253 3257 3255
f 3253 3264 3257
f 3250 3274 3275
f 3250 3275 3276
f 3250 3276 3277
f 3250 3277 3238
f 3239 3250 3238
f 3266 3250 3239
f 3268 3250 3266
f 3269 3249 3250
f 3269 3250 3268
f 3278 3249 3269
f 3250 3248 3246
f 3250 3246 3244
f 3274 3244 3242
f 3274 3250 3244
f 3275 3242 3229
f 3275 3274 3242
f 3276 3229 3230
f 3276 3275 3229
f 3277 3230 3233
f 3277 3276 3230
f 3238 3235 3237
f 3238 3233 3235
f 3238 3277 3233
f 3252 3251 3256
f 3279 3256 3258
f 3279 3252 3256
f 3262 3252 3279
f 3280 3258 3260
f 3280 3279 3258
f 3281 3260 3240
f 3281 3280 3260
f 3241 3281 3240
f 3282 3281 3241
f 3243 3282 3241
f 3283 3282 3243
f 3245 3283 3243
f 3249 3278 3283
f 3249 3245 3247
f 3249 3283 3245
f 3279 3273 3262
f 3262 3273 3263
f 3267 3283 3269
f 3269 3283 3278
f 3279 3272 3273
f 3279 3280 3272
f 3280 3271 3272
f 3280 3281 3271
f 3281 3270 3271
f 3281 3282 3270
f 3282 3267 3270
f 3282 3283 3267
f 3284 3285 3286
f 3284 3286 3287
f 3288 3287 3289
f 3288 3284 3287
f 3290 3289 3291
f 3290 3288 3289
f 3292 3291 3293
f 3292 3290 3291
f 3294 3293 3295
f 3294 3292 3293
f 3296 3293 3291
f 3296 3295 3293
f 3297 3291 3289
f 3297 3296 3291
f 3298 3289 3287
f 3298 3297 3289
f 3299 3287 3300
f 3299 3298 3287
f 3301 3300 3302
f 3301 3299 3300
f 3303 3304 3305
f 3303 3302 3304
f 3303 3301 3302
f 3306 3294 3295
f 3306 3295 3296
f 3307 3308 3309
f 3310 3307 3309
f 3311 3309 3312
f 3311 3310 3309
f 3313 3310 3311
f 3314 3313 3311
f 3315 3312 3316
f 3315 3311 3312
f 3317 3316 3284
f 3317 3315 3316
f 3288 3317 3284
f 3318 3317 3288
f 3290 3318 3288
f 3319 3318 3290
f 3292 3319 3290
f 3320 3321 3319
f 3322 3320 3319
f 3322 3319 3292
f 3306 3292 3294
f 3306 3322 3292
f 3309 3323 3324
f 3309 3308 3323
f 3312 3324 3325
f 3312 3309 3324
f 3316 3325 3326
f 3316 3312 3325
f 3284 3326 3327
f 3284 3316 3326
f 3285 3327 3328
f 3285 3284 3327
f 3329 3285 3330
f 3331 3329 3332
f 3331 3332 3333
f 3286 3331 3334
f 3286 3285 3329
f 3286 3329 3331
f 3335 3286 3336
f 3287 3286 3335
f 3300 3335 3337
f 3300 3287 3335
f 3302 3337 3338
f 3302 3300 3337
f 3304 3338 3339
f 3304 3302 3338
f 3305 3339 3340
f 3305 3304 3339
f 3341 3305 3340
f 3303 3305 3341
f 3303 3296 3297
f 3303 3297 3298
f 3303 3298 3299
f 3303 3299 3301
f 3306 3296 3303
f 3341 3306 3303
f 3320 3322 3306
f 3342 3341 3343
f 3342 3343 3344
f 3321 3306 3341
f 3321 3341 3342
f 3321 3320 3306
f 3321 3342 3319
f 3319 3342 3345
f 3311 3315 3346
f 3346 3315 3347
f 3347 3317 3348
f 3315 3317 3347
f 3348 3318 3349
f 3317 3318 3348
f 3349 3319 3345
f 3318 3319 3349
f 3346 3314 3311
f 3350 3314 3346
f 3351 3350 3352
f 3353 3314 3350
f 3353 3350 3351
f 3354 3314 3353
f 3355 3307 3310
f 3355 3310 3313
f 3355 3313 3314
f 3355 3314 3354
f 3356 3355 3354
f 3357 3354 3358
f 3357 3358 3359
f 3357 3356 3354
f 3323 3307 3355
f 3308 3307 3323
f 3354 3360 3361
f 3354 3362 3360
f 3358 3361 3363
f 3358 3354 3361
f 3359 3363 3327
f 3359 3358 3363
f 3357 3327 3326
f 3357 3359 3327
f 3356 3326 3325
f 3356 3357 3326
f 3324 3356 3325
f 3355 3324 3323
f 3355 3356 3324
f 3360 3364 3365
f 3360 3362 3364
f 3361 3365 3366
f 3361 3360 3365
f 3363 3366 3367
f 3363 3361 3366
f 3327 3367 3335
f 3327 3363 3367
f 3328 3335 3336
f 3328 3327 3335
f 3368 3328 3369
f 3370 3368 3371
f 3370 3371 3372
f 3370 3328 3368
f 3285 3370 3330
f 3285 3328 3370
f 3373 3331 3374
f 3374 3331 3333
f 3375 3334 3373
f 3375 3376 3334
f 3334 3331 3373
f 3376 3286 3334
f 3377 3376 3378
f 3377 3378 3379
f 3336 3377 3380
f 3336 3286 3376
f 3336 3376 3377
f 3329 3330 3381
f 3370 3382 3330
f 3330 3382 3381
f 3332 3381 3383
f 3329 3381 3332
f 3384 3385 3386
f 3387 3388 2323
f 3387 2323 2324
f 3389 2324 3385
f 3389 3385 3384
f 3390 3387 2324
f 3391 2324 3389
f 3392 2324 3391
f 3393 3390 2324
f 3394 2324 3392
f 3395 3393 2324
f 3396 2324 3394
f 3397 3396 3398
f 3397 3398 3399
f 3397 2324 3396
f 3374 3395 2324
f 3374 3400 3401
f 3374 3401 3395
f 3374 2324 3397
f 3402 3397 3399
f 3403 3400 3374
f 3404 3403 3374
f 3405 3397 3402
f 3406 3404 3374
f 3407 3397 3405
f 3408 3406 3374
f 3409 3408 3374
f 3410 3397 3407
f 3411 3412 3413
f 3414 2351 3415
f 3416 3411 3413
f 3417 2351 3414
f 3333 3418 3419
f 3333 3419 3420
f 3333 3420 3421
f 3333 3421 3409
f 3333 3409 3374
f 3378 3397 3410
f 3378 3410 3422
f 3378 3422 3423
f 3378 3423 3424
f 3378 3424 3425
f 3426 3427 3428
f 3426 3428 3429
f 3426 3429 3430
f 3426 3430 3431
f 3426 3431 3432
f 3426 3432 3433
f 3332 3418 3333
f 3332 3434 3435
f 3332 3435 3436
f 3332 3436 3418
f 3379 3425 3437
f 3379 3437 3438
f 3379 3438 3439
f 3379 3439 3427
f 3379 3378 3425
f 3379 3427 3426
f 3383 3434 3332
f 3383 3440 3441
f 3383 3441 3442
f 3383 3442 3443
f 3383 3443 3444
f 3383 3444 3445
f 3383 3445 3446
f 3383 3446 3447
f 3383 3447 3434
f 3448 3416 3413
f 3448 3433 3449
f 3448 3449 3450
f 3448 3450 3451
f 3448 3451 3416
f 3448 3426 3433
f 2389 2351 3417
f 2389 3440 3383
f 2389 3417 3452
f 2389 3452 3440
f 3453 2389 3383
f 3454 3426 3448
f 3455 3453 3456
f 3457 3454 3458
f 3459 3458 3454
f 3460 3456 3453
f 3460 3453 3372
f 3461 3453 3455
f 3462 3454 3457
f 3462 3463 3454
f 3464 3459 3454
f 3465 3453 3461
f 3466 3463 3462
f 3467 3460 3372
f 3468 3464 3454
f 3469 3467 3372
f 3470 3453 3465
f 3471 3463 3466
f 3472 3468 3454
f 3473 3469 3372
f 3474 3472 3454
f 3475 3372 3371
f 3475 3473 3372
f 3476 2389 3453
f 3476 3453 3470
f 3477 3478 3463
f 3477 3463 3471
f 3479 3454 3448
f 3479 3474 3454
f 3480 3475 3371
f 3481 3478 3477
f 3482 2389 3476
f 3483 3479 3448
f 3484 2389 3482
f 3485 3480 3371
f 3486 3478 3481
f 3487 2389 3484
f 3488 3483 3448
f 3489 3485 3371
f 3490 3478 3486
f 3491 2389 3487
f 3492 3489 3371
f 3493 3478 3490
f 3494 3495 3496
f 3494 3496 3488
f 3494 3488 3448
f 3497 3491 3498
f 3497 3498 3499
f 3497 2389 3491
f 3500 3501 3502
f 3500 3502 3503
f 3500 3503 3492
f 3500 3492 3371
f 3504 3493 3505
f 3504 3505 3506
f 3504 3506 3507
f 3504 3507 3508
f 3504 3478 3493
f 3509 3501 3500
f 3510 3504 3508
f 3511 3509 3500
f 3512 3504 3510
f 3513 3511 3500
f 3514 3504 3512
f 3515 3516 3517
f 3518 3519 3520
f 3518 3520 3521
f 3522 3504 3514
f 3522 3514 3523
f 3522 3523 3524
f 3522 3524 3516
f 3522 3521 3525
f 3522 3513 3500
f 3522 3525 3526
f 3522 3526 3527
f 3522 3527 3513
f 3522 3500 3504
f 3522 3518 3521
f 3522 3516 3515
f 3341 3340 3339
f 3343 3341 3339
f 3345 3339 3338
f 3345 3343 3339
f 3344 3343 3345
f 3342 3344 3345
f 3349 3338 3337
f 3349 3345 3338
f 3348 3337 3335
f 3348 3349 3337
f 3367 3348 3335
f 3347 3348 3367
f 3366 3347 3367
f 3346 3347 3366
f 3365 3346 3366
f 3352 3350 3346
f 3351 3352 3346
f 3351 3346 3365
f 3353 3365 3364
f 3353 3351 3365
f 3364 3354 3353
f 3362 3354 3364
f 3528 3336 3380
f 3529 3528 3463
f 3529 3463 3478
f 3328 3529 3369
f 3328 3336 3528
f 3328 3528 3529
f 3382 3372 3453
f 3382 3370 3372
f 3529 3530 3369
f 3369 3531 3368
f 3530 3531 3369
f 3371 3531 3500
f 3368 3531 3371
f 3397 3373 3374
f 3375 3373 3397
f 3378 3375 3397
f 3376 3375 3378
f 3532 3377 3426
f 3426 3377 3379
f 3532 3380 3377
f 3532 3533 3380
f 3533 3528 3380
f 3383 3382 3453
f 3381 3382 3383
f 1356 3494 1355
f 3495 3494 1356
f 1338 3477 3534
f 3534 3471 3535
f 3477 3471 3534
f 3471 3536 3535
f 3536 3466 3537
f 3471 3466 3536
f 3466 3538 3537
f 3538 3462 3539
f 3466 3462 3538
f 3539 3457 3540
f 3462 3457 3539
f 3457 3541 3540
f 3541 3458 3542
f 3457 3458 3541
f 3542 3459 3543
f 3458 3459 3542
f 3459 3544 3543
f 3544 3464 3545
f 3459 3464 3544
f 3545 3468 3546
f 3464 3468 3545
f 3468 3547 3546
f 3547 3472 3548
f 3468 3472 3547
f 3548 3474 3549
f 3472 3474 3548
f 3549 3479 3550
f 3474 3479 3549
f 3479 3551 3550
f 3479 3483 3551
f 3551 3483 3552
f 3483 3488 3552
f 3552 3488 3553
f 3553 3488 3554
f 3488 3496 3554
f 3554 3496 3555
f 3496 3495 3555
f 3555 3495 1356
f 1378 3517 3556
f 3556 3516 3557
f 3517 3516 3556
f 3516 3558 3557
f 3558 3524 3559
f 3516 3524 3558
f 3524 3560 3559
f 3560 3523 3561
f 3524 3523 3560
f 3561 3514 3562
f 3523 3514 3561
f 3514 3563 3562
f 3563 3512 3564
f 3514 3512 3563
f 3564 3510 3565
f 3512 3510 3564
f 3510 3566 3565
f 3566 3508 3567
f 3510 3508 3566
f 3567 3507 3568
f 3508 3507 3567
f 3507 3569 3568
f 3569 3506 3570
f 3507 3506 3569
f 3570 3505 3571
f 3506 3505 3570
f 3571 3493 3572
f 3505 3493 3571
f 3493 3573 3572
f 3493 3490 3573
f 3573 3490 3574
f 3490 3486 3574
f 3574 3486 3575
f 3575 3486 3576
f 3486 3481 3576
f 3576 3481 3577
f 3481 3477 3577
f 3577 3477 1338
f 3515 3517 1376
f 1376 3517 1378
f 1383 3515 1376
f 1383 3522 3515
f 1383 3578 3579
f 3518 3579 3580
f 3522 1383 3579
f 3522 3579 3518
f 3519 3518 3581
f 3581 3518 3580
f 3582 3513 3583
f 3583 3527 3584
f 3513 3527 3583
f 3584 3526 3585
f 3527 3526 3584
f 3585 3525 3586
f 3526 3525 3585
f 3586 3521 3587
f 3587 3521 3588
f 3525 3521 3586
f 3588 3520 3589
f 3521 3520 3588
f 3589 3519 3581
f 3520 3519 3589
f 3590 3476 3591
f 3591 3470 3592
f 3476 3470 3591
f 3470 3593 3592
f 3593 3465 3594
f 3470 3465 3593
f 3465 3595 3594
f 3595 3461 3596
f 3465 3461 3595
f 3596 3455 3597
f 3597 3455 3598
f 3461 3455 3596
f 3598 3456 3599
f 3455 3456 3598
f 3599 3460 3600
f 3600 3460 3601
f 3456 3460 3599
f 3601 3467 3602
f 3602 3467 3603
f 3460 3467 3601
f 3467 3469 3603
f 3603 3469 3604
f 3469 3473 3604
f 3604 3473 3605
f 3473 3475 3605
f 3605 3475 3606
f 3475 3607 3606
f 3475 3480 3607
f 3607 3480 3608
f 3480 3485 3608
f 3608 3485 3609
f 3485 3610 3609
f 3485 3489 3610
f 3610 3489 3611
f 3489 3492 3611
f 3611 3492 3612
f 3612 3492 3613
f 3492 3503 3613
f 3613 3503 3614
f 3503 3615 3614
f 3503 3502 3615
f 3615 3502 3616
f 3502 3501 3616
f 3616 3501 3617
f 3617 3501 3618
f 3501 3509 3618
f 3618 3509 3619
f 3619 3509 3620
f 3620 3511 3621
f 3509 3511 3620
f 3621 3513 3582
f 3511 3513 3621
f 3499 3622 3623
f 3499 3498 3622
f 3498 3624 3622
f 3498 3491 3624
f 3491 3625 3624
f 3491 3487 3625
f 3487 3626 3625
f 3487 3484 3626
f 3626 3482 3627
f 3484 3482 3626
f 3627 3476 3590
f 3482 3476 3627
f 3497 3499 3628
f 3628 3499 3623
f 3629 3630 1312
f 2389 3629 1312
f 3497 3628 3629
f 3497 3629 2389
f 2389 1274 2351
f 2389 1312 1274
f 1275 2351 1274
f 3415 2351 1275
f 1278 3418 3631
f 3631 3436 3632
f 3418 3436 3631
f 3436 3633 3632
f 3633 3435 3634
f 3436 3435 3633
f 3435 3635 3634
f 3635 3434 3636
f 3435 3434 3635
f 3636 3447 3637
f 3434 3447 3636
f 3447 3638 3637
f 3638 3446 3639
f 3447 3446 3638
f 3639 3445 3640
f 3446 3445 3639
f 3445 3641 3640
f 3641 3444 3642
f 3445 3444 3641
f 3642 3443 3643
f 3444 3443 3642
f 3443 3644 3643
f 3644 3442 3645
f 3443 3442 3644
f 3645 3441 3646
f 3442 3441 3645
f 3646 3440 3647
f 3441 3440 3646
f 3440 3648 3647
f 3440 3452 3648
f 3648 3452 3649
f 3452 3417 3649
f 3649 3417 3650
f 3650 3417 3651
f 3417 3414 3651
f 3651 3414 3652
f 3414 3415 3652
f 3652 3415 1275
f 1245 3388 3653
f 3653 3387 3654
f 3388 3387 3653
f 3387 3655 3654
f 3655 3390 3656
f 3387 3390 3655
f 3390 3657 3656
f 3657 3393 3658
f 3390 3393 3657
f 3658 3395 3659
f 3393 3395 3658
f 3395 3660 3659
f 3660 3401 3661
f 3395 3401 3660
f 3661 3400 3662
f 3401 3400 3661
f 3400 3663 3662
f 3663 3403 3664
f 3400 3403 3663
f 3664 3404 3665
f 3403 3404 3664
f 3404 3666 3665
f 3666 3406 3667
f 3404 3406 3666
f 3667 3408 3668
f 3406 3408 3667
f 3668 3409 3669
f 3408 3409 3668
f 3409 3670 3669
f 3409 3421 3670
f 3670 3421 3671
f 3421 3420 3671
f 3671 3420 3672
f 3672 3420 3673
f 3420 3419 3673
f 3673 3419 3674
f 3419 3418 3674
f 3674 3418 1278
f 2323 3388 1246
f 1246 3388 1245
f 2323 1246 1247
f 2323 1247 2324
f 3675 3385 2324
f 3675 2324 1247
f 3676 3385 3675
f 3677 3675 1247
f 3678 3385 3676
f 3678 3386 3385
f 3679 3396 3680
f 3680 3394 3681
f 3396 3394 3680
f 3681 3392 3682
f 3394 3392 3681
f 3682 3391 3683
f 3392 3391 3682
f 3683 3389 3684
f 3684 3389 3685
f 3391 3389 3683
f 3685 3384 3686
f 3389 3384 3685
f 3686 3386 3678
f 3384 3386 3686
f 3433 3687 3688
f 3433 3432 3687
f 3432 3689 3687
f 3432 3431 3689
f 3431 3690 3689
f 3431 3430 3690
f 3430 3691 3690
f 3430 3429 3691
f 3429 3692 3691
f 3429 3428 3692
f 3428 3693 3692
f 3428 3427 3693
f 3427 3694 3693
f 3427 3439 3694
f 3439 3695 3694
f 3439 3438 3695
f 3438 3696 3695
f 3438 3437 3696
f 3437 3697 3696
f 3437 3425 3697
f 3425 3698 3697
f 3425 3424 3698
f 3424 3699 3698
f 3424 3423 3699
f 3423 3700 3699
f 3423 3422 3700
f 3422 3701 3700
f 3422 3410 3701
f 3410 3702 3701
f 3410 3407 3702
f 3407 3405 3702
f 3702 3405 3703
f 3405 3402 3703
f 3703 3402 3704
f 3402 3399 3704
f 3704 3399 3705
f 3399 3706 3705
f 3399 3398 3706
f 3398 3679 3706
f 3398 3396 3679
f 3707 3412 3708
f 3708 3411 3709
f 3412 3411 3708
f 3709 3416 3710
f 3411 3416 3709
f 3710 3451 3711
f 3416 3451 3710
f 3711 3450 3712
f 3712 3450 3713
f 3451 3450 3711
f 3713 3449 3714
f 3450 3449 3713
f 3714 3433 3688
f 3449 3433 3714
f 3412 3715 3413
f 3412 3707 3715
f 3716 3448 3413
f 3716 3413 3715
f 1308 3716 3717
f 1308 3448 3716
f 1355 3494 3448
f 1355 3448 1308
f 3533 3532 3426
f 3533 3426 3454
f 3531 3504 3500
f 3531 3530 3504
f 3530 3529 3504
f 3504 3529 3478
f 3463 3533 3454
f 3528 3533 3463
f 3555 1356 1355
f 3554 3555 1355
f 3553 1355 1308
f 3553 3554 1355
f 3552 3553 1308
f 3551 3552 1308
f 3550 3551 1308
f 3549 3550 1308
f 3548 1308 3717
f 3548 3549 1308
f 3547 3548 3717
f 3718 3540 3541
f 3718 3541 3542
f 3718 3542 3543
f 3718 3543 3544
f 3718 3544 3545
f 3718 3545 3546
f 3718 3546 3547
f 3718 3547 3717
f 3556 1376 1378
f 3539 3540 3718
f 3557 1376 3556
f 3538 3539 3718
f 3558 1376 3557
f 3537 3538 3718
f 3536 3537 3718
f 3536 3718 3719
f 3535 3536 3719
f 3534 3535 3719
f 1338 3534 3719
f 1383 3558 3559
f 1383 3559 3560
f 1383 3560 3561
f 1383 3561 3562
f 1383 3562 3563
f 1383 1376 3558
f 3720 3564 3565
f 3720 3565 3566
f 3720 3566 3567
f 3720 3567 3568
f 3720 3568 3569
f 3720 3569 3570
f 3720 3570 3571
f 3720 3571 3572
f 3720 3572 3573
f 3720 3573 3574
f 3720 3574 3575
f 3721 3575 3576
f 3721 3576 3577
f 3721 3577 1338
f 3721 1338 3719
f 3721 3720 3575
f 3578 3563 3564
f 3578 1383 3563
f 3578 3564 3720
f 3580 3579 3581
f 3587 3579 3586
f 3588 3579 3587
f 3589 3579 3588
f 3581 3579 3589
f 3579 3582 3583
f 3579 3583 3584
f 3579 3584 3585
f 3579 3585 3586
f 3582 3722 3723
f 3579 3578 3582
f 3722 3578 3720
f 3582 3578 3722
f 3724 3597 3598
f 3598 3599 3724
f 3724 3596 3597
f 3599 3600 3724
f 3724 3595 3596
f 3600 3601 3724
f 3601 3602 3724
f 3724 3594 3595
f 3602 3603 3724
f 3724 3593 3594
f 3603 3604 3724
f 3724 3592 3593
f 3604 3605 3724
f 3605 3606 3724
f 3607 3723 3606
f 3608 3723 3607
f 3609 3723 3608
f 3610 3723 3609
f 3611 3723 3610
f 3612 3723 3611
f 3606 3723 3724
f 3612 3613 3723
f 3613 3614 3723
f 3614 3615 3723
f 3615 3616 3723
f 3616 3617 3723
f 3617 3618 3723
f 3618 3619 3723
f 3619 3620 3723
f 3724 3590 3591
f 3724 3591 3592
f 3582 3723 3621
f 3621 3723 3620
f 3626 3629 3625
f 3625 3629 3624
f 3624 3629 3622
f 3622 3629 3623
f 3629 3628 3623
f 3590 3629 3627
f 3627 3629 3626
f 3725 3630 3726
f 3726 3590 3724
f 3630 3590 3726
f 3630 3629 3590
f 3668 3727 3667
f 3666 3667 3727
f 3669 3727 3668
f 3665 3666 3727
f 3670 3727 3669
f 3664 3665 3727
f 3671 3727 3670
f 3663 3664 3727
f 3672 3728 3727
f 3672 3727 3671
f 3662 3663 3727
f 3673 3728 3672
f 3661 3727 3677
f 3661 3662 3727
f 3674 3728 3673
f 3660 3677 1247
f 3660 3661 3677
f 1278 3728 3674
f 3659 3660 1247
f 3658 3659 1247
f 3657 3658 1247
f 3656 3657 1247
f 3655 3656 1247
f 3729 1278 3631
f 3729 3631 3632
f 3729 3632 3633
f 3729 3728 1278
f 3725 3729 3633
f 3725 3633 3634
f 3725 3634 3635
f 3725 3635 3636
f 3637 3725 3636
f 3638 3725 3637
f 3639 3725 3638
f 3640 3725 3639
f 1246 1245 3653
f 1246 3653 3654
f 1246 3654 3655
f 1246 3655 1247
f 3641 3725 3640
f 3642 3725 3641
f 3643 3725 3642
f 3644 3725 3643
f 1274 3650 3651
f 1274 3651 3652
f 1274 3652 1275
f 3630 3644 3645
f 3630 3725 3644
f 1312 3645 3646
f 1312 3646 3647
f 1312 3647 3648
f 1312 3648 3649
f 1312 3649 3650
f 1312 3630 3645
f 1312 3650 1274
f 3675 3678 3676
f 3675 3686 3678
f 3675 3685 3686
f 3675 3684 3685
f 3675 3683 3684
f 3675 3679 3680
f 3675 3680 3681
f 3675 3681 3682
f 3675 3682 3683
f 3727 3730 3677
f 3677 3679 3675
f 3730 3679 3677
f 3730 3731 3679
f 3706 3731 3705
f 3705 3731 3704
f 3704 3731 3703
f 3703 3731 3702
f 3731 3701 3702
f 3731 3700 3701
f 3731 3699 3700
f 3731 3698 3699
f 3696 3732 3695
f 3695 3732 3694
f 3694 3732 3693
f 3693 3732 3692
f 3692 3732 3691
f 3691 3732 3690
f 3690 3732 3689
f 3689 3732 3687
f 3732 3688 3687
f 3731 3732 3697
f 3731 3697 3698
f 3697 3732 3696
f 3679 3731 3706
f 3715 3707 3716
f 3707 3708 3716
f 3708 3709 3716
f 3709 3710 3716
f 3710 3711 3716
f 3688 3716 3714
f 3714 3716 3713
f 3713 3716 3712
f 3712 3716 3711
f 3688 3717 3716
f 3732 3733 3688
f 3688 3733 3717
f 3733 3718 3717
f 3734 3720 3721
f 3735 3720 3736
f 3736 3720 3737
f 3737 3720 3734
f 3722 3720 3738
f 3738 3720 3739
f 3739 3720 3735
f 3718 3740 3719
f 3718 3741 3740
f 3718 3742 3741
f 3718 3733 3743
f 3718 3743 3744
f 3718 3744 3745
f 3718 3745 3742
f 3740 3734 3719
f 3734 3721 3719
f 3724 3746 3747
f 3747 3748 3724
f 3724 3749 3746
f 3748 3750 3724
f 3724 3751 3749
f 3750 3752 3724
f 3724 3753 3751
f 3752 3754 3724
f 3754 3726 3724
f 3724 3755 3753
f 3755 3723 3756
f 3756 3723 3757
f 3757 3723 3758
f 3758 3723 3759
f 3723 3760 3759
f 3723 3761 3760
f 3723 3762 3761
f 3723 3763 3762
f 3723 3722 3764
f 3723 3764 3763
f 3724 3723 3755
f 3765 3725 3766
f 3766 3725 3767
f 3767 3725 3768
f 3768 3725 3769
f 3769 3725 3770
f 3765 3729 3725
f 3725 3726 3770
f 3728 3729 3771
f 3729 3765 3771
f 3728 3771 3727
f 3771 3772 3727
f 3772 3773 3727
f 3773 3774 3727
f 3774 3775 3727
f 3775 3776 3727
f 3776 3730 3727
f 3777 3731 3778
f 3778 3731 3779
f 3779 3731 3780
f 3780 3731 3781
f 3781 3731 3730
f 3777 3782 3731
f 3782 3783 3731
f 3783 3784 3731
f 3784 3785 3731
f 3785 3786 3731
f 3787 3732 3788
f 3788 3732 3789
f 3789 3732 3790
f 3790 3732 3791
f 3791 3732 3792
f 3792 3732 3793
f 3793 3732 3794
f 3794 3732 3786
f 3732 3731 3786
f 3733 3732 3795
f 3795 3732 3787
f 3740 3737 3734
f 3737 3741 3736
f 3740 3741 3737
f 3736 3742 3735
f 3741 3742 3736
f 3735 3745 3739
f 3742 3745 3735
f 3739 3744 3738
f 3745 3744 3739
f 3744 3743 3738
f 3743 3722 3738
f 3743 3733 3722
f 3722 3795 3764
f 3733 3795 3722
f 3764 3787 3763
f 3795 3787 3764
f 3787 3788 3763
f 3788 3762 3763
f 3762 3789 3761
f 3788 3789 3762
f 3761 3790 3760
f 3789 3790 3761
f 3760 3791 3759
f 3790 3791 3760
f 3791 3792 3759
f 3792 3758 3759
f 3758 3793 3757
f 3792 3793 3758
f 3757 3794 3756
f 3793 3794 3757
f 3756 3786 3755
f 3794 3786 3756
f 3786 3785 3755
f 3755 3785 3753
f 3753 3784 3751
f 3785 3784 3753
f 3784 3783 3751
f 3783 3749 3751
f 3749 3782 3746
f 3783 3782 3749
f 3746 3777 3747
f 3782 3777 3746
f 3747 3778 3748
f 3777 3778 3747
f 3778 3779 3748
f 3779 3750 3748
f 3750 3780 3752
f 3779 3780 3750
f 3752 3781 3754
f 3780 3781 3752
f 3754 3730 3726
f 3781 3730 3754
f 3730 3770 3726
f 3770 3776 3769
f 3730 3776 3770
f 3769 3775 3768
f 3776 3775 3769
f 3768 3774 3767
f 3775 3774 3768
f 3767 3773 3766
f 3774 3773 3767
f 3773 3772 3766
f 3772 3765 3766
f 3772 3771 3765
f 3796 3797 3798
f 3796 3798 3799
f 3800 3799 3801
f 3800 3796 3799
f 3802 3801 3803
f 3802 3800 3801
f 3804 3803 3805
f 3804 3802 3803
f 3806 3805 3807
f 3806 3804 3805
f 3808 3805 3803
f 3808 3807 3805
f 3809 3803 3801
f 3809 3808 3803
f 3810 3801 3799
f 3810 3809 3801
f 3811 3799 3812
f 3811 3810 3799
f 3813 3812 3814
f 3813 3811 3812
f 3815 3816 3817
f 3815 3814 3816
f 3815 3813 3814
f 3818 3806 3807
f 3818 3807 3808
f 3819 3820 3821
f 3822 3819 3821
f 3823 3821 3824
f 3823 3822 3821
f 3825 3822 3823
f 3826 3825 3823
f 3827 3824 3828
f 3827 3823 3824
f 3829 3828 3796
f 3829 3827 3828
f 3800 3829 3796
f 3830 3829 3800
f 3802 3830 3800
f 3831 3830 3802
f 3804 3831 3802
f 3832 3833 3831
f 3834 3832 3831
f 3834 3831 3804
f 3818 3804 3806
f 3818 3834 3804
f 3821 3835 3836
f 3821 3820 3835
f 3824 3836 3837
f 3824 3821 3836
f 3828 3837 3838
f 3828 3824 3837
f 3796 3838 3839
f 3796 3828 3838
f 3797 3839 3840
f 3797 3796 3839
f 3841 3797 3842
f 3843 3841 3844
f 3843 3844 3845
f 3798 3843 3846
f 3798 3797 3841
f 3798 3841 3843
f 3847 3798 3848
f 3799 3798 3847
f 3812 3847 3849
f 3812 3799 3847
f 3814 3849 3850
f 3814 3812 3849
f 3816 3850 3851
f 3816 3814 3850
f 3817 3851 3852
f 3817 3816 3851
f 3853 3817 3852
f 3815 3817 3853
f 3815 3808 3809
f 3815 3809 3810
f 3815 3810 3811
f 3815 3811 3813
f 3818 3808 3815
f 3853 3818 3815
f 3832 3834 3818
f 3854 3853 3855
f 3854 3855 3856
f 3833 3818 3853
f 3833 3853 3854
f 3833 3832 3818
f 3833 3854 3831
f 3831 3854 3857
f 3823 3827 3858
f 3858 3827 3859
f 3859 3829 3860
f 3827 3829 3859
f 3860 3830 3861
f 3829 3830 3860
f 3861 3831 3857
f 3830 3831 3861
f 3858 3826 3823
f 3862 3826 3858
f 3863 3862 3864
f 3865 3826 3862
f 3865 3862 3863
f 3866 3826 3865
f 3867 3819 3822
f 3867 3822 3825
f 3867 3825 3826
f 3867 3826 3866
f 3868 3867 3866
f 3869 3866 3870
f 3869 3870 3871
f 3869 3868 3866
f 3835 3819 3867
f 3820 3819 3835
f 3866 3872 3873
f 3866 3874 3872
f 3870 3873 3875
f 3870 3866 3873
f 3871 3875 3839
f 3871 3870 3875
f 3869 3839 3838
f 3869 3871 3839
f 3868 3838 3837
f 3868 3869 3838
f 3836 3868 3837
f 3867 3836 3835
f 3867 3868 3836
f 3872 3876 3877
f 3872 3874 3876
f 3873 3877 3878
f 3873 3872 3877
f 3875 3878 3879
f 3875 3873 3878
f 3839 3879 3847
f 3839 3875 3879
f 3840 3847 3848
f 3840 3839 3847
f 3880 3840 3881
f 3882 3880 3883
f 3882 3883 3884
f 3882 3840 3880
f 3797 3882 3842
f 3797 3840 3882
f 3885 3843 3886
f 3886 3843 3845
f 3887 3846 3885
f 3887 3888 3846
f 3846 3843 3885
f 3888 3798 3846
f 3889 3888 3890
f 3889 3890 3891
f 3848 3889 3892
f 3848 3798 3888
f 3848 3888 3889
f 3841 3842 3893
f 3882 3894 3842
f 3842 3894 3893
f 3844 3893 3895
f 3841 3893 3844
f 3896 3897 3898
f 3899 3900 825
f 3899 825 778
f 3901 778 3897
f 3901 3897 3896
f 3902 3899 778
f 3903 778 3901
f 3904 778 3903
f 3905 3902 778
f 3906 778 3904
f 3907 3905 778
f 3908 778 3906
f 3909 3908 3910
f 3909 3910 3911
f 3909 778 3908
f 3886 3907 778
f 3886 3912 3913
f 3886 3913 3907
f 3886 778 3909
f 3914 3909 3911
f 3915 3912 3886
f 3916 3915 3886
f 3917 3909 3914
f 3918 3916 3886
f 3919 3909 3917
f 3920 3918 3886
f 3921 3920 3886
f 3922 3909 3919
f 3923 3924 3925
f 3926 846 3927
f 3928 3923 3925
f 3929 846 3926
f 3845 3930 3931
f 3845 3931 3932
f 3845 3932 3933
f 3845 3933 3921
f 3845 3921 3886
f 3890 3909 3922
f 3890 3922 3934
f 3890 3934 3935
f 3890 3935 3936
f 3890 3936 3937
f 3938 3939 3940
f 3938 3940 3941
f 3938 3941 3942
f 3938 3942 3943
f 3938 3943 3944
f 3938 3944 3945
f 3844 3930 3845
f 3844 3946 3947
f 3844 3947 3948
f 3844 3948 3930
f 3891 3937 3949
f 3891 3949 3950
f 3891 3950 3951
f 3891 3951 3939
f 3891 3890 3937
f 3891 3939 3938
f 3895 3946 3844
f 3895 3952 3953
f 3895 3953 3954
f 3895 3954 3955
f 3895 3955 3956
f 3895 3956 3957
f 3895 3957 3958
f 3895 3958 3959
f 3895 3959 3946
f 3960 3928 3925
f 3960 3945 3961
f 3960 3961 3962
f 3960 3962 3963
f 3960 3963 3928
f 3960 3938 3945
f 853 846 3929
f 853 3952 3895
f 853 3929 3964
f 853 3964 3952
f 3965 853 3895
f 3966 3938 3960
f 3967 3965 3968
f 3969 3966 3970
f 3971 3970 3966
f 3972 3968 3965
f 3972 3965 3884
f 3973 3965 3967
f 3974 3966 3969
f 3974 3975 3966
f 3976 3971 3966
f 3977 3965 3973
f 3978 3975 3974
f 3979 3972 3884
f 3980 3976 3966
f 3981 3979 3884
f 3982 3965 3977
f 3983 3975 3978
f 3984 3980 3966
f 3985 3981 3884
f 3986 3984 3966
f 3987 3884 3883
f 3987 3985 3884
f 3988 853 3965
f 3988 3965 3982
f 3989 3990 3975
f 3989 3975 3983
f 3991 3966 3960
f 3991 3986 3966
f 3992 3987 3883
f 3993 3990 3989
f 3994 853 3988
f 3995 3991 3960
f 3996 853 3994
f 3997 3992 3883
f 3998 3990 3993
f 3999 853 3996
f 4000 3995 3960
f 4001 3997 3883
f 4002 3990 3998
f 4003 853 3999
f 4004 4001 3883
f 4005 3990 4002
f 4006 4007 4008
f 4006 4008 4000
f 4006 4000 3960
f 4009 4003 4010
f 4009 4010 4011
f 4009 853 4003
f 4012 4013 4014
f 4012 4014 4015
f 4012 4015 4004
f 4012 4004 3883
f 4016 4005 4017
f 4016 4017 4018
f 4016 4018 4019
f 4016 4019 4020
f 4016 3990 4005
f 4021 4013 4012
f 4022 4016 4020
f 4023 4021 4012
f 4024 4016 4022
f 4025 4023 4012
f 4026 4016 4024
f 4027 4028 4029
f 4030 4031 4032
f 4030 4032 4033
f 4034 4016 4026
f 4034 4026 4035
f 4034 4035 4036
f 4034 4036 4028
f 4034 4033 4037
f 4034 4025 4012
f 4034 4037 4038
f 4034 4038 4039
f 4034 4039 4025
f 4034 4012 4016
f 4034 4030 4033
f 4034 4028 4027
f 3853 3852 3851
f 3855 3853 3851
f 3857 3851 3850
f 3857 3855 3851
f 3856 3855 3857
f 3854 3856 3857
f 3861 3850 3849
f 3861 3857 3850
f 3860 3849 3847
f 3860 3861 3849
f 3879 3860 3847
f 3859 3860 3879
f 3878 3859 3879
f 3858 3859 3878
f 3877 3858 3878
f 3864 3862 3858
f 3863 3864 3858
f 3863 3858 3877
f 3865 3877 3876
f 3865 3863 3877
f 3876 3866 3865
f 3874 3866 3876
f 4040 3848 3892
f 4041 4040 3975
f 4041 3975 3990
f 3840 4041 3881
f 3840 3848 4040
f 3840 4040 4041
f 3894 3884 3965
f 3894 3882 3884
f 4041 4042 3881
f 3881 4043 3880
f 4042 4043 3881
f 3883 4043 4012
f 3880 4043 3883
f 3909 3885 3886
f 3887 3885 3909
f 3890 3887 3909
f 3888 3887 3890
f 4044 3889 3938
f 3938 3889 3891
f 4044 3892 3889
f 4044 4045 3892
f 4045 4040 3892
f 3895 3894 3965
f 3893 3894 3895
f 2087 4006 2110
f 4007 4006 2087
f 2064 3989 2109
f 2109 3983 2108
f 3989 3983 2109
f 3983 2107 2108
f 2107 3978 2106
f 3983 3978 2107
f 3978 2105 2106
f 2105 3974 2104
f 3978 3974 2105
f 2104 3969 2103
f 3974 3969 2104
f 3969 2102 2103
f 2102 3970 2101
f 3969 3970 2102
f 2101 3971 2100
f 3970 3971 2101
f 3971 2099 2100
f 2099 3976 2098
f 3971 3976 2099
f 2098 3980 2097
f 3976 3980 2098
f 3980 2096 2097
f 2096 3984 2095
f 3980 3984 2096
f 2095 3986 2094
f 3984 3986 2095
f 2094 3991 2093
f 3986 3991 2094
f 3991 2092 2093
f 3991 3995 2092
f 2092 3995 2091
f 3995 4000 2091
f 2091 4000 2090
f 2090 4000 2089
f 4000 4008 2089
f 2089 4008 2088
f 4008 4007 2088
f 2088 4007 2087
f 2062 4029 2086
f 2086 4028 2085
f 4029 4028 2086
f 4028 2084 2085
f 2084 4036 2083
f 4028 4036 2084
f 4036 2082 2083
f 2082 4035 2081
f 4036 4035 2082
f 2081 4026 2080
f 4035 4026 2081
f 4026 2079 2080
f 2079 4024 2078
f 4026 4024 2079
f 2078 4022 2077
f 4024 4022 2078
f 4022 2076 2077
f 2076 4020 2075
f 4022 4020 2076
f 2075 4019 2074
f 4020 4019 2075
f 4019 2073 2074
f 2073 4018 2072
f 4019 4018 2073
f 2072 4017 2071
f 4018 4017 2072
f 2071 4005 2070
f 4017 4005 2071
f 4005 2069 2070
f 4005 4002 2069
f 2069 4002 2068
f 4002 3998 2068
f 2068 3998 2067
f 2067 3998 2066
f 3998 3993 2066
f 2066 3993 2065
f 3993 3989 2065
f 2065 3989 2064
f 4027 4029 2063
f 2063 4029 2062
f 1907 4027 2063
f 1907 4034 4027
f 1907 4046 4047
f 4030 4047 4048
f 4034 1907 4047
f 4034 4047 4030
f 4031 4030 4049
f 4049 4030 4048
f 4050 4025 4051
f 4051 4039 4052
f 4025 4039 4051
f 4052 4038 4053
f 4039 4038 4052
f 4053 4037 4054
f 4038 4037 4053
f 4054 4033 4055
f 4055 4033 4056
f 4037 4033 4054
f 4056 4032 4057
f 4033 4032 4056
f 4057 4031 4049
f 4032 4031 4057
f 4058 3988 4059
f 4059 3982 4060
f 3988 3982 4059
f 3982 4061 4060
f 4061 3977 4062
f 3982 3977 4061
f 3977 4063 4062
f 4063 3973 4064
f 3977 3973 4063
f 4064 3967 4065
f 4065 3967 4066
f 3973 3967 4064
f 4066 3968 4067
f 3967 3968 4066
f 4067 3972 4068
f 4068 3972 4069
f 3968 3972 4067
f 4069 3979 4070
f 4070 3979 4071
f 3972 3979 4069
f 3979 3981 4071
f 4071 3981 4072
f 3981 3985 4072
f 4072 3985 4073
f 3985 3987 4073
f 4073 3987 4074
f 3987 4075 4074
f 3987 3992 4075
f 4075 3992 4076
f 3992 3997 4076
f 4076 3997 4077
f 3997 4078 4077
f 3997 4001 4078
f 4078 4001 4079
f 4001 4004 4079
f 4079 4004 4080
f 4080 4004 4081
f 4004 4015 4081
f 4081 4015 4082
f 4015 4083 4082
f 4015 4014 4083
f 4083 4014 4084
f 4014 4013 4084
f 4084 4013 4085
f 4085 4013 4086
f 4013 4021 4086
f 4086 4021 4087
f 4087 4021 4088
f 4088 4023 4089
f 4021 4023 4088
f 4089 4025 4050
f 4023 4025 4089
f 4011 4090 4091
f 4011 4010 4090
f 4010 4092 4090
f 4010 4003 4092
f 4003 4093 4092
f 4003 3999 4093
f 3999 4094 4093
f 3999 3996 4094
f 4094 3994 4095
f 3996 3994 4094
f 4095 3988 4058
f 3994 3988 4095
f 4009 4011 4096
f 4096 4011 4091
f 4097 4098 1908
f 853 4097 1908
f 4009 4096 4097
f 4009 4097 853
f 853 2061 846
f 853 1908 2061
f 2038 846 2061
f 3927 846 2038
f 2015 3930 2060
f 2060 3948 2059
f 3930 3948 2060
f 3948 2058 2059
f 2058 3947 2057
f 3948 3947 2058
f 3947 2056 2057
f 2056 3946 2055
f 3947 3946 2056
f 2055 3959 2054
f 3946 3959 2055
f 3959 2053 2054
f 2053 3958 2052
f 3959 3958 2053
f 2052 3957 2051
f 3958 3957 2052
f 3957 2050 2051
f 2050 3956 2049
f 3957 3956 2050
f 2049 3955 2048
f 3956 3955 2049
f 3955 2047 2048
f 2047 3954 2046
f 3955 3954 2047
f 2046 3953 2045
f 3954 3953 2046
f 2045 3952 2044
f 3953 3952 2045
f 3952 2043 2044
f 3952 3964 2043
f 2043 3964 2042
f 3964 3929 2042
f 2042 3929 2041
f 2041 3929 2040
f 3929 3926 2040
f 2040 3926 2039
f 3926 3927 2039
f 2039 3927 2038
f 2013 3900 2037
f 2037 3899 2036
f 3900 3899 2037
f 3899 2035 2036
f 2035 3902 2034
f 3899 3902 2035
f 3902 2033 2034
f 2033 3905 2032
f 3902 3905 2033
f 2032 3907 2031
f 3905 3907 2032
f 3907 2030 2031
f 2030 3913 2029
f 3907 3913 2030
f 2029 3912 2028
f 3913 3912 2029
f 3912 2027 2028
f 2027 3915 2026
f 3912 3915 2027
f 2026 3916 2025
f 3915 3916 2026
f 3916 2024 2025
f 2024 3918 2023
f 3916 3918 2024
f 2023 3920 2022
f 3918 3920 2023
f 2022 3921 2021
f 3920 3921 2022
f 3921 2020 2021
f 3921 3933 2020
f 2020 3933 2019
f 3933 3932 2019
f 2019 3932 2018
f 2018 3932 2017
f 3932 3931 2017
f 2017 3931 2016
f 3931 3930 2016
f 2016 3930 2015
f 825 3900 2014
f 2014 3900 2013
f 825 2014 1956
f 825 1956 778
f 4099 3897 778
f 4099 778 1956
f 4100 3897 4099
f 4101 4099 1956
f 4102 3897 4100
f 4102 3898 3897
f 4103 3908 4104
f 4104 3906 4105
f 3908 3906 4104
f 4105 3904 4106
f 3906 3904 4105
f 4106 3903 4107
f 3904 3903 4106
f 4107 3901 4108
f 4108 3901 4109
f 3903 3901 4107
f 4109 3896 4110
f 3901 3896 4109
f 4110 3898 4102
f 3896 3898 4110
f 3945 4111 4112
f 3945 3944 4111
f 3944 4113 4111
f 3944 3943 4113
f 3943 4114 4113
f 3943 3942 4114
f 3942 4115 4114
f 3942 3941 4115
f 3941 4116 4115
f 3941 3940 4116
f 3940 4117 4116
f 3940 3939 4117
f 3939 4118 4117
f 3939 3951 4118
f 3951 4119 4118
f 3951 3950 4119
f 3950 4120 4119
f 3950 3949 4120
f 3949 4121 4120
f 3949 3937 4121
f 3937 4122 4121
f 3937 3936 4122
f 3936 4123 4122
f 3936 3935 4123
f 3935 4124 4123
f 3935 3934 4124
f 3934 4125 4124
f 3934 3922 4125
f 3922 4126 4125
f 3922 3919 4126
f 3919 3917 4126
f 4126 3917 4127
f 3917 3914 4127
f 4127 3914 4128
f 3914 3911 4128
f 4128 3911 4129
f 3911 4130 4129
f 3911 3910 4130
f 3910 4103 4130
f 3910 3908 4103
f 4131 3924 4132
f 4132 3923 4133
f 3924 3923 4132
f 4133 3928 4134
f 3923 3928 4133
f 4134 3963 4135
f 3928 3963 4134
f 4135 3962 4136
f 4136 3962 4137
f 3963 3962 4135
f 4137 3961 4138
f 3962 3961 4137
f 4138 3945 4112
f 3961 3945 4138
f 3924 4139 3925
f 3924 4131 4139
f 4140 3960 3925
f 4140 3925 4139
f 1957 4140 4141
f 1957 3960 4140
f 2110 4006 3960
f 2110 3960 1957
f 4045 4044 3938
f 4045 3938 3966
f 4043 4016 4012
f 4043 4042 4016
f 4042 4041 4016
f 4016 4041 3990
f 3975 4045 3966
f 4040 4045 3975
f 2088 2087 2110
f 2089 2088 2110
f 2090 2110 1957
f 2090 2089 2110
f 2091 2090 1957
f 2092 2091 1957
f 2093 2092 1957
f 2094 2093 1957
f 2095 1957 4141
f 2095 2094 1957
f 2096 2095 4141
f 4142 2103 2102
f 4142 2102 2101
f 4142 2101 2100
f 4142 2100 2099
f 4142 2099 2098
f 4142 2098 2097
f 4142 2097 2096
f 4142 2096 4141
f 2086 2063 2062
f 2104 2103 4142
f 2085 2063 2086
f 2105 2104 4142
f 2084 2063 2085
f 2106 2105 4142
f 2107 2106 4142
f 2107 4142 4143
f 2108 2107 4143
f 2109 2108 4143
f 2064 2109 4143
f 1907 2084 2083
f 1907 2083 2082
f 1907 2082 2081
f 1907 2081 2080
f 1907 2080 2079
f 1907 2063 2084
f 4144 2078 2077
f 4144 2077 2076
f 4144 2076 2075
f 4144 2075 2074
f 4144 2074 2073
f 4144 2073 2072
f 4144 2072 2071
f 4144 2071 2070
f 4144 2070 2069
f 4144 2069 2068
f 4144 2068 2067
f 4145 2067 2066
f 4145 2066 2065
f 4145 2065 2064
f 4145 2064 4143
f 4145 4144 2067
f 4046 2079 2078
f 4046 1907 2079
f 4046 2078 4144
f 4048 4047 4049
f 4055 4047 4054
f 4056 4047 4055
f 4057 4047 4056
f 4049 4047 4057
f 4047 4050 4051
f 4047 4051 4052
f 4047 4052 4053
f 4047 4053 4054
f 4050 4146 4147
f 4047 4046 4050
f 4146 4046 4144
f 4050 4046 4146
f 4148 4065 4066
f 4066 4067 4148
f 4148 4064 4065
f 4067 4068 4148
f 4148 4063 4064
f 4068 4069 4148
f 4069 4070 4148
f 4148 4062 4063
f 4070 4071 4148
f 4148 4061 4062
f 4071 4072 4148
f 4148 4060 4061
f 4072 4073 4148
f 4073 4074 4148
f 4075 4147 4074
f 4076 4147 4075
f 4077 4147 4076
f 4078 4147 4077
f 4079 4147 4078
f 4080 4147 4079
f 4074 4147 4148
f 4080 4081 4147
f 4081 4082 4147
f 4082 4083 4147
f 4083 4084 4147
f 4084 4085 4147
f 4085 4086 4147
f 4086 4087 4147
f 4087 4088 4147
f 4148 4058 4059
f 4148 4059 4060
f 4050 4147 4089
f 4089 4147 4088
f 4094 4097 4093
f 4093 4097 4092
f 4092 4097 4090
f 4090 4097 4091
f 4097 4096 4091
f 4058 4097 4095
f 4095 4097 4094
f 4149 4098 4150
f 4150 4058 4148
f 4098 4058 4150
f 4098 4097 4058
f 2022 4151 2023
f 2024 2023 4151
f 2021 4151 2022
f 2025 2024 4151
f 2020 4151 2021
f 2026 2025 4151
f 2019 4151 2020
f 2027 2026 4151
f 2018 4152 4151
f 2018 4151 2019
f 2028 2027 4151
f 2017 4152 2018
f 2029 4151 4101
f 2029 2028 4151
f 2016 4152 2017
f 2030 4101 1956
f 2030 2029 4101
f 2015 4152 2016
f 2031 2030 1956
f 2032 2031 1956
f 2033 2032 1956
f 2034 2033 1956
f 2035 2034 1956
f 4153 2015 2060
f 4153 2060 2059
f 4153 2059 2058
f 4153 4152 2015
f 4149 4153 2058
f 4149 2058 2057
f 4149 2057 2056
f 4149 2056 2055
f 2054 4149 2055
f 2053 4149 2054
f 2052 4149 2053
f 2051 4149 2052
f 2014 2013 2037
f 2014 2037 2036
f 2014 2036 2035
f 2014 2035 1956
f 2050 4149 2051
f 2049 4149 2050
f 2048 4149 2049
f 2047 4149 2048
f 2061 2041 2040
f 2061 2040 2039
f 2061 2039 2038
f 4098 2047 2046
f 4098 4149 2047
f 1908 2046 2045
f 1908 2045 2044
f 1908 2044 2043
f 1908 2043 2042
f 1908 2042 2041
f 1908 4098 2046
f 1908 2041 2061
f 4099 4102 4100
f 4099 4110 4102
f 4099 4109 4110
f 4099 4108 4109
f 4099 4107 4108
f 4099 4103 4104
f 4099 4104 4105
f 4099 4105 4106
f 4099 4106 4107
f 4151 4154 4101
f 4101 4103 4099
f 4154 4103 4101
f 4154 4155 4103
f 4130 4155 4129
f 4129 4155 4128
f 4128 4155 4127
f 4127 4155 4126
f 4155 4125 4126
f 4155 4124 4125
f 4155 4123 4124
f 4155 4122 4123
f 4120 4156 4119
f 4119 4156 4118
f 4118 4156 4117
f 4117 4156 4116
f 4116 4156 4115
f 4115 4156 4114
f 4114 4156 4113
f 4113 4156 4111
f 4156 4112 4111
f 4155 4156 4121
f 4155 4121 4122
f 4121 4156 4120
f 4103 4155 4130
f 4139 4131 4140
f 4131 4132 4140
f 4132 4133 4140
f 4133 4134 4140
f 4134 4135 4140
f 4112 4140 4138
f 4138 4140 4137
f 4137 4140 4136
f 4136 4140 4135
f 4112 4141 4140
f 4156 4157 4112
f 4112 4157 4141
f 4157 4142 4141
f 4158 4144 4145
f 4159 4144 4160
f 4160 4144 4161
f 4161 4144 4158
f 4146 4144 4162
f 4162 4144 4163
f 4163 4144 4159
f 4142 4164 4143
f 4142 4165 4164
f 4142 4166 4165
f 4142 4157 4167
f 4142 4167 4168
f 4142 4168 4169
f 4142 4169 4166
f 4164 4158 4143
f 4158 4145 4143
f 4148 4170 4171
f 4171 4172 4148
f 4148 4173 4170
f 4172 4174 4148
f 4148 4175 4173
f 4174 4176 4148
f 4148 4177 4175
f 4176 4178 4148
f 4178 4150 4148
f 4148 4179 4177
f 4179 4147 4180
f 4180 4147 4181
f 4181 4147 4182
f 4182 4147 4183
f 4147 4184 4183
f 4147 4185 4184
f 4147 4186 4185
f 4147 4187 4186
f 4147 4146 4188
f 4147 4188 4187
f 4148 4147 4179
f 4189 4149 4190
f 4190 4149 4191
f 4191 4149 4192
f 4192 4149 4193
f 4193 4149 4194
f 4189 4153 4149
f 4149 4150 4194
f 4152 4153 4195
f 4153 4189 4195
f 4152 4195 4151
f 4195 4196 4151
f 4196 4197 4151
f 4197 4198 4151
f 4198 4199 4151
f 4199 4200 4151
f 4200 4154 4151
f 4201 4155 4202
f 4202 4155 4203
f 4203 4155 4204
f 4204 4155 4205
f 4205 4155 4154
f 4201 4206 4155
f 4206 4207 4155
f 4207 4208 4155
f 4208 4209 4155
f 4209 4210 4155
f 4211 4156 4212
f 4212 4156 4213
f 4213 4156 4214
f 4214 4156 4215
f 4215 4156 4216
f 4216 4156 4217
f 4217 4156 4218
f 4218 4156 4210
f 4156 4155 4210
f 4157 4156 4219
f 4219 4156 4211
f 4164 4161 4158
f 4161 4165 4160
f 4164 4165 4161
f 4160 4166 4159
f 4165 4166 4160
f 4159 4169 4163
f 4166 4169 4159
f 4163 4168 4162
f 4169 4168 4163
f 4168 4167 4162
f 4167 4146 4162
f 4167 4157 4146
f 4146 4219 4188
f 4157 4219 4146
f 4188 4211 4187
f 4219 4211 4188
f 4211 4212 4187
f 4212 4186 4187
f 4186 4213 4185
f 4212 4213 4186
f 4185 4214 4184
f 4213 4214 4185
f 4184 4215 4183
f 4214 4215 4184
f 4215 4216 4183
f 4216 4182 4183
f 4182 4217 4181
f 4216 4217 4182
f 4181 4218 4180
f 4217 4218 4181
f 4180 4210 4179
f 4218 4210 4180
f 4210 4209 4179
f 4179 4209 4177
f 4177 4208 4175
f 4209 4208 4177
f 4208 4207 4175
f 4207 4173 4175
f 4173 4206 4170
f 4207 4206 4173
f 4170 4201 4171
f 4206 4201 4170
f 4171 4202 4172
f 4201 4202 4171
f 4202 4203 4172
f 4203 4174 4172
f 4174 4204 4176
f 4203 4204 4174
f 4176 4205 4178
f 4204 4205 4176
f 4178 4154 4150
f 4205 4154 4178
f 4154 4194 4150
f 4194 4200 4193
f 4154 4200 4194
f 4193 4199 4192
f 4200 4199 4193
f 4192 4198 4191
f 4199 4198 4192
f 4191 4197 4190
f 4198 4197 4191
f 4197 4196 4190
f 4196 4189 4190
f 4196 4195 4189
f 4220 4221 4222
f 4220 4222 4223
f 4224 4223 4225
f 4224 4220 4223
f 4226 4225 4227
f 4226 4224 4225
f 4228 4227 4229
f 4228 4226 4227
f 4230 4229 4231
f 4230 4228 4229
# Vertices: 4231, normals: 0, texture coordinates: 0, faces: 8694

o obj2
v 45 -0.77712435 46.5
v 90 0.77712435 46.5
v 45 0.77712435 46.5
v 90 -0.77712435 46.5
v 45 0.93057656 46.6224823
v 90 0.93057656 46.6224823
v 45 1.09529889 46.72932816
v 90 1.09529889 46.72932816
v 45 1.26970398 46.8195076
v 90 1.26970398 46.8195076
v 45 1.45211089 46.89215088
v 90 1.45211089 46.89215088
v 45 1.64076173 46.94655991
v 90 1.64076173 46.94655991
v 45 1.83383846 46.98221207
v 90 1.83383846 46.98221207
v 45 2.02948022 46.99875641
v 90 2.02948022 46.99875641
v 90 2.22580171 46.99604034
v 45 2.22580171 46.99604034
v 45 2.4209106 46.97408676
v 90 2.4209106 46.97408676
v 45 2.61292696 46.93310928
v 90 2.61292696 46.93310928
v 45 2.79999995 46.87350082
v 90 2.79999995 46.87350082
v 45 -1.21536851 43.20628357
v 45 -2.0999999 44.5
v 45 -0.98651743 43.33863068
v 45 -1.48959017 43.09542847
v 45 -1.75283623 43.03036118
v 45 -1.99987304 43.00251007
v 45 -2.22777939 43.00408936
v 45 -2.43530822 43.02830887
v 45 -2.80466008 43.12825012
v 45 -3.09330082 43.26409912
v 45 -3.31482649 43.41122818
v 45 -3.48317838 43.55541992
v 45 -3.72507858 43.83418655
v 45 -3.9116354 44.152668
v 45 -4.03649187 44.5
v 45 -0.77712435 43.5
v 45 -2.0999999 45.5
v 45 -3.2909112 46.60677719
v 45 -3.44119811 46.48363876
v 45 -3.57882762 46.34650421
v 45 -3.70250154 46.19665909
v 45 -3.81105208 46.03551865
v 45 -3.90345526 45.86460876
v 45 -3.97883892 45.68553925
v 45 -4.03649187 45.5
v 45 -3.12938547 46.71474838
v 45 -2.95814538 46.80654144
v 45 -2.77880692 46.88128281
v 45 -2.59306216 46.93827057
v 45 -2.40266442 46.97696686
v 45 -2.20941043 46.99700546
v 45 -2.01512384 46.99819946
v 45 -1.82163835 46.9805336
v 45 -1.63077974 46.94417953
v 45 -1.44434917 46.88947678
v 45 -1.26410615 46.81694412
v 45 -1.09175169 46.72726059
v 45 -0.9289121 46.62128067
v 45 1.29999995 44.5
v 45 0.77712435 43.5
v 45 0.93057656 43.3775177
v 45 1.09529889 43.27067184
v 45 1.26970398 43.1804924
v 45 1.45211089 43.10784912
v 45 1.64076173 43.05344009
v 45 1.83383846 43.01778793
v 45 2.02948022 43.00124359
v 45 1.29999995 45.5
v 45 2.79999995 44.5
v 45 2.22580171 43.00395966
v 45 2.4209106 43.02591324
v 45 2.61292696 43.06689072
v 45 2.79999995 43.12649918
v 45 2.79999995 45.5
v 90 -4.03649187 45.5
v 90 -3.97883892 45.68553925
v 90 -3.90345526 45.86460876
v 90 -3.81105208 46.03551865
v 90 -3.70250154 46.19665909
v 90 -3.57882762 46.34650421
v 90 -3.44119811 46.48363876
v 90 -3.2909112 46.60677719
v 90 -3.12938547 46.71474838
v 90 -2.95814538 46.80654144
v 90 -2.77880692 46.88128281
v 90 -2.59306216 46.93827057
v 90 -2.40266442 46.97696686
v 90 -2.20941043 46.99700546
v 90 -2.01512384 46.99819946
v 90 -1.82163835 46.9805336
v 90 -1.63077974 46.94417953
v 90 -1.44434917 46.88947678
v 90 -1.26410615 46.81694412
v 90 -1.09175169 46.72726059
v 90 -0.9289121 46.62128067
v 90 -2.0999999 44.5
v 90 -1.21536851 43.20628357
v 90 -0.98651743 43.33863068
v 90 -1.48959017 43.09542847
v 90 -1.75283623 43.03036118
v 90 -1.99987304 43.00251007
v 90 -2.22777939 43.00408936
v 90 -2.43530822 43.02830887
v 90 -2.80466008 43.12825012
v 90 -3.09330082 43.26409912
v 90 -3.31482649 43.41122818
v 90 -3.48317838 43.55541992
v 90 -3.72507858 43.83418655
v 90 -3.9116354 44.152668
v 90 -4.03649187 44.5
v 90 -0.77712435 43.5
v 90 -2.0999999 45.5
v 90 1.29999995 44.5
v 90 0.77712435 43.5
v 90 0.93057656 43.3775177
v 90 1.09529889 43.27067184
v 90 1.26970398 43.1804924
v 90 1.45211089 43.10784912
v 90 1.64076173 43.05344009
v 90 1.83383846 43.01778793
v 90 2.02948022 43.00124359
v 90 1.29999995 45.5
v 90 2.79999995 44.5
v 90 2.22580171 43.00395966
v 90 2.4209106 43.02591324
v 90 2.61292696 43.06689072
v 90 2.79999995 43.12649918
v 90 2.79999995 45.5
v 65.09999847 20.5 47
v 64.91956329 20.5 46.99184418
v 65.09999847 30 47
v 64.91956329 30 46.99184418
v 64.74059296 30 46.96744156
v 64.74059296 20.5 46.96744156
v 64.56455994 20.5 46.92699432
v 64.56455994 30 46.92699432
v 64.39289093 20.5 46.87083054
v 64.39289093 30 46.87083054
v 64.22698975 20.5 46.79940414
v 64.22698975 30 46.79940414
v 64.06821442 20.5 46.71330643
v 64.06821442 30 46.71330643
v 63.91784668 20.5 46.61323166
v 63.91784668 30 46.61323166
v 63.7771225 20.5 46.5
v 63.7771225 30 46.5
v 65.45566559 30 46.96812057
v 66.5 30 50
v 65.80000305 30 46.87350082
v 63 30 50
v 63 30 46.5
v 66.5 30 40
v 64.87296295 30 43.01292801
v 65.09999847 30 43
v 65.45567322 30 43.03187943
v 65.80000305 30 43.12649918
v 63 30 43.5
v 63.7771225 30 43.5
v 64.0340271 30 43.30775452
v 63 30 40
v 64.22097778 30 43.20352554
v 64.4305954 30 43.11535263
v 64.64886475 30 43.05154419
v 65.80000305 20.5 46.87350082
v 65.62995148 20.5 46.92850876
v 65.45566559 20.5 46.96812057
v 65.27854919 20.5 46.99201584
v 64.78016663 20.5 43.02573776
v 64.5710144 20.5 43.07122421
v 65.09999847 20.5 43
v 64.35548401 20.5 43.14374161
v 65.45567322 20.5 43.03187943
v 63.95595169 20.5 43.35952377
v 63.7771225 20.5 43.5
v 64.14957428 20.5 43.24026108
v 65.80000305 20.5 43.12649918
v 63 20.5 43.5
v 63 20.5 46.5
v 63 15 40
v 63 15 50
v 66.5 16.5 50
v 78 15 50
v 78 16.5 50
v 66.5 22.5 44.5
v 66.5 22.5 45.5
v 66.5 16.5 45.5
v 66.5 16.5 40
v 66.5 16.5 44.5
v 78 16.5 40
v 78 15 40
v 72 15 46.5
v 72 15 43.5
v 69 15 43.5
v 69 15 46.5
v 72.5 16.5 45.5
v 72.5 16.5 44.5
v 69.5 18.5 44.5
v 69.5 18.5 45.5
v 72 14.4228754 43.5
v 72 14.4228754 46.5
v 69 14.4228754 43.5
v 69 14.4228754 46.5
v 72.16339111 14.21096802 43.33661652
v 72.20719147 14.14251137 46.70719528
v 72.2961731 13.98024559 43.20384598
v 72.36817932 13.81416798 46.86817932
v 72.39717102 13.73285007 43.10284805
v 72.46889496 13.44984531 46.96889114
v 72.45653534 13.51354027 43.04348373
v 72.49617767 13.2218256 46.99617386
v 72.49969482 13.13370705 43.00031281
v 72.49434662 12.94697475 46.99434662
v 72.47031403 12.75527859 43.02968597
v 72.45342255 12.66976643 46.95342255
v 72.37349701 12.39999962 43.12649918
v 72.37349701 12.39999962 46.87350082
v 68.79280853 14.14251137 43.29280472
v 68.63182068 13.81416798 43.13181686
v 68.53110504 13.44984531 43.03110504
v 68.50382233 13.2218256 43.00382233
v 68.50565338 12.94697475 43.00565338
v 68.54657745 12.66976643 43.04657745
v 68.62650299 12.39999962 43.12649918
v 68.62650299 12.39999962 46.87350082
v 68.52968597 12.75527859 46.97031403
v 68.50030518 13.13370705 46.99968719
v 68.54346466 13.51354027 46.95651627
v 68.60282898 13.73285007 46.89715195
v 68.7038269 13.98024559 46.79615402
v 68.83660889 14.21096802 46.66338348
v 45 0 50.75
v 45 -30 50.75
v 90 -30 50.75
v 90 0 50.75
v 45 -30 48.75
v 90 -30 48.75
v 90 0 48.75
v 45 0 48.75
v 84 -9 48.75
v 84 -6 48.75
v 81 -6 48.75
v 69 -6 48.75
v 81 -9 48.75
v 69 -9 48.75
v 66 -9 48.75
v 54 -6 48.75
v 66 -6 48.75
v 51 -6 48.75
v 54 -9 48.75
v 51 -9 48.75
v 84 -6 47.9728775
v 84 -9 47.9728775
v 81 -6 47.9728775
v 81 -9 47.9728775
v 51 -6 47.9728775
v 54 -6 47.9728775
v 51 -9 47.9728775
v 54 -9 47.9728775
v 69 -6 47.9728775
v 69 -9 47.9728775
v 66 -6 47.9728775
v 66 -9 47.9728775
v 84.47031403 -9.47031498 46.30527878
v 84.37349701 -9.37349987 45.95000076
v 84.37349701 -5.62650061 45.95000076
v 84.47031403 -5.5296855 46.30527878
v 84.49969482 -9.4996891 46.68370819
v 84.49969482 -5.50031137 46.68370819
v 84.45653534 -5.54348373 47.06354141
v 84.45653534 -9.45651627 47.06354141
v 84.39717102 -5.60284758 47.28284836
v 84.39717102 -9.3971529 47.28284836
v 84.2961731 -9.29615593 47.53024673
v 84.2961731 -5.70384407 47.53024673
v 84.16339111 -5.83661604 47.76096725
v 84.16339111 -9.16338348 47.76096725
v 80.79280853 -5.79280567 47.69251251
v 80.63182068 -5.63181877 47.36416626
v 80.53110504 -5.53110552 46.99984741
v 80.50382233 -5.5038228 46.7718277
v 80.50565338 -5.50565338 46.49697495
v 80.54657745 -5.54657793 46.21976471
v 80.62650299 -5.62650061 45.95000076
v 80.83660889 -9.16338348 47.76096725
v 80.7038269 -9.29615593 47.53024673
v 80.60282898 -9.3971529 47.28284836
v 80.54346466 -9.45651627 47.06354141
v 80.50030518 -9.4996891 46.68370819
v 80.52968597 -9.47031498 46.30527878
v 80.62650299 -9.37349987 45.95000076
v 54.16338348 -5.83660889 47.76096725
v 50.83661652 -5.83660889 47.76096725
v 54.29615402 -5.70382786 47.53024673
v 50.70384598 -5.70382786 47.53024673
v 54.39715195 -5.6028285 47.28284836
v 50.60284805 -5.6028285 47.28284836
v 50.54348373 -5.543468 47.06354141
v 54.45651627 -5.543468 47.06354141
v 50.50031281 -5.50030613 46.68370819
v 54.49968719 -5.50030613 46.68370819
v 50.52968597 -5.52968645 46.30527878
v 54.47031403 -5.52968645 46.30527878
v 50.62649918 -5.62650061 45.95000076
v 54.37350082 -5.62650061 45.95000076
v 50.79280472 -9.20719433 47.69251251
v 50.63181686 -9.36818027 47.36416626
v 50.53110504 -9.4688921 46.99984741
v 50.50382233 -9.49617577 46.7718277
v 50.50565338 -9.49434566 46.49697495
v 50.54657745 -9.45342159 46.21976471
v 50.62649918 -9.37349987 45.95000076
v 54.37350082 -9.37349987 45.95000076
v 54.47031403 -9.47031403 46.30527878
v 54.49968719 -9.49969387 46.68370819
v 54.45651627 -9.45653152 47.06354141
v 54.39715195 -9.39717102 47.28284836
v 54.29615402 -9.29617214 47.53024673
v 54.16338348 -9.16339111 47.76096725
v 69.47031403 -5.5296855 46.30527878
v 69.37349701 -9.37349987 45.95000076
v 69.37349701 -5.62650061 45.95000076
v 69.47031403 -9.47031498 46.30527878
v 69.49969482 -5.50031137 46.68370819
v 69.49969482 -9.4996891 46.68370819
v 69.45653534 -5.54348373 47.06354141
v 69.45653534 -9.45651627 47.06354141
v 69.39717102 -5.60284758 47.28284836
v 69.39717102 -9.3971529 47.28284836
v 69.2961731 -9.29615593 47.53024673
v 69.2961731 -5.70384407 47.53024673
v 69.16339111 -5.83661604 47.76096725
v 69.16339111 -9.16338348 47.76096725
v 65.79280853 -5.79280567 47.69251251
v 65.63182068 -5.63181877 47.36416626
v 65.53110504 -5.53110552 46.99984741
v 65.50382233 -5.5038228 46.7718277
v 65.50565338 -5.50565338 46.49697495
v 65.54657745 -5.54657793 46.21976471
v 65.62650299 -5.62650061 45.95000076
v 65.83660889 -9.16338348 47.76096725
v 65.7038269 -9.29615593 47.53024673
v 65.60282898 -9.3971529 47.28284836
v 65.54346466 -9.45651627 47.06354141
v 65.50030518 -9.4996891 46.68370819
v 65.52968597 -9.47031498 46.30527878
v 65.62650299 -9.37349987 45.95000076
v 84 15 6.7228756
v 84 15 8.2771244
v 84 0 8.2771244
v 84 0 6.7228756
v 84.1224823 15 6.56942368
v 84.1224823 0 6.56942368
v 84.22932434 0 6.40470123
v 84.22932434 15 6.40470123
v 84.31951141 15 6.23029613
v 84.31951141 0 6.23029613
v 84.39215088 0 6.04788923
v 84.39215088 15 6.04788923
v 84.44656372 15 5.85923815
v 84.44656372 0 5.85923815
v 84.48220825 15 5.66616154
v 84.48220825 0 5.66616154
v 84.49875641 15 5.47052002
v 84.49875641 0 5.47052002
v 84.49604034 15 5.27419853
v 84.49604034 0 5.27419853
v 84.47408295 0 5.07908916
v 84.47408295 15 5.07908916
v 84.43310547 15 4.88707304
v 84.43310547 0 4.88707304
v 84.37349701 15 4.69999981
v 84.37349701 0 4.69999981
v 80.70628357 15 8.71536827
v 82 15 9.60000038
v 80.83863068 15 8.48651695
v 80.59542847 15 8.98959064
v 80.53035736 15 9.25283623
v 80.50251007 15 9.49987316
v 80.50408936 15 9.72777939
v 80.52831268 15 9.93530846
v 80.62825012 15 10.30465984
v 80.76409912 15 10.59330082
v 80.91123199 15 10.81482697
v 81.05541992 15 10.98317814
v 81.33419037 15 11.22507858
v 81.65266418 15 11.4116354
v 82 15 11.53649139
v 81 15 8.2771244
v 83 15 9.60000038
v 84.10677338 15 10.79091167
v 83.98364258 15 10.94119835
v 83.84650421 15 11.07882786
v 83.69665527 15 11.2025013
v 83.53552246 15 11.31105232
v 83.36460876 15 11.40345573
v 83.18553925 15 11.47883892
v 83 15 11.53649139
v 84.2147522 15 10.62938595
v 84.30654144 15 10.45814514
v 84.38127899 15 10.27880669
v 84.43827057 15 10.0930624
v 84.47696686 15 9.90266418
v 84.49700165 15 9.70941067
v 84.49819946 15 9.51512432
v 84.48053741 15 9.32163811
v 84.44417572 15 9.13077927
v 84.38947296 15 8.94434929
v 84.31694031 15 8.7641058
v 84.2272644 15 8.59175205
v 84.12128448 15 8.42891216
v 82 15 6.19999981
v 81 15 6.7228756
v 80.8775177 15 6.56942368
v 80.77067566 15 6.40470123
v 80.68048859 15 6.23029613
v 80.60784912 15 6.04788923
v 80.55343628 15 5.85923815
v 80.51779175 15 5.66616154
v 80.50124359 15 5.47052002
v 83 15 6.19999981
v 82 15 4.69999981
v 80.50395966 15 5.27419853
v 80.52591705 15 5.07908916
v 80.56689453 15 4.88707304
v 80.62650299 15 4.69999981
v 83 15 4.69999981
v 83 0 11.53649139
v 83.18553925 0 11.47883892
v 83.36460876 0 11.40345573
v 83.53552246 0 11.31105232
v 83.69665527 0 11.2025013
v 83.84650421 0 11.07882786
v 83.98364258 0 10.94119835
v 84.10677338 0 10.79091167
v 84.2147522 0 10.62938595
v 84.30654144 0 10.45814514
v 84.38127899 0 10.27880669
v 84.43827057 0 10.0930624
v 84.47696686 0 9.90266418
v 84.49700165 0 9.70941067
v 84.49819946 0 9.51512432
v 84.48053741 0 9.32163811
v 84.44417572 0 9.13077927
v 84.38947296 0 8.94434929
v 84.31694031 0 8.7641058
v 84.2272644 0 8.59175205
v 84.12128448 0 8.42891216
v 82 0 9.60000038
v 80.70628357 0 8.71536827
v 80.83863068 0 8.48651695
v 80.59542847 0 8.98959064
v 80.53035736 0 9.25283623
v 80.50251007 0 9.49987316
v 80.50408936 0 9.72777939
v 80.52831268 0 9.93530846
v 80.62825012 0 10.30465984
v 80.76409912 0 10.59330082
v 80.91123199 0 10.81482697
v 81.05541992 0 10.98317814
v 81.33419037 0 11.22507858
v 81.65266418 0 11.4116354
v 82 0 11.53649139
v 81 0 8.2771244
v 83 0 9.60000038
v 82 0 6.19999981
v 81 0 6.7228756
v 80.8775177 0 6.56942368
v 80.77067566 0 6.40470123
v 80.68048859 0 6.23029613
v 80.60784912 0 6.04788923
v 80.55343628 0 5.85923815
v 80.51779175 0 5.66616154
v 80.50124359 0 5.47052002
v 83 0 6.19999981
v 82 0 4.69999981
v 80.50395966 0 5.27419853
v 80.52591705 0 5.07908916
v 80.56689453 0 4.88707304
v 80.62650299 0 4.69999981
v 83 0 4.69999981
v 90 -12.89999962 43
v 90 -12.70396614 43.00963211
v 75 -12.89999962 43
v 75 -12.70396614 43.00963211
v 90 -12.50981903 43.03842926
v 75 -12.50981903 43.03842926
v 75 -12.31943035 43.08612061
v 90 -12.31943035 43.08612061
v 90 -12.13463306 43.15224075
v 75 -12.13463306 43.15224075
v 90 -11.95720673 43.23615646
v 75 -11.95720673 43.23615646
v 90 -11.78885937 43.33705902
v 75 -11.78885937 43.33705902
v 90 -11.63121319 43.45397949
v 75 -11.63121319 43.45397949
v 90 -11.48578644 43.58578491
v 75 -11.48578644 43.58578491
v 90 -11.35397911 43.73121262
v 75 -11.35397911 43.73121262
v 90 -11.23706055 43.8888588
v 75 -11.23706055 43.8888588
v 90 -11.13615704 44.0572052
v 75 -11.13615704 44.0572052
v 75 -11.05224133 44.2346344
v 90 -11.05224133 44.2346344
v 90 -10.98611927 44.41942978
v 75 -10.98611927 44.41942978
v 75 -10.93842983 44.6098175
v 90 -10.93842983 44.6098175
v 75 -10.90963078 44.80396652
v 90 -10.90963078 44.80396652
v 90 -10.89999962 45
v 75 -10.89999962 45
v 75 -10.90963078 45.19603348
v 90 -10.90963078 45.19603348
v 90 -10.93842983 45.3901825
v 75 -10.93842983 45.3901825
v 75 -10.98611927 45.58057022
v 90 -10.98611927 45.58057022
v 90 -11.05224133 45.7653656
v 75 -11.05224133 45.7653656
v 75 -11.13615704 45.9427948
v 90 -11.13615704 45.9427948
v 75 -11.23706055 46.1111412
v 90 -11.23706055 46.1111412
v 75 -11.35397911 46.26878738
v 90 -11.35397911 46.26878738
v 90 -11.48578644 46.41421509
v 75 -11.48578644 46.41421509
v 75 -11.63121319 46.54602051
v 90 -11.63121319 46.54602051
v 90 -11.78885937 46.66294098
v 75 -11.78885937 46.66294098
v 90 -11.95720673 46.76384354
v 75 -11.95720673 46.76384354
v 75 -12.13463306 46.84775925
v 90 -12.13463306 46.84775925
v 90 -12.31943035 46.91387939
v 75 -12.31943035 46.91387939
v 75 -12.50981903 46.96157074
v 90 -12.50981903 46.96157074
v 90 -12.70396614 46.99036789
v 75 -12.70396614 46.99036789
v 90 -12.89999962 47
v 75 -12.89999962 47
v 75 -1.03400159 46.69223022
v 75 0 48.75
v 75 0 46.5
v 75 -0.77712435 46.5
v 75 -1.22093701 46.79645157
v 75 -1.43053532 46.88462448
v 75 -1.6487838 46.94843674
v 75 -1.87286985 46.98706055
v 75 -2.0999999 47
v 75 -2.44729424 46.96961594
v 75 -6 48.75
v 75 -2.6736064 46.91597748
v 75 -2.9853816 46.79335022
v 75 -0.95603055 43.35947037
v 75 -0.77712435 43.5
v 75 0 43.5
v 75 -5.78201485 47.67397308
v 75 -6 47.9728775
v 75 -5.62280893 47.34003448
v 75 -3.27229786 46.6204071
v 75 -3.52632713 46.4019928
v 75 -5.52783108 46.98249054
v 75 -5.50312233 46.76169968
v 75 -3.74034333 46.1442337
v 75 0 41.25
v 75 -1.57105637 43.07121658
v 75 -1.3555367 43.14372253
v 75 -1.14964294 43.24022293
v 75 -1.78019404 43.02573776
v 75 -5.50600338 46.49517059
v 75 -3.90832162 45.85438538
v 75 -2.0999999 43
v 75 -5.54713488 46.21835709
v 75 -4.0255518 45.54059601
v 75 -2.48145938 43.03671646
v 75 -5.62650061 45.95000076
v 75 -4.0856185 45.2394104
v 75 -4.09956312 44.95819473
v 75 -9.16996384 47.75055313
v 75 -9 48.75
v 75 -9 47.9728775
v 75 -5.62650061 44.04999924
v 75 -4.07752275 44.70100021
v 75 -4.02836084 44.46951294
v 75 -5.56689215 43.86292648
v 75 -3.95955586 44.26375961
v 75 -9.30723381 47.50667953
v 75 -5.52591372 43.67090988
v 75 -3.77734709 43.91073227
v 75 -5.50396061 43.47580338
v 75 -5.50124359 43.27947998
v 75 -3.57455945 43.6488266
v 75 -5.51778984 43.08383942
v 75 -5.55343866 42.89076233
v 75 -3.37440276 43.45860672
v 75 -5.60784769 42.70211029
v 75 -3.1888752 43.32239914
v 75 -5.6804924 42.51970291
v 75 -9.37349987 45.95000076
v 75 -5.77067184 42.34529877
v 75 -2.84891844 43.14551544
v 75 -6 41.25
v 75 -5.8775177 42.18057632
v 75 -6 42.0271225
v 75 -9.46086788 47.04369736
v 75 -9.40510368 47.25875092
v 75 -9.49983215 46.67581177
v 75 -9.47037411 46.30703735
v 75 -9.37349987 44.04999924
v 75 -15 48.75
v 75 -13.08043766 46.99184418
v 75 -13.25940418 46.96744156
v 75 -13.43543911 46.92699432
v 75 -9.43310738 43.86292648
v 75 -13.60710716 46.87083054
v 75 -9.47408581 43.67090988
v 75 -13.77300739 46.79940414
v 75 -9.49603939 43.47580338
v 75 -13.93178749 46.71330643
v 75 -9.49875641 43.27947998
v 75 -14.08215237 46.61323166
v 75 -9.48221016 43.08383942
v 75 -9 41.25
v 75 -9.1224823 42.18057632
v 75 -9 42.0271225
v 75 -9.22932816 42.34529877
v 75 -9.44656086 42.89076233
v 75 -9.39215183 42.70211029
v 75 -9.3195076 42.51970291
v 75 -15 46.5
v 75 -14.2228756 46.5
v 75 -15 43.5
v 75 -14.2228756 43.5
v 75 -14.08215237 43.38676834
v 75 -15 41.25
v 75 -13.08043766 43.00815582
v 75 -13.25940418 43.03255844
v 75 -13.43543911 43.07300568
v 75 -13.60710716 43.12916946
v 75 -13.77300739 43.20059586
v 75 -13.93178749 43.28669357
v 90 -14.2228756 43.5
v 90 -14.08215237 43.38676834
v 90 -13.93178749 43.28669357
v 90 -13.77300739 43.20059586
v 90 -13.60710716 43.12916946
v 90 -13.43543911 43.07300568
v 90 -13.25940418 43.03255844
v 90 -13.08043766 43.00815582
v 90 -1.03400159 43.30776978
v 90 0 43.5
v 90 0 41.25
v 90 -1.22093701 43.20354843
v 90 -1.43053532 43.11537552
v 90 -1.6487838 43.05156326
v 90 -1.87286985 43.01293945
v 90 -2.0999999 43
v 90 -2.44729424 43.03038406
v 90 -6 41.25
v 90 -2.6736064 43.08402252
v 90 -2.9853816 43.20664978
v 90 -0.95603055 46.64052963
v 90 0 46.5
v 90 -5.8775177 42.18057632
v 90 -6 42.0271225
v 90 -5.77067184 42.34529877
v 90 -5.6804924 42.51970291
v 90 -3.27229786 43.3795929
v 90 -5.60784769 42.70211029
v 90 -5.55343866 42.89076233
v 90 -3.52632713 43.5980072
v 90 -5.51778984 43.08383942
v 90 -3.74034333 43.8557663
v 90 -1.57105637 46.92878342
v 90 -1.3555367 46.85627747
v 90 -1.14964294 46.75977707
v 90 -1.78019404 46.97426224
v 90 -5.50124359 43.27947998
v 90 -5.50396061 43.47580338
v 90 -3.90832162 44.14561462
v 90 -2.0999999 47
v 90 -5.52591372 43.67090988
v 90 -5.56689215 43.86292648
v 90 -4.0255518 44.45940399
v 90 -2.48145938 46.96328354
v 90 -5.62650061 44.04999924
v 90 -4.0856185 44.7605896
v 90 -4.09956312 45.04180527
v 90 -9.1224823 42.18057632
v 90 -9 41.25
v 90 -9 42.0271225
v 90 -9.22932816 42.34529877
v 90 -5.62650061 45.95000076
v 90 -4.07752275 45.29899979
v 90 -4.02836084 45.53048706
v 90 -3.95955586 45.73624039
v 90 -5.52962637 46.30703735
v 90 -3.77734709 46.08926773
v 90 -5.50016785 46.67581177
v 90 -3.57455945 46.3511734
v 90 -5.53913212 47.04369736
v 90 -3.37440276 46.54139328
v 90 -5.59489679 47.25875092
v 90 -3.1888752 46.67760086
v 90 -5.69276619 47.50667953
v 90 -2.84891844 46.85448456
v 90 -9.37349987 44.04999924
v 90 -6 48.75
v 90 -6 47.9728775
v 90 -5.83003616 47.75055313
v 90 -9.44656086 42.89076233
v 90 -9.48221016 43.08383942
v 90 -9.39215183 42.70211029
v 90 -9.49875641 43.27947998
v 90 -9.49603939 43.47580338
v 90 -9.3195076 42.51970291
v 90 -9.47408581 43.67090988
v 90 -9.43310738 43.86292648
v 90 -9.37349987 45.95000076
v 90 -15 41.25
v 90 -9.45286465 46.21835709
v 90 -9.49399662 46.49517059
v 90 -9.49687767 46.76169968
v 90 -9.47216892 46.98249054
v 90 -9 48.75
v 90 -9.21798515 47.67397308
v 90 -9 47.9728775
v 90 -9.37719154 47.34003448
v 90 -15 43.5
v 90 -15 46.5
v 90 -14.2228756 46.5
v 90 -14.08215237 46.61323166
v 90 -15 48.75
v 90 -13.08043766 46.99184418
v 90 -13.25940418 46.96744156
v 90 -13.43543911 46.92699432
v 90 -13.60710716 46.87083054
v 90 -13.77300739 46.79940414
v 90 -13.93178749 46.71330643
v 62.5 4.44509029 53.01921463
v 55 4.25 53
v 55 4.44509029 53.01921463
v 62.5 4.25 53
v 62.5 4.63268328 53.07612228
v 55 4.63268328 53.07612228
v 55 4.80557013 53.16852951
v 62.5 4.80557013 53.16852951
v 62.5 4.95710659 53.29289246
v 55 4.95710659 53.29289246
v 62.5 5.08146954 53.4444313
v 55 5.08146954 53.4444313
v 62.5 5.17387962 53.6173172
v 55 5.17387962 53.6173172
v 62.5 5.23078537 53.80490875
v 55 5.23078537 53.80490875
v 62.5 5.25 54
v 55 5.25 54
v 62.5 5.23078537 54.19509125
v 55 5.23078537 54.19509125
v 62.5 5.17387962 54.3826828
v 55 5.17387962 54.3826828
v 62.5 5.08146954 54.5555687
v 55 5.08146954 54.5555687
v 62.5 4.95710659 54.70710754
v 55 4.95710659 54.70710754
v 62.5 4.80557013 54.83147049
v 55 4.80557013 54.83147049
v 62.5 4.63268328 54.92387772
v 55 4.63268328 54.92387772
v 55 4.44509029 54.98078537
v 62.5 4.44509029 54.98078537
v 62.5 4.25 55
v 55 4.25 55
v 55 3.2725513 53.7888298
v 55 3.56505179 53.27140808
v 55 3.34485745 53.57489395
v 55 3.88154078 53.07035828
v 55 3.32308316 54.37526703
v 55 3.25172806 54.05876541
v 55 3.53610039 54.70024872
v 55 3.90799713 54.93969727
v 55 3.70051813 54.83550644
v 62.5 4.05490971 54.98078537
v 62.5 3.86731648 54.92387772
v 62.5 3.69442987 54.83147049
v 62.5 3.54289317 54.70710754
v 62.5 3.41853046 54.5555687
v 62.5 3.32612038 54.3826828
v 62.5 3.26921463 54.19509125
v 62.5 3.25 54
v 62.5 3.26921463 53.80490875
v 62.5 3.32612038 53.6173172
v 62.5 3.41853046 53.4444313
v 62.5 3.54289317 53.29289246
v 62.5 3.69442987 53.16852951
v 62.5 3.86731648 53.07612228
v 62.5 4.05490971 53.01921463
v 0 4.25 55
v 0 4.05490971 54.98078537
v -5 4.25 55
v -5 4.05490971 54.98078537
v 0 3.86731648 54.92387772
v -5 3.86731648 54.92387772
v 0 3.69442987 54.83147049
v -5 3.69442987 54.83147049
v 0 3.54289317 54.70710754
v -5 3.54289317 54.70710754
v 0 3.41853046 54.5555687
v -5 3.41853046 54.5555687
v -5 3.32612038 54.3826828
v 0 3.32612038 54.3826828
v -5 3.26921463 54.19509125
v 0 3.26921463 54.19509125
v 0 3.25 54
v -5 3.25 54
v -5 3.26921463 53.80490875
v 0 3.26921463 53.80490875
v 0 3.32612038 53.6173172
v -5 3.32612038 53.6173172
v 0 3.41853046 53.4444313
v -5 3.41853046 53.4444313
v 0 3.54289317 53.29289246
v -5 3.54289317 53.29289246
v 0 3.69442987 53.16852951
v -5 3.69442987 53.16852951
v 0 3.86731648 53.07612228
v -5 3.86731648 53.07612228
v 0 4.05490971 53.01921463
v -5 4.05490971 53.01921463
v 0 4.25 53
v -5 4.25 53
v -5 2.25 52.5
v -5 2.25 54.79999924
v -5 2.5 55.60580444
v -5 1.10000002 54.79999924
v -5 1.10000002 56.70000076
v -5 2.5 56.70000076
v -5 6.81505203 53.27140808
v -5 4.79948187 53.16449356
v -5 4.96389961 53.29975128
v -5 6.59485722 53.57489395
v -5 5.1769166 53.62473297
v -5 7.13154078 53.07035828
v -5 4.59200287 53.06030273
v -5 6.52255154 53.7888298
v -5 5.24827194 53.94123459
v -5 7.5 53
v -5 6.50172806 54.05876541
v -5 5.22744846 54.2111702
v -5 6.5730834 54.37526703
v -5 5.15514278 54.42510605
v -5 6.78610039 54.70024872
v -5 4.93494797 54.72859192
v -5 6.95051813 54.83550644
v -5 4.61845922 54.92964172
v -5 7.15799713 54.93969727
v -5 10.06505203 53.27140808
v -5 8.04948235 53.16449356
v -5 8.21389961 53.29975128
v -5 9.84485722 53.57489395
v -5 8.42691708 53.62473297
v -5 10.38154125 53.07035828
v -5 7.84200287 53.06030273
v -5 9.77255154 53.7888298
v -5 8.49827194 53.94123459
v -5 10.75 53
v -5 9.75172806 54.05876541
v -5 8.47744846 54.2111702
v -5 9.82308292 54.37526703
v -5 8.40514278 54.42510605
v -5 10.03610039 54.70024872
v -5 8.18494797 54.72859192
v -5 10.20051765 54.83550644
v -5 7.86845922 54.92964172
v -5 12.75 52.5
v -5 11.09200287 53.06030273
v -5 11.29948235 53.16449356
v -5 11.46389961 53.29975128
v -5 11.67691708 53.62473297
v -5 10.40799713 54.93969727
v -5 11.74827194 53.94123459
v -5 12.75 54.79999924
v -5 11.72744846 54.2111702
v -5 11.65514278 54.42510605
v -5 11.43494797 54.72859192
v -5 12.5 55.60580444
v -5 11.11845875 54.92964172
v -5 13.89999962 54.79999924
v -5 13.89999962 56.70000076
v -5 12.5 56.70000076
v -5 10.75 55
v -5 7.5 55
v 0 4.44509029 53.01921463
v 0 4.63268328 53.07612228
v 0 4.80557013 53.16852951
v 0 4.95710659 53.29289246
v 0 5.08146954 53.4444313
v 0 5.17387962 53.6173172
v 0 5.23078537 53.80490875
v 0 5.25 54
v 0 5.23078537 54.19509125
v 0 5.17387962 54.3826828
v 0 5.08146954 54.5555687
v 0 4.95710659 54.70710754
v 0 4.80557013 54.83147049
v 0 4.63268328 54.92387772
v 0 4.44509029 54.98078537
v 55 12.75 54.79999924
v 55 12.75 52.5
v -1.5 6 52.5
v -1.5 9 52.5
v 55 2.25 52.5
v 51.5 6 52.5
v 51.5 9 52.5
v 55 2.25 54.79999924
v 55 1.10000002 54.79999924
v 54.60625076 1.10000002 54.79999924
v 52.23775101 1.10000002 54.79999924
v 53.42200089 0 54.79999924
v 49.86925125 1.10000002 54.79999924
v 51.05350113 0 54.79999924
v 47.5007515 1.10000002 54.79999924
v 48.68500137 0 54.79999924
v 45.13225174 1.10000002 54.79999924
v 46.31650162 0 54.79999924
v 42.76374817 1.10000002 54.79999924
v 43.94800186 0 54.79999924
v 40.39524841 1.10000002 54.79999924
v 41.57949829 0 54.79999924
v 38.02674866 1.10000002 54.79999924
v 39.21099854 0 54.79999924
v 35.6582489 1.10000002 54.79999924
v 36.84249878 0 54.79999924
v 33.28974915 1.10000002 54.79999924
v 34.47399902 0 54.79999924
v 30.92124939 1.10000002 54.79999924
v 32.10549927 0 54.79999924
v 28.55274963 1.10000002 54.79999924
v 29.73699951 0 54.79999924
v 26.18424988 1.10000002 54.79999924
v 27.36849976 0 54.79999924
v 23.81575012 1.10000002 54.79999924
v 25 0 54.79999924
v 21.44725037 1.10000002 54.79999924
v 22.63150024 0 54.79999924
v 19.07875061 1.10000002 54.79999924
v 20.26300049 0 54.79999924
v 16.71025085 1.10000002 54.79999924
v 17.89450073 0 54.79999924
v 14.34175014 1.10000002 54.79999924
v 15.52600002 0 54.79999924
v 11.97325039 1.10000002 54.79999924
v 13.15750027 0 54.79999924
v 9.60474968 1.10000002 54.79999924
v 10.78899956 0 54.79999924
v 7.23624992 1.10000002 54.79999924
v 8.4204998 0 54.79999924
v 4.86775017 1.10000002 54.79999924
v 6.05200005 0 54.79999924
v 2.49924994 1.10000002 54.79999924
v 3.68350005 0 54.79999924
v 0.13075 1.10000002 54.79999924
v 1.31500006 0 54.79999924
v -2.23775005 1.10000002 54.79999924
v -1.05350006 0 54.79999924
v -4.60624981 1.10000002 54.79999924
v -3.42199993 0 54.79999924
v -4.60624981 1.10000002 56.70000076
v 55 1.10000002 56.70000076
v 55 2.5 56.70000076
v 54.60625076 1.10000002 56.70000076
v 52.23775101 1.10000002 56.70000076
v 53.42200089 0 56.70000076
v 53.02199936 2.5 56.70000076
v 49.86925125 1.10000002 56.70000076
v 51.05350113 0 56.70000076
v 50.6534996 2.5 56.70000076
v 47.5007515 1.10000002 56.70000076
v 48.68500137 0 56.70000076
v 48.28499985 2.5 56.70000076
v 45.13225174 1.10000002 56.70000076
v 46.31650162 0 56.70000076
v 45.91650009 2.5 56.70000076
v 42.76374817 1.10000002 56.70000076
v 43.94800186 0 56.70000076
v 43.54800034 2.5 56.70000076
v 40.39524841 1.10000002 56.70000076
v 41.57949829 0 56.70000076
v 41.17950058 2.5 56.70000076
v 38.02674866 1.10000002 56.70000076
v 39.21099854 0 56.70000076
v 38.81100082 2.5 56.70000076
v 35.6582489 1.10000002 56.70000076
v 36.84249878 0 56.70000076
v 36.44250107 2.5 56.70000076
v 33.28974915 1.10000002 56.70000076
v 34.47399902 0 56.70000076
v 34.07400131 2.5 56.70000076
v 30.92124939 1.10000002 56.70000076
v 32.10549927 0 56.70000076
v 31.70549965 2.5 56.70000076
v 28.55274963 1.10000002 56.70000076
v 29.73699951 0 56.70000076
v 29.33699989 2.5 56.70000076
v 26.18424988 1.10000002 56.70000076
v 27.36849976 0 56.70000076
v 26.96850014 2.5 56.70000076
v 23.81575012 1.10000002 56.70000076
v 25 0 56.70000076
v 24.60000038 2.5 56.70000076
v 21.44725037 1.10000002 56.70000076
v 22.63150024 0 56.70000076
v 22.23150063 2.5 56.70000076
v 19.07875061 1.10000002 56.70000076
v 20.26300049 0 56.70000076
v 19.86300087 2.5 56.70000076
v 16.71025085 1.10000002 56.70000076
v 17.89450073 0 56.70000076
v 17.49449921 2.5 56.70000076
v 14.34175014 1.10000002 56.70000076
v 15.52600002 0 56.70000076
v 15.1260004 2.5 56.70000076
v 11.97325039 1.10000002 56.70000076
v 13.15750027 0 56.70000076
v 12.75749969 2.5 56.70000076
v 9.60474968 1.10000002 56.70000076
v 10.78899956 0 56.70000076
v 10.38899994 2.5 56.70000076
v 7.23624992 1.10000002 56.70000076
v 8.4204998 0 56.70000076
v 8.02050018 2.5 56.70000076
v 4.86775017 1.10000002 56.70000076
v 6.05200005 0 56.70000076
v 5.65199995 2.5 56.70000076
v 2.49924994 1.10000002 56.70000076
v 3.68350005 0 56.70000076
v 3.28349996 2.5 56.70000076
v 0.13075 1.10000002 56.70000076
v 1.31500006 0 56.70000076
v 0.91500002 2.5 56.70000076
v -2.23775005 1.10000002 56.70000076
v -1.05350006 0 56.70000076
v -1.45350003 2.5 56.70000076
v -3.42199993 0 56.70000076
v -3.82200003 2.5 56.70000076
v -3.82200003 12.5 56.70000076
v 55 13.89999962 56.70000076
v 54.60625076 13.89999962 56.70000076
v 55 12.5 56.70000076
v 53.02199936 12.5 56.70000076
v 53.42200089 15 56.70000076
v 52.23775101 13.89999962 56.70000076
v 50.6534996 12.5 56.70000076
v 51.05350113 15 56.70000076
v 49.86925125 13.89999962 56.70000076
v 48.28499985 12.5 56.70000076
v 48.68500137 15 56.70000076
v 47.5007515 13.89999962 56.70000076
v 45.91650009 12.5 56.70000076
v 45.13225174 13.89999962 56.70000076
v 46.31650162 15 56.70000076
v 43.54800034 12.5 56.70000076
v 42.76374817 13.89999962 56.70000076
v 43.94800186 15 56.70000076
v 41.17950058 12.5 56.70000076
v 40.39524841 13.89999962 56.70000076
v 41.57949829 15 56.70000076
v 38.81100082 12.5 56.70000076
v 38.02674866 13.89999962 56.70000076
v 39.21099854 15 56.70000076
v 36.44250107 12.5 56.70000076
v 35.6582489 13.89999962 56.70000076
v 36.84249878 15 56.70000076
v 34.07400131 12.5 56.70000076
v 33.28974915 13.89999962 56.70000076
v 34.47399902 15 56.70000076
v 31.70549965 12.5 56.70000076
v 30.92124939 13.89999962 56.70000076
v 32.10549927 15 56.70000076
v 29.33699989 12.5 56.70000076
v 28.55274963 13.89999962 56.70000076
v 29.73699951 15 56.70000076
v 26.96850014 12.5 56.70000076
v 26.18424988 13.89999962 56.70000076
v 27.36849976 15 56.70000076
v 24.60000038 12.5 56.70000076
v 25 15 56.70000076
v 23.81575012 13.89999962 56.70000076
v 22.23150063 12.5 56.70000076
v 22.63150024 15 56.70000076
v 21.44725037 13.89999962 56.70000076
v 19.86300087 12.5 56.70000076
v 20.26300049 15 56.70000076
v 19.07875061 13.89999962 56.70000076
v 17.49449921 12.5 56.70000076
v 17.89450073 15 56.70000076
v 16.71025085 13.89999962 56.70000076
v 15.1260004 12.5 56.70000076
v 15.52600002 15 56.70000076
v 14.34175014 13.89999962 56.70000076
v 12.75749969 12.5 56.70000076
v 13.15750027 15 56.70000076
v 11.97325039 13.89999962 56.70000076
v 10.38899994 12.5 56.70000076
v 10.78899956 15 56.70000076
v 9.60474968 13.89999962 56.70000076
v 8.02050018 12.5 56.70000076
v 7.23624992 13.89999962 56.70000076
v 8.4204998 15 56.70000076
v 5.65199995 12.5 56.70000076
v 4.86775017 13.89999962 56.70000076
v 6.05200005 15 56.70000076
v 3.28349996 12.5 56.70000076
v 2.49924994 13.89999962 56.70000076
v 3.68350005 15 56.70000076
v 0.91500002 12.5 56.70000076
v 0.13075 13.89999962 56.70000076
v 1.31500006 15 56.70000076
v -1.45350003 12.5 56.70000076
v -2.23775005 13.89999962 56.70000076
v -1.05350006 15 56.70000076
v -4.60624981 13.89999962 56.70000076
v -3.42199993 15 56.70000076
v -4.60624981 13.89999962 54.79999924
v 54.60625076 13.89999962 54.79999924
v 55 13.89999962 54.79999924
v 52.23775101 13.89999962 54.79999924
v 53.42200089 15 54.79999924
v 49.86925125 13.89999962 54.79999924
v 51.05350113 15 54.79999924
v 47.5007515 13.89999962 54.79999924
v 48.68500137 15 54.79999924
v 45.13225174 13.89999962 54.79999924
v 46.31650162 15 54.79999924
v 42.76374817 13.89999962 54.79999924
v 43.94800186 15 54.79999924
v 40.39524841 13.89999962 54.79999924
v 41.57949829 15 54.79999924
v 38.02674866 13.89999962 54.79999924
v 39.21099854 15 54.79999924
v 35.6582489 13.89999962 54.79999924
v 36.84249878 15 54.79999924
v 33.28974915 13.89999962 54.79999924
v 34.47399902 15 54.79999924
v 30.92124939 13.89999962 54.79999924
v 32.10549927 15 54.79999924
v 28.55274963 13.89999962 54.79999924
v 29.73699951 15 54.79999924
v 26.18424988 13.89999962 54.79999924
v 27.36849976 15 54.79999924
v 23.81575012 13.89999962 54.79999924
v 25 15 54.79999924
v 21.44725037 13.89999962 54.79999924
v 22.63150024 15 54.79999924
v 19.07875061 13.89999962 54.79999924
v 20.26300049 15 54.79999924
v 16.71025085 13.89999962 54.79999924
v 17.89450073 15 54.79999924
v 14.34175014 13.89999962 54.79999924
v 15.52600002 15 54.79999924
v 11.97325039 13.89999962 54.79999924
v 13.15750027 15 54.79999924
v 9.60474968 13.89999962 54.79999924
v 10.78899956 15 54.79999924
v 7.23624992 13.89999962 54.79999924
v 8.4204998 15 54.79999924
v 4.86775017 13.89999962 54.79999924
v 6.05200005 15 54.79999924
v 2.49924994 13.89999962 54.79999924
v 3.68350005 15 54.79999924
v 0.13075 13.89999962 54.79999924
v 1.31500006 15 54.79999924
v -2.23775005 13.89999962 54.79999924
v -1.05350006 15 54.79999924
v -3.42199993 15 54.79999924
v 0 7.5 53
v 0 7.69509029 53.01921463
v 0 7.88268328 53.07612228
v 0 8.0555706 53.16852951
v 0 8.20710659 53.29289246
v 0 8.33146954 53.4444313
v 0 8.42387962 53.6173172
v 0 8.48078537 53.80490875
v 0 8.5 54
v 0 8.48078537 54.19509125
v 0 8.42387962 54.3826828
v 0 8.33146954 54.5555687
v 0 8.20710659 54.70710754
v 0 8.0555706 54.83147049
v 0 7.88268328 54.92387772
v 0 7.69509029 54.98078537
v 0 7.5 55
v 0 7.30490971 54.98078537
v 0 7.11731672 54.92387772
v 0 6.94442987 54.83147049
v 0 6.79289341 54.70710754
v 0 6.66853046 54.5555687
v 0 6.57612038 54.3826828
v 0 6.51921463 54.19509125
v 0 6.5 54
v 0 6.51921463 53.80490875
v 0 6.57612038 53.6173172
v 0 6.66853046 53.4444313
v 0 6.79289341 53.29289246
v 0 6.94442987 53.16852951
v 0 7.11731672 53.07612228
v 0 7.30490971 53.01921463
v 0 10.75 53
v 0 10.94509029 53.01921463
v 0 11.13268375 53.07612228
v 0 11.3055706 53.16852951
v 0 11.45710659 53.29289246
v 0 11.58146954 53.4444313
v 0 11.67387962 53.6173172
v 0 11.73078537 53.80490875
v 0 11.75 54
v 0 11.73078537 54.19509125
v 0 11.67387962 54.3826828
v 0 11.58146954 54.5555687
v 0 11.45710659 54.70710754
v 0 11.3055706 54.83147049
v 0 11.13268375 54.92387772
v 0 10.94509029 54.98078537
v 0 10.75 55
v 0 10.55490971 54.98078537
v 0 10.36731625 54.92387772
v 0 10.1944294 54.83147049
v 0 10.04289341 54.70710754
v 0 9.91853046 54.5555687
v 0 9.82612038 54.3826828
v 0 9.76921463 54.19509125
v 0 9.75 54
v 0 9.76921463 53.80490875
v 0 9.82612038 53.6173172
v 0 9.91853046 53.4444313
v 0 10.04289341 53.29289246
v 0 10.1944294 53.16852951
v 0 10.36731625 53.07612228
v 0 10.55490971 53.01921463
v 55 2.5 55.59999847
v 55 3.56505179 54.72859192
v 55 3.34485722 54.42510605
v 55 3.88154078 54.92964172
v 55 3.2725513 54.2111702
v 55 3.25172806 53.94123459
v 55 3.32308316 53.62473297
v 55 3.53610039 53.29975128
v 55 3.70051813 53.16449356
v 55 3.90799713 53.06030273
v 55 6.81505203 54.72859192
v 55 4.79948187 54.83550644
v 55 4.96389961 54.70024872
v 55 6.59485722 54.42510605
v 55 5.1769166 54.37526703
v 55 7.13154078 54.92964172
v 55 4.59200287 54.93969727
v 55 6.52255154 54.2111702
v 55 5.24827194 54.05876541
v 55 6.50172806 53.94123459
v 55 5.22744846 53.7888298
v 55 6.5730834 53.62473297
v 55 5.15514278 53.57489395
v 55 6.78610039 53.29975128
v 55 4.93494797 53.27140808
v 55 6.95051813 53.16449356
v 55 4.61845922 53.07035828
v 55 7.15799713 53.06030273
v 55 7.5 53
v 55 10.06505203 54.72859192
v 55 8.04948235 54.83550644
v 55 8.21389961 54.70024872
v 55 9.84485722 54.42510605
v 55 8.42691708 54.37526703
v 55 10.38154125 54.92964172
v 55 7.84200287 54.93969727
v 55 9.77255154 54.2111702
v 55 8.49827194 54.05876541
v 55 9.75172806 53.94123459
v 55 8.47744846 53.7888298
v 55 9.82308292 53.62473297
v 55 8.40514278 53.57489395
v 55 10.03610039 53.29975128
v 55 8.18494797 53.27140808
v 55 12.5 55.59999847
v 55 11.09200287 54.93969727
v 55 11.29948235 54.83550644
v 55 11.46389961 54.70024872
v 55 10.20051765 53.16449356
v 55 7.86845922 53.07035828
v 55 10.40799713 53.06030273
v 55 10.75 53
v 55 11.67691708 54.37526703
v 55 11.74827194 54.05876541
v 55 11.72744846 53.7888298
v 55 11.65514278 53.57489395
v 55 11.43494797 53.27140808
v 55 11.11845875 53.07035828
v 55 7.5 55
v 55 10.75 55
v 51.5 6 51.7228775
v -1.5 6 51.7228775
v 51.5 6.5 49.79999924
v 51.5 5.52628994 50.72321701
v 51.5 5.50474787 50.53772354
v 51.5 5.50059938 50.35103607
v 51.5 5.51388121 50.16477203
v 51.5 5.54447794 49.98055649
v 51.5 5.5921216 49.79999924
v 51.5 5.5650382 50.9058876
v 51.5 5.62065506 51.08415222
v 51.5 5.69265509 51.25644684
v 51.5 5.78041124 51.42127991
v 51.5 5.88315821 51.57720947
v 51.5 7.31481504 52
v 51.5 9.45552254 49.98055649
v 51.5 8.5 49.79999924
v 51.5 9.40787888 49.79999924
v 51.5 9.48611832 50.16477203
v 51.5 9.49940014 50.35103607
v 51.5 9.49525261 50.53772354
v 51.5 9.47371006 50.72321701
v 51.5 9.43496227 50.9058876
v 51.5 9.37934494 51.08415222
v 51.5 9.30734539 51.25644684
v 51.5 9.21958923 51.42127991
v 51.5 9.11684227 51.57720947
v 51.5 9 51.7228775
v 51.5 7.68518496 52
v -1.5 9 51.7228775
v -1.5 7.31481504 52
v -1.5 7.68518496 52
v -1.5 6.5 49.79999924
v -1.5 5.88315821 51.57720947
v -1.5 5.78041124 51.42127991
v -1.5 5.69265509 51.25644684
v -1.5 5.62065506 51.08415222
v -1.5 5.5650382 50.9058876
v -1.5 5.52628994 50.72321701
v -1.5 5.50474787 50.53772354
v -1.5 5.50059938 50.35103607
v -1.5 5.51388121 50.16477203
v -1.5 5.54447794 49.98055649
v -1.5 5.5921216 49.79999924
v -1.5 9.43496227 50.9058876
v -1.5 8.5 49.79999924
v -1.5 9.37934494 51.08415222
v -1.5 9.30734539 51.25644684
v -1.5 9.21958923 51.42127991
v -1.5 9.11684227 51.57720947
v -1.5 9.47371006 50.72321701
v -1.5 9.49525261 50.53772354
v -1.5 9.49940014 50.35103607
v -1.5 9.48611832 50.16477203
v -1.5 9.45552254 49.98055649
v -1.5 9.40787888 49.79999924
v 54.20624924 2.5 55.59999847
v 51.83774948 2.5 55.59999847
v 49.46924973 2.5 55.59999847
v 47.10074997 2.5 55.59999847
v 44.73225021 2.5 55.59999847
v 42.36375046 2.5 55.59999847
v 39.9952507 2.5 55.59999847
v 37.62675095 2.5 55.59999847
v 35.25825119 2.5 55.59999847
v 32.88975143 2.5 55.59999847
v 30.52124977 2.5 55.59999847
v 28.15275002 2.5 55.59999847
v 25.78425026 2.5 55.59999847
v 23.4157505 2.5 55.59999847
v 21.04725075 2.5 55.59999847
v 18.67874908 2.5 55.59999847
v 16.31024933 2.5 55.59999847
v 13.94174957 2.5 55.59999847
v 11.57324982 2.5 55.59999847
v 9.20475006 2.5 55.59999847
v 6.83624983 2.5 55.59999847
v 4.46775007 2.5 55.59999847
v 2.09925008 2.5 55.59999847
v -0.26925001 2.5 55.59999847
v -2.63774991 2.5 55.59999847
v -2.63774991 12.5 55.59999847
v -0.26925001 12.5 55.59999847
v 2.09925008 12.5 55.59999847
v 4.46775007 12.5 55.59999847
v 6.83624983 12.5 55.59999847
v 9.20475006 12.5 55.59999847
v 11.57324982 12.5 55.59999847
v 13.94174957 12.5 55.59999847
v 16.31024933 12.5 55.59999847
v 18.67874908 12.5 55.59999847
v 21.04725075 12.5 55.59999847
v 23.4157505 12.5 55.59999847
v 25.78425026 12.5 55.59999847
v 28.15275002 12.5 55.59999847
v 30.52124977 12.5 55.59999847
v 32.88975143 12.5 55.59999847
v 35.25825119 12.5 55.59999847
v 37.62675095 12.5 55.59999847
v 39.9952507 12.5 55.59999847
v 42.36375046 12.5 55.59999847
v 44.73225021 12.5 55.59999847
v 47.10074997 12.5 55.59999847
v 49.46924973 12.5 55.59999847
v 51.83774948 12.5 55.59999847
v 54.20624924 12.5 55.59999847
v 50 4.25 55
v 50 4.44509029 54.98078537
v 50 4.63268328 54.92387772
v 50 4.80557013 54.83147049
v 50 4.95710659 54.70710754
v 50 5.08146954 54.5555687
v 50 5.17387962 54.3826828
v 50 5.23078537 54.19509125
v 50 5.25 54
v 50 5.23078537 53.80490875
v 50 5.17387962 53.6173172
v 50 5.08146954 53.4444313
v 50 4.95710659 53.29289246
v 50 4.80557013 53.16852951
v 50 4.63268328 53.07612228
v 50 4.44509029 53.01921463
v 50 4.25 53
v 50 4.05490971 53.01921463
v 50 3.86731648 53.07612228
v 50 3.69442987 53.16852951
v 50 3.54289317 53.29289246
v 50 3.41853046 53.4444313
v 50 3.32612038 53.6173172
v 50 3.26921463 53.80490875
v 50 3.25 54
v 50 3.26921463 54.19509125
v 50 3.32612038 54.3826828
v 50 3.41853046 54.5555687
v 50 3.54289317 54.70710754
v 50 3.69442987 54.83147049
v 50 3.86731648 54.92387772
v 50 4.05490971 54.98078537
v 50 7.5 55
v 50 7.69509029 54.98078537
v 50 7.88268328 54.92387772
v 50 8.0555706 54.83147049
v 50 8.20710659 54.70710754
v 50 8.33146954 54.5555687
v 50 8.42387962 54.3826828
v 50 8.48078537 54.19509125
v 50 8.5 54
v 50 8.48078537 53.80490875
v 50 8.42387962 53.6173172
v 50 8.33146954 53.4444313
v 50 8.20710659 53.29289246
v 50 8.0555706 53.16852951
v 50 7.88268328 53.07612228
v 50 7.69509029 53.01921463
v 50 7.5 53
v 50 7.30490971 53.01921463
v 50 7.11731672 53.07612228
v 50 6.94442987 53.16852951
v 50 6.79289341 53.29289246
v 50 6.66853046 53.4444313
v 50 6.57612038 53.6173172
v 50 6.51921463 53.80490875
v 50 6.5 54
v 50 6.51921463 54.19509125
v 50 6.57612038 54.3826828
v 50 6.66853046 54.5555687
v 50 6.79289341 54.70710754
v 50 6.94442987 54.83147049
v 50 7.11731672 54.92387772
v 50 7.30490971 54.98078537
v 50 10.75 55
v 50 10.94509029 54.98078537
v 50 11.13268375 54.92387772
v 50 11.3055706 54.83147049
v 50 11.45710659 54.70710754
v 50 11.58146954 54.5555687
v 50 11.67387962 54.3826828
v 50 11.73078537 54.19509125
v 50 11.75 54
v 50 11.73078537 53.80490875
v 50 11.67387962 53.6173172
v 50 11.58146954 53.4444313
v 50 11.45710659 53.29289246
v 50 11.3055706 53.16852951
v 50 11.13268375 53.07612228
v 50 10.94509029 53.01921463
v 50 10.75 53
v 50 10.55490971 53.01921463
v 50 10.36731625 53.07612228
v 50 10.1944294 53.16852951
v 50 10.04289341 53.29289246
v 50 9.91853046 53.4444313
v 50 9.82612038 53.6173172
v 50 9.76921463 53.80490875
v 50 9.75 54
v 50 9.76921463 54.19509125
v 50 9.82612038 54.3826828
v 50 9.91853046 54.5555687
v 50 10.04289341 54.70710754
v 50 10.1944294 54.83147049
v 50 10.36731625 54.92387772
v 50 10.55490971 54.98078537
v 62.5 10.94509029 53.01921463
v 55 10.94509029 53.01921463
v 62.5 10.75 53
v 62.5 11.13268375 53.07612228
v 55 11.13268375 53.07612228
v 55 11.3055706 53.16852951
v 62.5 11.3055706 53.16852951
v 62.5 11.45710659 53.29289246
v 55 11.45710659 53.29289246
v 62.5 11.58146954 53.4444313
v 55 11.58146954 53.4444313
v 62.5 11.67387962 53.6173172
v 55 11.67387962 53.6173172
v 62.5 11.73078537 53.80490875
v 55 11.73078537 53.80490875
v 62.5 11.75 54
v 55 11.75 54
v 62.5 11.73078537 54.19509125
v 55 11.73078537 54.19509125
v 62.5 11.67387962 54.3826828
v 55 11.67387962 54.3826828
v 62.5 11.58146954 54.5555687
v 55 11.58146954 54.5555687
v 62.5 11.45710659 54.70710754
v 55 11.45710659 54.70710754
v 62.5 11.3055706 54.83147049
v 55 11.3055706 54.83147049
v 62.5 11.13268375 54.92387772
v 55 11.13268375 54.92387772
v 55 10.94509029 54.98078537
v 62.5 10.94509029 54.98078537
v 62.5 10.75 55
v 55 9.77255154 53.7888298
v 55 10.06505203 53.27140808
v 55 9.84485722 53.57489395
v 55 10.38154125 53.07035828
v 55 9.82308292 54.37526703
v 55 9.75172806 54.05876541
v 55 10.03610039 54.70024872
v 55 10.40799713 54.93969727
v 55 10.20051765 54.83550644
v 62.5 10.55490971 54.98078537
v 62.5 10.36731625 54.92387772
v 62.5 10.1944294 54.83147049
v 62.5 10.04289341 54.70710754
v 62.5 9.91853046 54.5555687
v 62.5 9.82612038 54.3826828
v 62.5 9.76921463 54.19509125
v 62.5 9.75 54
v 62.5 9.76921463 53.80490875
v 62.5 9.82612038 53.6173172
v 62.5 9.91853046 53.4444313
v 62.5 10.04289341 53.29289246
v 62.5 10.1944294 53.16852951
v 62.5 10.36731625 53.07612228
v 62.5 10.55490971 53.01921463
v 80 4.25 53
v 80 4.05490971 53.01921463
v 85 4.25 53
v 85 4.05490971 53.01921463
v 80 3.86731648 53.07612228
v 85 3.86731648 53.07612228
v 80 3.69442987 53.16852951
v 85 3.69442987 53.16852951
v 80 3.54289317 53.29289246
v 85 3.54289317 53.29289246
v 80 3.41853046 53.4444313
v 85 3.41853046 53.4444313
v 85 3.32612038 53.6173172
v 80 3.32612038 53.6173172
v 85 3.26921463 53.80490875
v 80 3.26921463 53.80490875
v 80 3.25 54
v 85 3.25 54
v 85 3.26921463 54.19509125
v 80 3.26921463 54.19509125
v 80 3.32612038 54.3826828
v 85 3.32612038 54.3826828
v 80 3.41853046 54.5555687
v 85 3.41853046 54.5555687
v 80 3.54289317 54.70710754
v 85 3.54289317 54.70710754
v 80 3.69442987 54.83147049
v 85 3.69442987 54.83147049
v 80 3.86731648 54.92387772
v 85 3.86731648 54.92387772
v 80 4.05490971 54.98078537
v 85 4.05490971 54.98078537
v 80 4.25 55
v 85 4.25 55
v 85 2.5 55.59999847
v 85 2.5 56.70000076
v 85 1.10000002 56.70000076
v 85 1.10000002 54.79999924
v 85 2.25 54.79999924
v 85 2.25 52.5
v 85 6.81505203 54.72859192
v 85 4.79948187 54.83550644
v 85 4.96389961 54.70024872
v 85 6.59485722 54.42510605
v 85 5.1769166 54.37526703
v 85 7.13154078 54.92964172
v 85 4.59200287 54.93969727
v 85 6.52255154 54.2111702
v 85 5.24827194 54.05876541
v 85 6.50172806 53.94123459
v 85 5.22744846 53.7888298
v 85 6.5730834 53.62473297
v 85 5.15514278 53.57489395
v 85 6.78610039 53.29975128
v 85 4.93494797 53.27140808
v 85 6.95051813 53.16449356
v 85 4.61845922 53.07035828
v 85 7.15799713 53.06030273
v 85 7.5 53
v 85 10.06505203 54.72859192
v 85 8.04948235 54.83550644
v 85 8.21389961 54.70024872
v 85 9.84485722 54.42510605
v 85 8.42691708 54.37526703
v 85 10.38154125 54.92964172
v 85 7.84200287 54.93969727
v 85 9.77255154 54.2111702
v 85 8.49827194 54.05876541
v 85 9.75172806 53.94123459
v 85 8.47744846 53.7888298
v 85 9.82308292 53.62473297
v 85 8.40514278 53.57489395
v 85 10.03610039 53.29975128
v 85 8.18494797 53.27140808
v 85 12.5 55.59999847
v 85 11.09200287 54.93969727
v 85 11.29948235 54.83550644
v 85 11.46389961 54.70024872
v 85 10.20051765 53.16449356
v 85 7.86845922 53.07035828
v 85 13.89999962 56.70000076
v 85 12.5 56.70000076
v 85 10.40799713 53.06030273
v 85 10.75 53
v 85 12.75 54.79999924
v 85 11.67691708 54.37526703
v 85 11.74827194 54.05876541
v 85 11.72744846 53.7888298
v 85 13.89999962 54.79999924
v 85 12.75 52.5
v 85 11.65514278 53.57489395
v 85 11.43494797 53.27140808
v 85 11.11845875 53.07035828
v 85 7.5 55
v 85 10.75 55
v 80 4.44509029 54.98078537
v 80 4.63268328 54.92387772
v 80 4.80557013 54.83147049
v 80 4.95710659 54.70710754
v 80 5.08146954 54.5555687
v 80 5.17387962 54.3826828
v 80 5.23078537 54.19509125
v 80 5.25 54
v 80 5.23078537 53.80490875
v 80 5.17387962 53.6173172
v 80 5.08146954 53.4444313
v 80 4.95710659 53.29289246
v 80 4.80557013 53.16852951
v 80 4.63268328 53.07612228
v 80 4.44509029 53.01921463
v 84.20625305 12.5 55.59999847
v 83.02200317 12.5 56.70000076
v 84.20625305 2.5 55.59999847
v 83.02200317 2.5 56.70000076
v 84.60624695 1.10000002 56.70000076
v 82.23774719 1.10000002 56.70000076
v 83.42199707 0 56.70000076
v 79.86924744 1.10000002 56.70000076
v 81.05349731 0 56.70000076
v 80.65350342 2.5 56.70000076
v 77.50074768 1.10000002 56.70000076
v 78.68499756 0 56.70000076
v 78.28500366 2.5 56.70000076
v 75.13224792 1.10000002 56.70000076
v 76.3164978 0 56.70000076
v 75.91649628 2.5 56.70000076
v 72.76374817 1.10000002 56.70000076
v 73.94799805 0 56.70000076
v 73.54799652 2.5 56.70000076
v 70.39524841 1.10000002 56.70000076
v 71.57949829 0 56.70000076
v 71.17949677 2.5 56.70000076
v 69.60475159 1.10000002 56.70000076
v 67.23625183 1.10000002 56.70000076
v 68.42050171 0 56.70000076
v 68.02050018 2.5 56.70000076
v 64.86775208 1.10000002 56.70000076
v 66.05200195 0 56.70000076
v 65.65200043 2.5 56.70000076
v 62.4992485 1.10000002 56.70000076
v 63.68349838 0 56.70000076
v 63.28350067 2.5 56.70000076
v 60.13074875 1.10000002 56.70000076
v 61.31499863 0 56.70000076
v 60.91500092 2.5 56.70000076
v 57.76224899 1.10000002 56.70000076
v 58.94649887 0 56.70000076
v 58.54650116 2.5 56.70000076
v 55.39374924 1.10000002 56.70000076
v 56.57799911 0 56.70000076
v 56.1780014 2.5 56.70000076
v 84.60624695 1.10000002 54.79999924
v 82.23774719 1.10000002 54.79999924
v 83.42199707 0 54.79999924
v 79.86924744 1.10000002 54.79999924
v 81.05349731 0 54.79999924
v 77.50074768 1.10000002 54.79999924
v 78.68499756 0 54.79999924
v 75.13224792 1.10000002 54.79999924
v 76.3164978 0 54.79999924
v 72.76374817 1.10000002 54.79999924
v 73.94799805 0 54.79999924
v 70.39524841 1.10000002 54.79999924
v 71.57949829 0 54.79999924
v 67.23625183 1.10000002 54.79999924
v 69.60475159 1.10000002 54.79999924
v 68.42050171 0 54.79999924
v 64.86775208 1.10000002 54.79999924
v 66.05200195 0 54.79999924
v 62.4992485 1.10000002 54.79999924
v 63.68349838 0 54.79999924
v 60.13074875 1.10000002 54.79999924
v 61.31499863 0 54.79999924
v 57.76224899 1.10000002 54.79999924
v 58.94649887 0 54.79999924
v 55.39374924 1.10000002 54.79999924
v 56.57799911 0 54.79999924
v 58.5 6 52.5
v 58.5 9 52.5
v 81.5 6 52.5
v 81.5 9 52.5
v 84.60624695 13.89999962 54.79999924
v 82.23774719 13.89999962 54.79999924
v 83.42199707 15 54.79999924
v 79.86924744 13.89999962 54.79999924
v 81.05349731 15 54.79999924
v 77.50074768 13.89999962 54.79999924
v 78.68499756 15 54.79999924
v 75.13224792 13.89999962 54.79999924
v 76.3164978 15 54.79999924
v 72.76374817 13.89999962 54.79999924
v 73.94799805 15 54.79999924
v 70.39524841 13.89999962 54.79999924
v 71.57949829 15 54.79999924
v 69.60475159 13.89999962 54.79999924
v 67.23625183 13.89999962 54.79999924
v 68.42050171 15 54.79999924
v 64.86775208 13.89999962 54.79999924
v 66.05200195 15 54.79999924
v 62.4992485 13.89999962 54.79999924
v 63.68349838 15 54.79999924
v 60.13074875 13.89999962 54.79999924
v 61.31499863 15 54.79999924
v 57.76224899 13.89999962 54.79999924
v 58.94649887 15 54.79999924
v 55.39374924 13.89999962 54.79999924
v 56.57799911 15 54.79999924
v 84.60624695 13.89999962 56.70000076
v 83.42199707 15 56.70000076
v 82.23774719 13.89999962 56.70000076
v 80.65350342 12.5 56.70000076
v 81.05349731 15 56.70000076
v 79.86924744 13.89999962 56.70000076
v 78.28500366 12.5 56.70000076
v 78.68499756 15 56.70000076
v 77.50074768 13.89999962 56.70000076
v 75.91649628 12.5 56.70000076
v 76.3164978 15 56.70000076
v 75.13224792 13.89999962 56.70000076
v 73.54799652 12.5 56.70000076
v 73.94799805 15 56.70000076
v 72.76374817 13.89999962 56.70000076
v 71.17949677 12.5 56.70000076
v 71.57949829 15 56.70000076
v 70.39524841 13.89999962 56.70000076
v 69.60475159 13.89999962 56.70000076
v 68.02050018 12.5 56.70000076
v 68.42050171 15 56.70000076
v 67.23625183 13.89999962 56.70000076
v 65.65200043 12.5 56.70000076
v 66.05200195 15 56.70000076
v 64.86775208 13.89999962 56.70000076
v 63.28350067 12.5 56.70000076
v 62.4992485 13.89999962 56.70000076
v 63.68349838 15 56.70000076
v 60.91500092 12.5 56.70000076
v 60.13074875 13.89999962 56.70000076
v 61.31499863 15 56.70000076
v 58.54650116 12.5 56.70000076
v 57.76224899 13.89999962 56.70000076
v 58.94649887 15 56.70000076
v 56.1780014 12.5 56.70000076
v 55.39374924 13.89999962 56.70000076
v 56.57799911 15 56.70000076
v 80 7.5 55
v 80 7.69509029 54.98078537
v 80 7.88268328 54.92387772
v 80 8.0555706 54.83147049
v 80 8.20710659 54.70710754
v 80 8.33146954 54.5555687
v 80 8.42387962 54.3826828
v 80 8.48078537 54.19509125
v 80 8.5 54
v 80 8.48078537 53.80490875
v 80 8.42387962 53.6173172
v 80 8.33146954 53.4444313
v 80 8.20710659 53.29289246
v 80 8.0555706 53.16852951
v 80 7.88268328 53.07612228
v 80 7.69509029 53.01921463
v 80 7.5 53
v 80 7.30490971 53.01921463
v 80 7.11731672 53.07612228
v 80 6.94442987 53.16852951
v 80 6.79289341 53.29289246
v 80 6.66853046 53.4444313
v 80 6.57612038 53.6173172
v 80 6.51921463 53.80490875
v 80 6.5 54
v 80 6.51921463 54.19509125
v 80 6.57612038 54.3826828
v 80 6.66853046 54.5555687
v 80 6.79289341 54.70710754
v 80 6.94442987 54.83147049
v 80 7.11731672 54.92387772
v 80 7.30490971 54.98078537
v 80 10.75 55
v 80 10.94509029 54.98078537
v 80 11.13268375 54.92387772
v 80 11.3055706 54.83147049
v 80 11.45710659 54.70710754
v 80 11.58146954 54.5555687
v 80 11.67387962 54.3826828
v 80 11.73078537 54.19509125
v 80 11.75 54
v 80 11.73078537 53.80490875
v 80 11.67387962 53.6173172
v 80 11.58146954 53.4444313
v 80 11.45710659 53.29289246
v 80 11.3055706 53.16852951
v 80 11.13268375 53.07612228
v 80 10.94509029 53.01921463
v 80 10.75 53
v 80 10.55490971 53.01921463
v 80 10.36731625 53.07612228
v 80 10.1944294 53.16852951
v 80 10.04289341 53.29289246
v 80 9.91853046 53.4444313
v 80 9.82612038 53.6173172
v 80 9.76921463 53.80490875
v 80 9.75 54
v 80 9.76921463 54.19509125
v 80 9.82612038 54.3826828
v 80 9.91853046 54.5555687
v 80 10.04289341 54.70710754
v 80 10.1944294 54.83147049
v 80 10.36731625 54.92387772
v 80 10.55490971 54.98078537
v 81.8377533 2.5 55.59999847
v 79.46925354 2.5 55.59999847
v 77.10075378 2.5 55.59999847
v 74.7322464 2.5 55.59999847
v 72.36374664 2.5 55.59999847
v 70 2.5 55.60441208
v 69.20475006 2.5 55.59999847
v 70 2.5 55.59999847
v 66.83625031 2.5 55.59999847
v 64.46775055 2.5 55.59999847
v 62.09925079 2.5 55.59999847
v 59.73075104 2.5 55.59999847
v 57.36225128 2.5 55.59999847
v 55 2.5 55.60580444
v 55 6.81505203 53.27140808
v 55 4.79948187 53.16449356
v 55 4.96389961 53.29975128
v 55 6.59485722 53.57489395
v 55 5.1769166 53.62473297
v 55 7.13154078 53.07035828
v 55 4.59200287 53.06030273
v 55 6.52255154 53.7888298
v 55 5.24827194 53.94123459
v 55 6.50172806 54.05876541
v 55 5.22744846 54.2111702
v 55 6.5730834 54.37526703
v 55 5.15514278 54.42510605
v 55 6.78610039 54.70024872
v 55 4.93494797 54.72859192
v 55 6.95051813 54.83550644
v 55 4.61845922 54.92964172
v 55 7.15799713 54.93969727
v 55 8.04948235 53.16449356
v 55 8.21389961 53.29975128
v 55 8.42691708 53.62473297
v 55 7.84200287 53.06030273
v 55 8.49827194 53.94123459
v 55 8.47744846 54.2111702
v 55 8.40514278 54.42510605
v 55 8.18494797 54.72859192
v 55 7.86845922 54.92964172
v 55 11.09200287 53.06030273
v 55 11.29948235 53.16449356
v 55 11.46389961 53.29975128
v 55 11.67691708 53.62473297
v 55 11.74827194 53.94123459
v 55 11.72744846 54.2111702
v 55 11.65514278 54.42510605
v 55 11.43494797 54.72859192
v 55 12.5 55.60580444
v 55 11.11845875 54.92964172
v 58.5 7.31481504 52
v 58.5 6 51.7228775
v 58.5 7.68518496 52
v 58.5 6.5 49.79999924
v 58.5 5.88315821 51.57720947
v 58.5 5.78041124 51.42127991
v 58.5 5.69265509 51.25644684
v 58.5 5.62065506 51.08415222
v 58.5 5.5650382 50.9058876
v 58.5 5.52628994 50.72321701
v 58.5 5.50474787 50.53772354
v 58.5 5.50059938 50.35103607
v 58.5 5.51388121 50.16477203
v 58.5 5.54447794 49.98055649
v 58.5 5.5921216 49.79999924
v 58.5 9 51.7228775
v 58.5 9.43496227 50.9058876
v 58.5 8.5 49.79999924
v 58.5 9.37934494 51.08415222
v 58.5 9.30734539 51.25644684
v 58.5 9.21958923 51.42127991
v 58.5 9.11684227 51.57720947
v 58.5 9.47371006 50.72321701
v 58.5 9.49525261 50.53772354
v 58.5 9.49940014 50.35103607
v 58.5 9.48611832 50.16477203
v 58.5 9.45552254 49.98055649
v 58.5 9.40787888 49.79999924
v 81.5 6 51.7228775
v 81.5 6.5 49.79999924
v 81.5 5.52628994 50.72321701
v 81.5 5.50474787 50.53772354
v 81.5 5.50059938 50.35103607
v 81.5 5.51388121 50.16477203
v 81.5 5.54447794 49.98055649
v 81.5 5.5921216 49.79999924
v 81.5 5.5650382 50.9058876
v 81.5 5.62065506 51.08415222
v 81.5 5.69265509 51.25644684
v 81.5 5.78041124 51.42127991
v 81.5 5.88315821 51.57720947
v 81.5 7.31481504 52
v 81.5 9.45552254 49.98055649
v 81.5 8.5 49.79999924
v 81.5 9.40787888 49.79999924
v 81.5 9.48611832 50.16477203
v 81.5 9.49940014 50.35103607
v 81.5 9.49525261 50.53772354
v 81.5 9.47371006 50.72321701
v 81.5 9.43496227 50.9058876
v 81.5 9.37934494 51.08415222
v 81.5 9.30734539 51.25644684
v 81.5 9.21958923 51.42127991
v 81.5 9.11684227 51.57720947
v 81.5 9 51.7228775
v 81.5 7.68518496 52
v 57.36225128 12.5 55.59999847
v 59.73075104 12.5 55.59999847
v 62.09925079 12.5 55.59999847
v 64.46775055 12.5 55.59999847
v 66.83625031 12.5 55.59999847
v 70 12.5 55.60441208
v 69.20475006 12.5 55.59999847
v 70 12.5 55.59999847
v 72.36374664 12.5 55.59999847
v 74.7322464 12.5 55.59999847
v 77.10075378 12.5 55.59999847
v 79.46925354 12.5 55.59999847
v 81.8377533 12.5 55.59999847
v 60 4.25 53
v 60 4.44509029 53.01921463
v 60 4.63268328 53.07612228
v 60 4.80557013 53.16852951
v 60 4.95710659 53.29289246
v 60 5.08146954 53.4444313
v 60 5.17387962 53.6173172
v 60 5.23078537 53.80490875
v 60 5.25 54
v 60 5.23078537 54.19509125
v 60 5.17387962 54.3826828
v 60 5.08146954 54.5555687
v 60 4.95710659 54.70710754
v 60 4.80557013 54.83147049
v 60 4.63268328 54.92387772
v 60 4.44509029 54.98078537
v 60 4.25 55
v 60 4.05490971 54.98078537
v 60 3.86731648 54.92387772
v 60 3.69442987 54.83147049
v 60 3.54289317 54.70710754
v 60 3.41853046 54.5555687
v 60 3.32612038 54.3826828
v 60 3.26921463 54.19509125
v 60 3.25 54
v 60 3.26921463 53.80490875
v 60 3.32612038 53.6173172
v 60 3.41853046 53.4444313
v 60 3.54289317 53.29289246
v 60 3.69442987 53.16852951
v 60 3.86731648 53.07612228
v 60 4.05490971 53.01921463
v 60 7.5 53
v 60 7.69509029 53.01921463
v 60 7.88268328 53.07612228
v 60 8.0555706 53.16852951
v 60 8.20710659 53.29289246
v 60 8.33146954 53.4444313
v 60 8.42387962 53.6173172
v 60 8.48078537 53.80490875
v 60 8.5 54
v 60 8.48078537 54.19509125
v 60 8.42387962 54.3826828
v 60 8.33146954 54.5555687
v 60 8.20710659 54.70710754
v 60 8.0555706 54.83147049
v 60 7.88268328 54.92387772
v 60 7.69509029 54.98078537
v 60 7.5 55
v 60 7.30490971 54.98078537
v 60 7.11731672 54.92387772
v 60 6.94442987 54.83147049
v 60 6.79289341 54.70710754
v 60 6.66853046 54.5555687
v 60 6.57612038 54.3826828
v 60 6.51921463 54.19509125
v 60 6.5 54
v 60 6.51921463 53.80490875
v 60 6.57612038 53.6173172
v 60 6.66853046 53.4444313
v 60 6.79289341 53.29289246
v 60 6.94442987 53.16852951
v 60 7.11731672 53.07612228
v 60 7.30490971 53.01921463
v 60 10.75 53
v 60 10.94509029 53.01921463
v 60 11.13268375 53.07612228
v 60 11.3055706 53.16852951
v 60 11.45710659 53.29289246
v 60 11.58146954 53.4444313
v 60 11.67387962 53.6173172
v 60 11.73078537 53.80490875
v 60 11.75 54
v 60 11.73078537 54.19509125
v 60 11.67387962 54.3826828
v 60 11.58146954 54.5555687
v 60 11.45710659 54.70710754
v 60 11.3055706 54.83147049
v 60 11.13268375 54.92387772
v 60 10.94509029 54.98078537
v 60 10.75 55
v 60 10.55490971 54.98078537
v 60 10.36731625 54.92387772
v 60 10.1944294 54.83147049
v 60 10.04289341 54.70710754
v 60 9.91853046 54.5555687
v 60 9.82612038 54.3826828
v 60 9.76921463 54.19509125
v 60 9.75 54
v 60 9.76921463 53.80490875
v 60 9.82612038 53.6173172
v 60 9.91853046 53.4444313
v 60 10.04289341 53.29289246
v 60 10.1944294 53.16852951
v 60 10.36731625 53.07612228
v 60 10.55490971 53.01921463
v 48 19.2228756 43.5
v 33 19.2228756 43.5
v 48 19.06942368 43.3775177
v 33 19.06942368 43.3775177
v 48 18.90470123 43.27067184
v 33 18.90470123 43.27067184
v 33 18.73029518 43.1804924
v 48 18.73029518 43.1804924
v 33 18.54788971 43.10784912
v 48 18.54788971 43.10784912
v 48 18.35923767 43.05344009
v 33 18.35923767 43.05344009
v 33 18.16616249 43.01778793
v 48 18.16616249 43.01778793
v 33 17.97052002 43.00124359
v 48 17.97052002 43.00124359
v 33 17.77419853 43.00395966
v 48 17.77419853 43.00395966
v 33 17.57909012 43.02591324
v 48 17.57909012 43.02591324
v 48 17.38707352 43.06689072
v 33 17.38707352 43.06689072
v 33 17.20000076 43.12649918
v 48 17.20000076 43.12649918
v 33 20 43.5
v 33 20 37.5
v 33 15 37.5
v 33 19.00055313 46.66996384
v 33 20 46.5
v 33 19.2228756 46.5
v 33 18.75667953 46.8072319
v 33 17.20000076 46.87350082
v 33 20 52.5
v 33 18.50875282 46.90510178
v 33 18.29369545 46.96086884
v 33 17.92580986 46.99983215
v 33 15 52.5
v 33 17.55703545 46.97037506
v 48 17.20000076 46.87350082
v 48 15 37.5
v 48 20 37.5
v 48 20 43.5
v 48 20 46.5
v 48 18.92397499 46.71798706
v 48 19.2228756 46.5
v 48 15 52.5
v 48 17.46835709 46.9528656
v 48 17.74517059 46.99399567
v 48 20 52.5
v 48 18.01170158 46.99687958
v 48 18.23249054 46.97216797
v 48 18.59003448 46.87718964
v 42 15 46.5
v 42 15 43.5
v 39 15 43.5
v 39 15 46.5
v 42 14.2228756 46.5
v 42 14.2228756 43.5
v 39 14.2228756 43.5
v 39 14.2228756 46.5
v 42.45342255 12.46976662 43.04657745
v 42.37350082 12.19999981 46.87350082
v 42.37350082 12.19999981 43.12649918
v 42.47031403 12.55527878 46.97031403
v 42.49434662 12.74697399 43.00565338
v 42.49969482 12.93370724 46.99968719
v 42.49617767 13.02182579 43.00382614
v 42.45653152 13.31354046 46.95651627
v 42.46889496 13.2498455 43.03110886
v 42.39717102 13.53285027 46.89715195
v 42.36818314 13.61416817 43.13182068
v 42.2961731 13.78024578 46.79615402
v 42.20719528 13.9425106 43.29280472
v 42.16339111 14.01096821 46.66338348
v 38.83661652 14.01096821 43.33660889
v 38.70384598 13.78024578 43.2038269
v 38.60284805 13.53285027 43.10282898
v 38.54348373 13.31354046 43.04346848
v 38.50031281 12.93370724 43.00030518
v 38.52968597 12.55527878 43.02968597
v 38.62649918 12.19999981 43.12649918
v 38.79280472 13.9425106 46.70719528
v 38.63181686 13.61416817 46.86817932
v 38.53110504 13.2498455 46.96889114
v 38.50382233 13.02182579 46.99617386
v 38.50565338 12.74697399 46.99434662
v 38.54657745 12.46976662 46.95342255
v 38.62649918 12.19999981 46.87350082
v 9 15 6.7228756
v 9 15 8.2771244
v 9 0 8.2771244
v 9 0 6.7228756
v 9.1224823 15 6.56942368
v 9.1224823 0 6.56942368
v 9.22932816 0 6.40470123
v 9.22932816 15 6.40470123
v 9.3195076 15 6.23029613
v 9.3195076 0 6.23029613
v 9.39215183 0 6.04788923
v 9.39215183 15 6.04788923
v 9.44656086 15 5.85923815
v 9.44656086 0 5.85923815
v 9.48221016 15 5.66616154
v 9.48221016 0 5.66616154
v 9.49875641 0 5.47052002
v 9.49875641 15 5.47052002
v 9.49603939 0 5.27419853
v 9.49603939 15 5.27419853
v 9.47408581 15 5.07908916
v 9.47408581 0 5.07908916
v 9.43310738 15 4.88707304
v 9.43310738 0 4.88707304
v 9.37349987 15 4.69999981
v 9.37349987 0 4.69999981
v 5.70628309 15 8.71536827
v 7 15 9.60000038
v 5.83862877 15 8.48651695
v 5.59542704 15 8.98959064
v 5.53036118 15 9.25283623
v 5.50250864 15 9.49987316
v 5.50408745 15 9.72777939
v 5.52830887 15 9.93530846
v 5.62824821 15 10.30465984
v 5.76410007 15 10.59330082
v 5.91122961 15 10.81482697
v 6.05541801 15 10.98317814
v 6.33418798 15 11.22507858
v 6.65266657 15 11.4116354
v 7 15 11.53649139
v 6 15 8.2771244
v 8 15 9.60000038
v 9.10677624 15 10.79091167
v 8.98363972 15 10.94119835
v 8.8465023 15 11.07882786
v 8.69665718 15 11.2025013
v 8.5355196 15 11.31105232
v 8.36460876 15 11.40345573
v 8.18553925 15 11.47883892
v 8 15 11.53649139
v 9.21474934 15 10.62938595
v 9.30653954 15 10.45814514
v 9.38128185 15 10.27880669
v 9.43826962 15 10.0930624
v 9.4769659 15 9.90266418
v 9.49700546 15 9.70941067
v 9.49819851 15 9.51512432
v 9.4805336 15 9.32163811
v 9.44417953 15 9.13077927
v 9.38947678 15 8.94434929
v 9.31694317 15 8.7641058
v 9.2272625 15 8.59175205
v 9.12128162 15 8.42891216
v 7 15 6.19999981
v 6 15 6.7228756
v 5.8775177 15 6.56942368
v 5.77067184 15 6.40470123
v 5.6804924 15 6.23029613
v 5.60784769 15 6.04788923
v 5.55343866 15 5.85923815
v 5.51778984 15 5.66616154
v 5.50124359 15 5.47052002
v 8 15 6.19999981
v 7 15 4.69999981
v 5.50396061 15 5.27419853
v 5.52591372 15 5.07908916
v 5.56689215 15 4.88707304
v 5.62650061 15 4.69999981
v 8 15 4.69999981
v 8 0 11.53649139
v 8.18553925 0 11.47883892
v 8.36460876 0 11.40345573
v 8.5355196 0 11.31105232
v 8.69665718 0 11.2025013
v 8.8465023 0 11.07882786
v 8.98363972 0 10.94119835
v 9.10677624 0 10.79091167
v 9.21474934 0 10.62938595
v 9.30653954 0 10.45814514
v 9.38128185 0 10.27880669
v 9.43826962 0 10.0930624
v 9.4769659 0 9.90266418
v 9.49700546 0 9.70941067
v 9.49819851 0 9.51512432
v 9.4805336 0 9.32163811
v 9.44417953 0 9.13077927
v 9.38947678 0 8.94434929
v 9.31694317 0 8.7641058
v 9.2272625 0 8.59175205
v 9.12128162 0 8.42891216
v 7 0 9.60000038
v 5.70628309 0 8.71536827
v 5.83862877 0 8.48651695
v 5.59542704 0 8.98959064
v 5.53036118 0 9.25283623
v 5.50250864 0 9.49987316
v 5.50408745 0 9.72777939
v 5.52830887 0 9.93530846
v 5.62824821 0 10.30465984
v 5.76410007 0 10.59330082
v 5.91122961 0 10.81482697
v 6.05541801 0 10.98317814
v 6.33418798 0 11.22507858
v 6.65266657 0 11.4116354
v 7 0 11.53649139
v 6 0 8.2771244
v 8 0 9.60000038
v 7 0 6.19999981
v 6 0 6.7228756
v 5.8775177 0 6.56942368
v 5.77067184 0 6.40470123
v 5.6804924 0 6.23029613
v 5.60784769 0 6.04788923
v 5.55343866 0 5.85923815
v 5.51778984 0 5.66616154
v 5.50124359 0 5.47052002
v 8 0 6.19999981
v 7 0 4.69999981
v 5.50396061 0 5.27419853
v 5.52591372 0 5.07908916
v 5.56689215 0 4.88707304
v 5.62650061 0 4.69999981
v 8 0 4.69999981
v -47 15 37.5
v -47 0 37.5
v -47 0 52.5
v -47 15 52.5
v -45 0 37.5
v -45 0 52.5
v -45 15 52.5
v -45 15 37.5
v -45 9 43.5
v -45 9 46.5
v -45 6 46.5
v -45 6 43.5
v -44.2228775 6 43.5
v -44.2228775 9 43.5
v -44.2228775 6 46.5
v -44.2228775 9 46.5
v -44.01096725 9.16338348 43.33660889
v -44.01096725 5.83661604 43.33660889
v -43.78024673 9.29615593 43.2038269
v -43.78024673 5.70384407 43.2038269
v -43.53284836 5.60284758 43.10282898
v -43.53284836 9.3971529 43.10282898
v -43.31354141 5.54348373 43.04346848
v -43.31354141 9.45651627 43.04346848
v -42.93370819 5.50031137 43.00030518
v -42.93370819 9.4996891 43.00030518
v -42.55527878 5.5296855 43.02968597
v -42.55527878 9.47031498 43.02968597
v -42.20000076 5.62650061 43.12649918
v -42.20000076 9.37349987 43.12649918
v -42.46976471 5.54657793 46.95342255
v -42.20000076 5.62650061 46.87350082
v -42.74697495 5.50565338 46.99434662
v -43.0218277 5.5038228 46.99617386
v -43.24984741 5.53110552 46.96889114
v -43.61416626 5.63181877 46.86817932
v -43.94251251 5.79280567 46.70719528
v -42.20000076 9.37349987 46.87350082
v -42.55527878 9.47031498 46.97031403
v -42.93370819 9.4996891 46.99969482
v -43.31354141 9.45651627 46.95653152
v -43.53284836 9.3971529 46.89717102
v -43.78024673 9.29615593 46.7961731
v -44.01096725 9.16338348 46.66339111
v 90.7771225 0 2.25
v 89.2228775 0 2.25
v 89.2228775 15 2.25
v 90.7771225 15 2.25
v 90.93058014 0 2.1275177
v 90.93058014 15 2.1275177
v 91.09529877 0 2.02067184
v 91.09529877 15 2.02067184
v 91.26970673 0 1.93049228
v 91.26970673 15 1.93049228
v 91.45211029 0 1.85784793
v 91.45211029 15 1.85784793
v 91.64076233 0 1.8034389
v 91.64076233 15 1.8034389
v 91.83383942 0 1.7677896
v 91.83383942 15 1.7677896
v 92.02947998 15 1.75124359
v 92.02947998 0 1.75124359
v 92.22579956 0 1.75396049
v 92.22579956 15 1.75396049
v 92.4209137 0 1.77591383
v 92.4209137 15 1.77591383
v 92.6129303 0 1.81689215
v 92.6129303 15 1.81689215
v 92.80000305 0 1.87650061
v 92.80000305 15 1.87650061
v 88.78462982 0 5.54371691
v 87.90000153 0 4.25
v 89.01348114 0 5.41137123
v 88.51040649 0 5.65457296
v 88.24716187 0 5.71963882
v 88.0001297 0 5.74749136
v 87.7722168 0 5.74591255
v 87.56468964 0 5.72169113
v 87.19534302 0 5.62175179
v 86.90670013 0 5.48589993
v 86.68517303 0 5.33877039
v 86.51682281 0 5.19458199
v 86.2749176 0 4.91581202
v 86.08836365 0 4.59733343
v 85.96350861 0 4.25
v 89.2228775 0 5.25
v 87.90000153 0 3.25
v 86.70909119 0 2.14322352
v 86.55879974 0 2.26636004
v 86.4211731 0 2.4034977
v 86.29750061 0 2.55334258
v 86.18894958 0 2.7144804
v 86.09654236 0 2.88539076
v 86.02116394 0 3.06446075
v 85.96350861 0 3.25
v 86.8706131 0 2.03525066
v 87.04185486 0 1.94346011
v 87.22119141 0 1.86871815
v 87.40693665 0 1.81173027
v 87.59733582 0 1.7730341
v 87.79058838 0 1.75299489
v 87.98487854 0 1.75180185
v 88.17835999 0 1.76946604
v 88.36921692 0 1.80582094
v 88.5556488 0 1.86052334
v 88.73589325 0 1.93305707
v 88.9082489 0 2.02273774
v 89.0710907 0 2.12871861
v 91.30000305 0 4.25
v 90.7771225 0 5.25
v 90.93058014 0 5.3724823
v 91.09529877 0 5.47932816
v 91.26970673 0 5.5695076
v 91.45211029 0 5.64215231
v 91.64076233 0 5.69656134
v 91.83383942 0 5.73221016
v 92.02947998 0 5.74875641
v 91.30000305 0 3.25
v 92.80000305 0 4.25
v 92.22579956 0 5.74603939
v 92.4209137 0 5.72408628
v 92.6129303 0 5.68310785
v 92.80000305 0 5.62349939
v 92.80000305 0 3.25
v 85.96350861 15 3.25
v 86.02116394 15 3.06446075
v 86.09654236 15 2.88539076
v 86.18894958 15 2.7144804
v 86.29750061 15 2.55334258
v 86.4211731 15 2.4034977
v 86.55879974 15 2.26636004
v 86.70909119 15 2.14322352
v 86.8706131 15 2.03525066
v 87.04185486 15 1.94346011
v 87.22119141 15 1.86871815
v 87.40693665 15 1.81173027
v 87.59733582 15 1.7730341
v 87.79058838 15 1.75299489
v 87.98487854 15 1.75180185
v 88.17835999 15 1.76946604
v 88.36921692 15 1.80582094
v 88.5556488 15 1.86052334
v 88.73589325 15 1.93305707
v 88.9082489 15 2.02273774
v 89.0710907 15 2.12871861
v 87.90000153 15 4.25
v 88.78462982 15 5.54371691
v 89.01348114 15 5.41137123
v 88.51040649 15 5.65457296
v 88.24716187 15 5.71963882
v 88.0001297 15 5.74749136
v 87.7722168 15 5.74591255
v 87.56468964 15 5.72169113
v 87.19534302 15 5.62175179
v 86.90670013 15 5.48589993
v 86.68517303 15 5.33877039
v 86.51682281 15 5.19458199
v 86.2749176 15 4.91581202
v 86.08836365 15 4.59733343
v 85.96350861 15 4.25
v 89.2228775 15 5.25
v 87.90000153 15 3.25
v 91.30000305 15 4.25
v 90.7771225 15 5.25
v 90.93058014 15 5.3724823
v 91.09529877 15 5.47932816
v 91.26970673 15 5.5695076
v 91.45211029 15 5.64215231
v 91.64076233 15 5.69656134
v 91.83383942 15 5.73221016
v 92.02947998 15 5.74875641
v 91.30000305 15 3.25
v 92.80000305 15 4.25
v 92.22579956 15 5.74603939
v 92.4209137 15 5.72408628
v 92.6129303 15 5.68310785
v 92.80000305 15 5.62349939
v 92.80000305 15 3.25
v 87.90000153 0 5.75
v 87.70396423 0 5.74036932
v 87.90000153 15 5.75
v 87.70396423 15 5.74036932
v 87.50981903 0 5.71157074
v 87.50981903 15 5.71157074
v 87.31942749 15 5.66388083
v 87.31942749 0 5.66388083
v 87.13463593 0 5.59775925
v 87.13463593 15 5.59775925
v 86.95720673 0 5.51384258
v 86.95720673 15 5.51384258
v 86.78885651 0 5.41293907
v 86.78885651 15 5.41293907
v 86.63121033 0 5.29602098
v 86.63121033 15 5.29602098
v 86.48578644 0 5.16421366
v 86.48578644 15 5.16421366
v 86.35398102 0 5.01878643
v 86.35398102 15 5.01878643
v 86.23706055 0 4.86114025
v 86.23706055 15 4.86114025
v 86.13615417 0 4.69279337
v 86.13615417 15 4.69279337
v 86.05223846 15 4.51536703
v 86.05223846 0 4.51536703
v 85.98612213 0 4.33056927
v 85.98612213 15 4.33056927
v 85.93843079 15 4.14018059
v 85.93843079 0 4.14018059
v 85.90962982 15 3.94603419
v 85.90962982 0 3.94603419
v 85.90000153 0 3.75
v 85.90000153 15 3.75
v 85.90962982 15 3.55396581
v 85.90962982 0 3.55396581
v 85.93843079 0 3.35981941
v 85.93843079 15 3.35981941
v 85.98612213 15 3.16943073
v 85.98612213 0 3.16943073
v 86.05223846 0 2.98463321
v 86.05223846 15 2.98463321
v 86.13615417 15 2.80720663
v 86.13615417 0 2.80720663
v 86.23706055 15 2.63885951
v 86.23706055 0 2.63885951
v 86.35398102 15 2.48121333
v 86.35398102 0 2.48121333
v 86.48578644 0 2.33578634
v 86.48578644 15 2.33578634
v 86.63121033 15 2.20397902
v 86.63121033 0 2.20397902
v 86.78885651 0 2.08706069
v 86.78885651 15 2.08706069
v 86.95720673 0 1.98615742
v 86.95720673 15 1.98615742
v 87.13463593 15 1.90224099
v 87.13463593 0 1.90224099
v 87.31942749 0 1.83611929
v 87.31942749 15 1.83611929
v 87.50981903 15 1.7884295
v 87.50981903 0 1.7884295
v 87.70396423 0 1.75963056
v 87.70396423 15 1.75963056
v 87.90000153 0 1.75
v 87.90000153 15 1.75
v 76.03400421 15 2.05777025
v 75 15 0
v 75 15 2.25
v 75.7771225 15 2.25
v 76.22093964 15 1.95354879
v 76.43053436 15 1.86537576
v 76.64878082 15 1.8015641
v 76.8728714 15 1.76293945
v 77.09999847 15 1.75
v 77.44729614 15 1.78038526
v 81 15 0
v 77.67360687 15 1.83402252
v 77.98538208 15 1.95665145
v 75.9560318 15 5.39052773
v 75.7771225 15 5.25
v 75 15 5.25
v 80.78201294 15 1.07602549
v 81 15 0.77712435
v 80.62281036 15 1.40996492
v 78.27230072 15 2.12959385
v 78.52632904 15 2.34800696
v 80.52783203 15 1.76750863
v 80.50312042 15 1.98829877
v 78.74034119 15 2.60576534
v 75 15 7.5
v 76.57106018 15 5.67878389
v 76.35553741 15 5.60627747
v 76.14964294 15 5.5097785
v 76.78019714 15 5.72426414
v 80.50600433 15 2.25482893
v 78.9083252 15 2.89561582
v 77.09999847 15 5.75
v 80.5471344 15 2.5316422
v 79.02555084 15 3.20940471
v 77.48146057 15 5.71328402
v 80.62650299 15 2.79999995
v 79.08561707 15 3.51058936
v 79.0995636 15 3.79180646
v 84.16996002 15 0.99944651
v 84 15 0
v 84 15 0.77712435
v 79.07752228 15 4.04899836
v 79.02835846 15 4.28048849
v 78.95955658 15 4.48623991
v 84.30723572 15 1.24332011
v 78.77734375 15 4.83926868
v 78.57456207 15 5.10117292
v 78.37440491 15 5.29139376
v 78.18887329 15 5.42760277
v 84.37349701 15 2.79999995
v 77.8489151 15 5.60448599
v 81 15 7.5
v 84.46086884 15 1.70630383
v 84.40510559 15 1.49124777
v 84.49983215 15 2.0741899
v 84.47037506 15 2.44296384
v 90 15 0
v 88.08043671 15 1.75815606
v 88.25940704 15 1.78255785
v 88.43544006 15 1.82300615
v 88.60710907 15 1.87917125
v 88.77301025 15 1.95059502
v 88.93178558 15 2.036695
v 89.08215332 15 2.13676858
v 84 15 7.5
v 90 15 2.25
v 90 15 5.25
v 89.08215332 15 5.36323118
v 90 15 7.5
v 88.08043671 15 5.7418437
v 88.25940704 15 5.71744204
v 88.43544006 15 5.67699385
v 88.60710907 15 5.62082863
v 88.77301025 15 5.5494051
v 88.93178558 15 5.463305
v 89.08215332 0 5.36323118
v 88.93178558 0 5.463305
v 88.77301025 0 5.5494051
v 88.60710907 0 5.62082863
v 88.43544006 0 5.67699385
v 88.25940704 0 5.71744204
v 88.08043671 0 5.7418437
v 76.03400421 0 5.44222975
v 75 0 5.25
v 75.7771225 0 5.25
v 75 0 7.5
v 76.22093964 0 5.54645109
v 76.43053436 0 5.63462448
v 76.64878082 0 5.69843578
v 76.8728714 0 5.73706055
v 77.09999847 0 5.75
v 77.44729614 0 5.71961498
v 81 0 7.5
v 77.67360687 0 5.66597748
v 77.98538208 0 5.54334831
v 75.9560318 0 2.10947204
v 75.7771225 0 2.25
v 75 0 2.25
v 78.27230072 0 5.37040615
v 78.52632904 0 5.15199327
v 78.74034119 0 4.89423466
v 75 0 0
v 76.57106018 0 1.82121611
v 76.35553741 0 1.89372253
v 76.14964294 0 1.99022162
v 76.78019714 0 1.77573597
v 78.9083252 0 4.60438395
v 77.09999847 0 1.75
v 79.02555084 0 4.29059553
v 77.48146057 0 1.78671587
v 79.08561707 0 3.98941064
v 79.0995636 0 3.70819354
v 84 0 7.5
v 80.62650299 0 2.79999995
v 79.07752228 0 3.45100188
v 79.02835846 0 3.21951175
v 78.95955658 0 3.01375985
v 80.52962494 0 2.44296384
v 78.77734375 0 2.66073132
v 80.50016785 0 2.0741899
v 78.57456207 0 2.39882708
v 80.53913116 0 1.70630383
v 78.37440491 0 2.20860624
v 80.59489441 0 1.49124777
v 78.18887329 0 2.07239747
v 80.69276428 0 1.24332011
v 77.8489151 0 1.89551425
v 81 0 0
v 81 0 0.77712435
v 80.83003998 0 0.99944651
v 84.37349701 0 2.79999995
v 90 0 7.5
v 84.4528656 0 2.5316422
v 84.49399567 0 2.25482893
v 84.49687958 0 1.98829877
v 84.47216797 0 1.76750863
v 84 0 0
v 84.21798706 0 1.07602549
v 84 0 0.77712435
v 84.37718964 0 1.40996492
v 90 0 5.25
v 90 0 2.25
v 89.08215332 0 2.13676858
v 90 0 0
v 88.08043671 0 1.75815606
v 88.25940704 0 1.78255785
v 88.43544006 0 1.82300615
v 88.60710907 0 1.87917125
v 88.77301025 0 1.95059502
v 88.93178558 0 2.036695
v 60 -12.89999962 43
v 60 -12.70396614 43.00963211
v 60 -12.50981903 43.03842926
v 60 -12.31943035 43.08612061
v 60 -12.13463306 43.15224075
v 60 -11.95720673 43.23615646
v 60 -11.78885937 43.33705902
v 60 -11.63121319 43.45397949
v 60 -11.48578644 43.58578491
v 60 -11.35397911 43.73121262
v 60 -11.23706055 43.8888588
v 60 -11.13615704 44.0572052
v 60 -11.05224133 44.2346344
v 60 -10.98611927 44.41942978
v 60 -10.93842983 44.6098175
v 60 -10.90963078 44.80396652
v 60 -10.89999962 45
v 60 -10.90963078 45.19603348
v 60 -10.93842983 45.3901825
v 60 -10.98611927 45.58057022
v 60 -11.05224133 45.7653656
v 60 -11.13615704 45.9427948
v 60 -11.23706055 46.1111412
v 60 -11.35397911 46.26878738
v 60 -11.48578644 46.41421509
v 60 -11.63121319 46.54602051
v 60 -11.78885937 46.66294098
v 60 -11.95720673 46.76384354
v 60 -12.13463306 46.84775925
v 60 -12.31943035 46.91387939
v 60 -12.50981903 46.96157074
v 60 -12.70396614 46.99036789
v 60 -12.89999962 47
v 60 -1.03400159 46.69223022
v 60 0 48.75
v 60 0 46.5
v 60 -0.77712435 46.5
v 60 -1.22093701 46.79645157
v 60 -1.43053532 46.88462448
v 60 -1.6487838 46.94843674
v 60 -1.87286985 46.98706055
v 60 -2.0999999 47
v 60 -2.44729424 46.96961594
v 60 -6 48.75
v 60 -2.6736064 46.91597748
v 60 -2.9853816 46.79335022
v 60 -0.95603055 43.35947037
v 60 -0.77712435 43.5
v 60 0 43.5
v 60 -5.78201485 47.67397308
v 60 -6 47.9728775
v 60 -5.62280893 47.34003448
v 60 -3.27229786 46.6204071
v 60 -3.52632713 46.4019928
v 60 -5.52783108 46.98249054
v 60 -5.50312233 46.76169968
v 60 -3.74034333 46.1442337
v 60 0 41.25
v 60 -1.57105637 43.07121658
v 60 -1.3555367 43.14372253
v 60 -1.14964294 43.24022293
v 60 -1.78019404 43.02573776
v 60 -5.50600338 46.49517059
v 60 -3.90832162 45.85438538
v 60 -2.0999999 43
v 60 -5.54713488 46.21835709
v 60 -4.0255518 45.54059601
v 60 -2.48145938 43.03671646
v 60 -5.62650061 45.95000076
v 60 -4.0856185 45.2394104
v 60 -4.09956312 44.95819473
v 60 -9.16996384 47.75055313
v 60 -9 48.75
v 60 -9 47.9728775
v 60 -5.62650061 44.04999924
v 60 -4.07752275 44.70100021
v 60 -4.02836084 44.46951294
v 60 -5.56689215 43.86292648
v 60 -3.95955586 44.26375961
v 60 -9.30723381 47.50667953
v 60 -5.52591372 43.67090988
v 60 -3.77734709 43.91073227
v 60 -5.50396061 43.47580338
v 60 -5.50124359 43.27947998
v 60 -3.57455945 43.6488266
v 60 -5.51778984 43.08383942
v 60 -5.55343866 42.89076233
v 60 -3.37440276 43.45860672
v 60 -5.60784769 42.70211029
v 60 -3.1888752 43.32239914
v 60 -5.6804924 42.51970291
v 60 -9.37349987 45.95000076
v 60 -5.77067184 42.34529877
v 60 -2.84891844 43.14551544
v 60 -6 41.25
v 60 -5.8775177 42.18057632
v 60 -6 42.0271225
v 60 -9.46086788 47.04369736
v 60 -9.40510368 47.25875092
v 60 -9.49983215 46.67581177
v 60 -9.47037411 46.30703735
v 60 -9.37349987 44.04999924
v 60 -15 48.75
v 60 -13.08043766 46.99184418
v 60 -13.25940418 46.96744156
v 60 -13.43543911 46.92699432
v 60 -9.43310738 43.86292648
v 60 -13.60710716 46.87083054
v 60 -9.47408581 43.67090988
v 60 -13.77300739 46.79940414
v 60 -9.49603939 43.47580338
v 60 -13.93178749 46.71330643
v 60 -9.49875641 43.27947998
v 60 -14.08215237 46.61323166
v 60 -9.48221016 43.08383942
v 60 -9 41.25
v 60 -9.1224823 42.18057632
v 60 -9 42.0271225
v 60 -9.22932816 42.34529877
v 60 -9.44656086 42.89076233
v 60 -9.39215183 42.70211029
v 60 -9.3195076 42.51970291
v 60 -15 46.5
v 60 -14.2228756 46.5
v 60 -15 43.5
v 60 -14.2228756 43.5
v 60 -14.08215237 43.38676834
v 60 -15 41.25
v 60 -13.08043766 43.00815582
v 60 -13.25940418 43.03255844
v 60 -13.43543911 43.07300568
v 60 -13.60710716 43.12916946
v 60 -13.77300739 43.20059586
v 60 -13.93178749 43.28669357
v 75 -1.03400159 43.30776978
v 75 -1.22093701 43.20354843
v 75 -1.43053532 43.11537552
v 75 -1.6487838 43.05156326
v 75 -1.87286985 43.01293945
v 75 -2.44729424 43.03038406
v 75 -2.6736064 43.08402252
v 75 -2.9853816 43.20664978
v 75 -0.95603055 46.64052963
v 75 -3.27229786 43.3795929
v 75 -3.52632713 43.5980072
v 75 -3.74034333 43.8557663
v 75 -1.57105637 46.92878342
v 75 -1.3555367 46.85627747
v 75 -1.14964294 46.75977707
v 75 -1.78019404 46.97426224
v 75 -3.90832162 44.14561462
v 75 -4.0255518 44.45940399
v 75 -2.48145938 46.96328354
v 75 -4.0856185 44.7605896
v 75 -4.09956312 45.04180527
v 75 -4.07752275 45.29899979
v 75 -4.02836084 45.53048706
v 75 -3.95955586 45.73624039
v 75 -5.52962637 46.30703735
v 75 -3.77734709 46.08926773
v 75 -5.50016785 46.67581177
v 75 -3.57455945 46.3511734
v 75 -5.53913212 47.04369736
v 75 -3.37440276 46.54139328
v 75 -5.59489679 47.25875092
v 75 -3.1888752 46.67760086
v 75 -5.69276619 47.50667953
v 75 -2.84891844 46.85448456
v 75 -5.83003616 47.75055313
v 75 -9.45286465 46.21835709
v 75 -9.49399662 46.49517059
v 75 -9.49687767 46.76169968
v 75 -9.47216892 46.98249054
v 75 -9.21798515 47.67397308
v 75 -9.37719154 47.34003448
v 12.89999962 0 5.75
v 12.70396614 0 5.74036932
v 12.89999962 15 5.75
v 12.70396614 15 5.74036932
v 12.50981903 0 5.71157074
v 12.50981903 15 5.71157074
v 12.31943035 15 5.66388083
v 12.31943035 0 5.66388083
v 12.13463306 0 5.59775925
v 12.13463306 15 5.59775925
v 11.95720673 0 5.51384258
v 11.95720673 15 5.51384258
v 11.78885937 0 5.41293907
v 11.78885937 15 5.41293907
v 11.63121319 0 5.29602098
v 11.63121319 15 5.29602098
v 11.48578644 0 5.16421366
v 11.48578644 15 5.16421366
v 11.35397911 0 5.01878643
v 11.35397911 15 5.01878643
v 11.23706055 0 4.86114025
v 11.23706055 15 4.86114025
v 11.13615704 0 4.69279337
v 11.13615704 15 4.69279337
v 11.05224133 15 4.51536703
v 11.05224133 0 4.51536703
v 10.98611927 0 4.33056927
v 10.98611927 15 4.33056927
v 10.93842983 15 4.14018059
v 10.93842983 0 4.14018059
v 10.90963078 15 3.94603419
v 10.90963078 0 3.94603419
v 10.89999962 0 3.75
v 10.89999962 15 3.75
v 10.90963078 15 3.55396581
v 10.90963078 0 3.55396581
v 10.93842983 0 3.35981941
v 10.93842983 15 3.35981941
v 10.98611927 15 3.16943073
v 10.98611927 0 3.16943073
v 11.05224133 0 2.98463321
v 11.05224133 15 2.98463321
v 11.13615704 15 2.80720663
v 11.13615704 0 2.80720663
v 11.23706055 15 2.63885951
v 11.23706055 0 2.63885951
v 11.35397911 15 2.48121333
v 11.35397911 0 2.48121333
v 11.48578644 0 2.33578634
v 11.48578644 15 2.33578634
v 11.63121319 15 2.20397902
v 11.63121319 0 2.20397902
v 11.78885937 0 2.08706069
v 11.78885937 15 2.08706069
v 11.95720673 0 1.98615742
v 11.95720673 15 1.98615742
v 12.13463306 15 1.90224099
v 12.13463306 0 1.90224099
v 12.31943035 0 1.83611929
v 12.31943035 15 1.83611929
v 12.50981903 15 1.7884295
v 12.50981903 0 1.7884295
v 12.70396614 0 1.75963056
v 12.70396614 15 1.75963056
v 12.89999962 0 1.75
v 12.89999962 15 1.75
v 1.03400159 15 2.05777025
v 0 15 0
v 0 15 2.25
v 0.77712435 15 2.25
v 1.22093701 15 1.95354879
v 1.43053532 15 1.86537576
v 1.6487838 15 1.8015641
v 1.87286985 15 1.76293945
v 2.0999999 15 1.75
v 2.44729424 15 1.78038526
v 6 15 0
v 2.6736064 15 1.83402252
v 2.9853816 15 1.95665145
v 0.95603055 15 5.39052773
v 0.77712435 15 5.25
v 0 15 5.25
v 5.78201485 15 1.07602549
v 6 15 0.77712435
v 5.62280893 15 1.40996492
v 3.27229786 15 2.12959385
v 3.52632713 15 2.34800696
v 5.52783108 15 1.76750863
v 5.50312233 15 1.98829877
v 3.74034333 15 2.60576534
v 0 15 7.5
v 1.57105637 15 5.67878389
v 1.3555367 15 5.60627747
v 1.14964294 15 5.5097785
v 1.78019404 15 5.72426414
v 5.50600338 15 2.25482893
v 3.90832162 15 2.89561582
v 2.0999999 15 5.75
v 5.54713488 15 2.5316422
v 4.0255518 15 3.20940471
v 2.48145938 15 5.71328402
v 5.62650061 15 2.79999995
v 4.0856185 15 3.51058936
v 4.09956312 15 3.79180646
v 9.16996384 15 0.99944651
v 9 15 0
v 9 15 0.77712435
v 4.07752275 15 4.04899836
v 4.02836084 15 4.28048849
v 3.95955586 15 4.48623991
v 9.30723381 15 1.24332011
v 3.77734709 15 4.83926868
v 3.57455945 15 5.10117292
v 3.37440276 15 5.29139376
v 3.1888752 15 5.42760277
v 9.37349987 15 2.79999995
v 2.84891844 15 5.60448599
v 6 15 7.5
v 9.46086788 15 1.70630383
v 9.40510368 15 1.49124777
v 9.49983215 15 2.0741899
v 9.47037411 15 2.44296384
v 15 15 0
v 13.08043766 15 1.75815606
v 13.25940418 15 1.78255785
v 13.43543911 15 1.82300615
v 13.60710716 15 1.87917125
v 13.77300739 15 1.95059502
v 13.93178749 15 2.036695
v 14.08215237 15 2.13676858
v 9 15 7.5
v 15 15 2.25
v 14.2228756 15 2.25
v 15 15 5.25
v 14.2228756 15 5.25
v 14.08215237 15 5.36323118
v 15 15 7.5
v 13.08043766 15 5.7418437
v 13.25940418 15 5.71744204
v 13.43543911 15 5.67699385
v 13.60710716 15 5.62082863
v 13.77300739 15 5.5494051
v 13.93178749 15 5.463305
v 14.2228756 0 5.25
v 14.08215237 0 5.36323118
v 13.93178749 0 5.463305
v 13.77300739 0 5.5494051
v 13.60710716 0 5.62082863
v 13.43543911 0 5.67699385
v 13.25940418 0 5.71744204
v 13.08043766 0 5.7418437
v 1.03400159 0 5.44222975
v 0 0 5.25
v 0.77712435 0 5.25
v 0 0 7.5
v 1.22093701 0 5.54645109
v 1.43053532 0 5.63462448
v 1.6487838 0 5.69843578
v 1.87286985 0 5.73706055
v 2.0999999 0 5.75
v 2.44729424 0 5.71961498
v 6 0 7.5
v 2.6736064 0 5.66597748
v 2.9853816 0 5.54334831
v 0.95603055 0 2.10947204
v 0.77712435 0 2.25
v 0 0 2.25
v 3.27229786 0 5.37040615
v 3.52632713 0 5.15199327
v 3.74034333 0 4.89423466
v 0 0 0
v 1.57105637 0 1.82121611
v 1.3555367 0 1.89372253
v 1.14964294 0 1.99022162
v 1.78019404 0 1.77573597
v 3.90832162 0 4.60438395
v 2.0999999 0 1.75
v 4.0255518 0 4.29059553
v 2.48145938 0 1.78671587
v 4.0856185 0 3.98941064
v 4.09956312 0 3.70819354
v 9 0 7.5
v 5.62650061 0 2.79999995
v 4.07752275 0 3.45100188
v 4.02836084 0 3.21951175
v 3.95955586 0 3.01375985
v 5.52962637 0 2.44296384
v 3.77734709 0 2.66073132
v 5.50016785 0 2.0741899
v 3.57455945 0 2.39882708
v 5.53913212 0 1.70630383
v 3.37440276 0 2.20860624
v 5.59489679 0 1.49124777
v 3.1888752 0 2.07239747
v 5.69276619 0 1.24332011
v 2.84891844 0 1.89551425
v 6 0 0
v 6 0 0.77712435
v 5.83003616 0 0.99944651
v 9.37349987 0 2.79999995
v 15 0 7.5
v 9.45286465 0 2.5316422
v 9.49399662 0 2.25482893
v 9.49687767 0 1.98829877
v 9.47216892 0 1.76750863
v 9 0 0
v 9.21798515 0 1.07602549
v 9 0 0.77712435
v 9.37719154 0 1.40996492
v 15 0 5.25
v 15 0 2.25
v 14.2228756 0 2.25
v 14.08215237 0 2.13676858
v 15 0 0
v 13.08043766 0 1.75815606
v 13.25940418 0 1.78255785
v 13.43543911 0 1.82300615
v 13.60710716 0 1.87917125
v 13.77300739 0 1.95059502
v 13.93178749 0 2.036695
v 45 -12.89999962 43
v 45 -12.70396614 43.00963211
v 45 -12.50981903 43.03842926
v 45 -12.31943035 43.08612061
v 45 -12.13463306 43.15224075
v 45 -11.95720673 43.23615646
v 45 -11.78885937 43.33705902
v 45 -11.63121319 43.45397949
v 45 -11.48578644 43.58578491
v 45 -11.35397911 43.73121262
v 45 -11.23706055 43.8888588
v 45 -11.13615704 44.0572052
v 45 -11.05224133 44.2346344
v 45 -10.98611927 44.41942978
v 45 -10.93842983 44.6098175
v 45 -10.90963078 44.80396652
v 45 -10.89999962 45
v 45 -10.90963078 45.19603348
v 45 -10.93842983 45.3901825
v 45 -10.98611927 45.58057022
v 45 -11.05224133 45.7653656
v 45 -11.13615704 45.9427948
v 45 -11.23706055 46.1111412
v 45 -11.35397911 46.26878738
v 45 -11.48578644 46.41421509
v 45 -11.63121319 46.54602051
v 45 -11.78885937 46.66294098
v 45 -11.95720673 46.76384354
v 45 -12.13463306 46.84775925
v 45 -12.31943035 46.91387939
v 45 -12.50981903 46.96157074
v 45 -12.70396614 46.99036789
v 45 -12.89999962 47
v 45 -1.03400159 46.69223022
v 45 0 46.5
v 45 -1.22093701 46.79645157
v 45 -1.43053532 46.88462448
v 45 -1.6487838 46.94843674
v 45 -1.87286985 46.98706055
v 45 -2.0999999 47
v 45 -2.44729424 46.96961594
v 45 -6 48.75
v 45 -2.6736064 46.91597748
v 45 -2.9853816 46.79335022
v 45 -0.95603055 43.35947037
v 45 0 43.5
v 45 -5.78201485 47.67397308
v 45 -6 47.9728775
v 45 -5.62280893 47.34003448
v 45 -3.27229786 46.6204071
v 45 -3.52632713 46.4019928
v 45 -5.52783108 46.98249054
v 45 -5.50312233 46.76169968
v 45 -3.74034333 46.1442337
v 45 0 41.25
v 45 -1.57105637 43.07121658
v 45 -1.3555367 43.14372253
v 45 -1.14964294 43.24022293
v 45 -1.78019404 43.02573776
v 45 -5.50600338 46.49517059
v 45 -3.90832162 45.85438538
v 45 -2.0999999 43
v 45 -5.54713488 46.21835709
v 45 -4.0255518 45.54059601
v 45 -2.48145938 43.03671646
v 45 -5.62650061 45.95000076
v 45 -4.0856185 45.2394104
v 45 -4.09956312 44.95819473
v 45 -9.16996384 47.75055313
v 45 -9 48.75
v 45 -9 47.9728775
v 45 -5.62650061 44.04999924
v 45 -4.07752275 44.70100021
v 45 -4.02836084 44.46951294
v 45 -5.56689215 43.86292648
v 45 -3.95955586 44.26375961
v 45 -9.30723381 47.50667953
v 45 -5.52591372 43.67090988
v 45 -3.77734709 43.91073227
v 45 -5.50396061 43.47580338
v 45 -5.50124359 43.27947998
v 45 -3.57455945 43.6488266
v 45 -5.51778984 43.08383942
v 45 -5.55343866 42.89076233
v 45 -3.37440276 43.45860672
v 45 -5.60784769 42.70211029
v 45 -3.1888752 43.32239914
v 45 -5.6804924 42.51970291
v 45 -9.37349987 45.95000076
v 45 -5.77067184 42.34529877
v 45 -2.84891844 43.14551544
v 45 -6 41.25
v 45 -5.8775177 42.18057632
v 45 -6 42.0271225
v 45 -9.46086788 47.04369736
v 45 -9.40510368 47.25875092
v 45 -9.49983215 46.67581177
v 45 -9.47037411 46.30703735
v 45 -9.37349987 44.04999924
v 45 -15 48.75
v 45 -13.08043766 46.99184418
v 45 -13.25940418 46.96744156
v 45 -13.43543911 46.92699432
v 45 -9.43310738 43.86292648
v 45 -13.60710716 46.87083054
v 45 -9.47408581 43.67090988
v 45 -13.77300739 46.79940414
v 45 -9.49603939 43.47580338
v 45 -13.93178749 46.71330643
v 45 -9.49875641 43.27947998
v 45 -14.08215237 46.61323166
v 45 -9.48221016 43.08383942
v 45 -9 41.25
v 45 -9.1224823 42.18057632
v 45 -9 42.0271225
v 45 -9.22932816 42.34529877
v 45 -9.44656086 42.89076233
v 45 -9.39215183 42.70211029
v 45 -9.3195076 42.51970291
v 45 -15 46.5
v 45 -14.2228756 46.5
v 45 -15 43.5
v 45 -14.2228756 43.5
v 45 -14.08215237 43.38676834
v 45 -15 41.25
v 45 -13.08043766 43.00815582
v 45 -13.25940418 43.03255844
v 45 -13.43543911 43.07300568
v 45 -13.60710716 43.12916946
v 45 -13.77300739 43.20059586
v 45 -13.93178749 43.28669357
v 60 -1.03400159 43.30776978
v 60 -1.22093701 43.20354843
v 60 -1.43053532 43.11537552
v 60 -1.6487838 43.05156326
v 60 -1.87286985 43.01293945
v 60 -2.44729424 43.03038406
v 60 -2.6736064 43.08402252
v 60 -2.9853816 43.20664978
v 60 -0.95603055 46.64052963
v 60 -3.27229786 43.3795929
v 60 -3.52632713 43.5980072
v 60 -3.74034333 43.8557663
v 60 -1.57105637 46.92878342
v 60 -1.3555367 46.85627747
v 60 -1.14964294 46.75977707
v 60 -1.78019404 46.97426224
v 60 -3.90832162 44.14561462
v 60 -4.0255518 44.45940399
v 60 -2.48145938 46.96328354
v 60 -4.0856185 44.7605896
v 60 -4.09956312 45.04180527
v 60 -4.07752275 45.29899979
v 60 -4.02836084 45.53048706
v 60 -3.95955586 45.73624039
v 60 -5.52962637 46.30703735
v 60 -3.77734709 46.08926773
v 60 -5.50016785 46.67581177
v 60 -3.57455945 46.3511734
v 60 -5.53913212 47.04369736
v 60 -3.37440276 46.54139328
v 60 -5.59489679 47.25875092
v 60 -3.1888752 46.67760086
v 60 -5.69276619 47.50667953
v 60 -2.84891844 46.85448456
v 60 -5.83003616 47.75055313
v 60 -9.45286465 46.21835709
v 60 -9.49399662 46.49517059
v 60 -9.49687767 46.76169968
v 60 -9.47216892 46.98249054
v 60 -9.21798515 47.67397308
v 60 -9.37719154 47.34003448
usemtl mat0
f 4232 4233 4234
f 4232 4235 4233
f 4236 4233 4237
f 4236 4234 4233
f 4238 4237 4239
f 4238 4236 4237
f 4240 4239 4241
f 4240 4238 4239
f 4242 4241 4243
f 4242 4240 4241
f 4244 4243 4245
f 4244 4242 4243
f 4246 4245 4247
f 4246 4244 4245
f 4248 4247 4249
f 4248 4249 4250
f 4248 4246 4247
f 4251 4248 4250
f 4252 4250 4253
f 4252 4251 4250
f 4254 4253 4255
f 4254 4252 4253
f 4256 4255 4257
f 4256 4254 4255
f 4258 4259 4260
f 4261 4259 4258
f 4262 4259 4261
f 4263 4259 4262
f 4264 4259 4263
f 4265 4259 4264
f 4266 4259 4265
f 4267 4259 4266
f 4268 4259 4267
f 4269 4259 4268
f 4270 4259 4269
f 4271 4259 4270
f 4272 4259 4271
f 4259 4273 4260
f 4259 4274 4273
f 4275 4274 4276
f 4276 4274 4277
f 4277 4274 4278
f 4278 4274 4279
f 4279 4274 4280
f 4280 4274 4281
f 4281 4274 4282
f 4275 4283 4274
f 4283 4284 4274
f 4284 4285 4274
f 4285 4286 4274
f 4286 4287 4274
f 4287 4288 4274
f 4288 4289 4274
f 4289 4290 4274
f 4290 4291 4274
f 4291 4292 4274
f 4292 4293 4274
f 4293 4294 4274
f 4294 4295 4274
f 4274 4232 4273
f 4295 4232 4274
f 4273 4296 4297
f 4297 4296 4298
f 4298 4296 4299
f 4299 4296 4300
f 4232 4296 4273
f 4300 4296 4301
f 4301 4296 4302
f 4302 4296 4303
f 4303 4296 4304
f 4232 4305 4296
f 4232 4234 4305
f 4296 4306 4304
f 4304 4306 4307
f 4307 4306 4308
f 4308 4306 4309
f 4309 4306 4310
f 4234 4236 4305
f 4236 4238 4305
f 4238 4240 4305
f 4240 4242 4305
f 4242 4244 4305
f 4244 4246 4305
f 4305 4248 4311
f 4246 4248 4305
f 4248 4251 4311
f 4251 4252 4311
f 4252 4254 4311
f 4254 4256 4311
f 4282 4312 4313
f 4281 4313 4314
f 4281 4282 4313
f 4280 4314 4315
f 4280 4281 4314
f 4279 4315 4316
f 4279 4280 4315
f 4278 4316 4317
f 4278 4279 4316
f 4277 4317 4318
f 4277 4278 4317
f 4276 4318 4319
f 4276 4277 4318
f 4275 4319 4320
f 4275 4276 4319
f 4283 4320 4321
f 4283 4275 4320
f 4284 4321 4322
f 4284 4283 4321
f 4285 4322 4323
f 4285 4284 4322
f 4286 4323 4324
f 4286 4285 4323
f 4287 4324 4325
f 4287 4286 4324
f 4288 4287 4325
f 4288 4325 4326
f 4289 4288 4326
f 4289 4326 4327
f 4290 4289 4327
f 4290 4327 4328
f 4291 4290 4328
f 4291 4328 4329
f 4292 4291 4329
f 4292 4329 4330
f 4293 4292 4330
f 4293 4330 4331
f 4294 4293 4331
f 4294 4331 4332
f 4295 4294 4332
f 4295 4332 4235
f 4232 4295 4235
f 4333 4334 4335
f 4333 4336 4334
f 4333 4337 4336
f 4333 4338 4337
f 4333 4339 4338
f 4333 4340 4339
f 4333 4341 4340
f 4333 4342 4341
f 4333 4343 4342
f 4333 4344 4343
f 4333 4345 4344
f 4333 4346 4345
f 4333 4347 4346
f 4348 4333 4335
f 4349 4333 4348
f 4349 4313 4312
f 4349 4314 4313
f 4349 4315 4314
f 4349 4316 4315
f 4349 4317 4316
f 4349 4318 4317
f 4349 4319 4318
f 4320 4319 4349
f 4321 4320 4349
f 4322 4321 4349
f 4323 4322 4349
f 4324 4323 4349
f 4325 4324 4349
f 4326 4325 4349
f 4327 4326 4349
f 4328 4327 4349
f 4329 4328 4349
f 4330 4329 4349
f 4331 4330 4349
f 4332 4331 4349
f 4235 4349 4348
f 4235 4332 4349
f 4350 4235 4348
f 4350 4348 4351
f 4350 4351 4352
f 4350 4352 4353
f 4350 4353 4354
f 4350 4354 4355
f 4350 4355 4356
f 4350 4356 4357
f 4350 4357 4358
f 4359 4235 4350
f 4233 4235 4359
f 4360 4358 4361
f 4360 4361 4362
f 4360 4362 4363
f 4360 4363 4364
f 4360 4350 4358
f 4237 4233 4359
f 4239 4237 4359
f 4241 4239 4359
f 4243 4241 4359
f 4245 4243 4359
f 4247 4245 4359
f 4249 4359 4365
f 4249 4247 4359
f 4250 4249 4365
f 4253 4250 4365
f 4255 4253 4365
f 4257 4255 4365
f 4365 4311 4257
f 4311 4256 4257
f 4305 4311 4365
f 4305 4365 4359
f 4350 4305 4359
f 4296 4305 4350
f 4360 4296 4350
f 4306 4296 4360
f 4364 4310 4306
f 4364 4306 4360
f 4310 4364 4363
f 4309 4363 4362
f 4309 4310 4363
f 4308 4362 4361
f 4308 4309 4362
f 4307 4308 4361
f 4304 4361 4358
f 4304 4307 4361
f 4303 4358 4357
f 4303 4304 4358
f 4302 4356 4355
f 4302 4357 4356
f 4302 4303 4357
f 4301 4302 4355
f 4300 4355 4354
f 4300 4301 4355
f 4299 4354 4353
f 4299 4300 4354
f 4298 4353 4352
f 4298 4299 4353
f 4297 4352 4351
f 4297 4298 4352
f 4297 4351 4348
f 4273 4297 4348
f 4335 4273 4348
f 4260 4273 4335
f 4258 4335 4334
f 4258 4260 4335
f 4261 4334 4336
f 4261 4258 4334
f 4262 4336 4337
f 4262 4261 4336
f 4263 4337 4338
f 4263 4262 4337
f 4339 4263 4338
f 4264 4263 4339
f 4265 4339 4340
f 4265 4264 4339
f 4266 4340 4341
f 4266 4265 4340
f 4267 4341 4342
f 4267 4266 4341
f 4268 4342 4343
f 4268 4267 4342
f 4269 4343 4344
f 4269 4268 4343
f 4270 4344 4345
f 4270 4269 4344
f 4346 4270 4345
f 4271 4270 4346
f 4272 4346 4347
f 4272 4271 4346
f 4347 4333 4259
f 4347 4259 4272
f 4259 4333 4274
f 4274 4333 4349
f 4312 4274 4349
f 4312 4282 4274
f 4366 4367 4368
f 4368 4367 4369
f 4369 4367 4370
f 4367 4371 4370
f 4370 4372 4373
f 4371 4372 4370
f 4373 4374 4375
f 4372 4374 4373
f 4375 4376 4377
f 4374 4376 4375
f 4377 4378 4379
f 4376 4378 4377
f 4379 4380 4381
f 4378 4380 4379
f 4381 4382 4383
f 4380 4382 4381
f 4384 4385 4386
f 4368 4385 4384
f 4369 4387 4385
f 4369 4385 4368
f 4370 4387 4369
f 4373 4387 4370
f 4375 4387 4373
f 4377 4387 4375
f 4379 4387 4377
f 4388 4379 4381
f 4388 4381 4383
f 4388 4387 4379
f 4389 4390 4391
f 4389 4391 4392
f 4389 4392 4393
f 4389 4393 4386
f 4389 4386 4385
f 4394 4395 4396
f 4397 4396 4398
f 4397 4398 4399
f 4397 4399 4400
f 4397 4400 4390
f 4397 4390 4389
f 4397 4394 4396
f 4401 4402 4386
f 4386 4402 4384
f 4402 4403 4384
f 4384 4404 4368
f 4403 4404 4384
f 4404 4366 4368
f 4405 4406 4407
f 4407 4408 4409
f 4406 4408 4407
f 4410 4411 4412
f 4409 4401 4413
f 4408 4401 4409
f 4408 4402 4401
f 4408 4403 4402
f 4408 4404 4403
f 4408 4366 4404
f 4408 4367 4366
f 4408 4371 4367
f 4408 4372 4371
f 4408 4374 4372
f 4408 4376 4374
f 4408 4378 4376
f 4408 4380 4378
f 4412 4382 4408
f 4411 4382 4412
f 4408 4382 4380
f 4414 4415 4411
f 4411 4415 4382
f 4415 4383 4382
f 4415 4388 4383
f 4416 4417 4415
f 4414 4416 4415
f 4387 4415 4417
f 4388 4415 4387
f 4397 4414 4394
f 4397 4416 4414
f 4418 4419 4420
f 4417 4419 4418
f 4387 4418 4385
f 4387 4417 4418
f 4421 4389 4385
f 4421 4385 4422
f 4418 4422 4385
f 4423 4422 4418
f 4424 4421 4425
f 4424 4389 4421
f 4424 4397 4389
f 4424 4426 4427
f 4416 4397 4424
f 4416 4424 4427
f 4394 4414 4395
f 4395 4414 4411
f 4411 4410 4395
f 4395 4410 4396
f 4396 4412 4398
f 4410 4412 4396
f 4398 4408 4399
f 4412 4408 4398
f 4399 4406 4400
f 4408 4406 4399
f 4400 4405 4390
f 4406 4405 4400
f 4390 4407 4391
f 4405 4407 4390
f 4407 4409 4391
f 4391 4409 4392
f 4392 4413 4393
f 4409 4413 4392
f 4393 4413 4401
f 4393 4401 4386
f 4428 4427 4419
f 4428 4429 4427
f 4416 4429 4430
f 4416 4427 4429
f 4417 4430 4431
f 4417 4431 4428
f 4417 4428 4419
f 4417 4416 4430
f 4427 4426 4420
f 4427 4420 4419
f 4426 4432 4420
f 4433 4432 4426
f 4418 4420 4432
f 4423 4418 4432
f 4424 4425 4433
f 4424 4433 4426
f 4434 4421 4422
f 4434 4422 4435
f 4425 4421 4434
f 4425 4434 4433
f 4422 4423 4435
f 4435 4423 4432
f 4436 4429 4428
f 4436 4428 4437
f 4438 4430 4429
f 4438 4429 4436
f 4430 4439 4431
f 4430 4438 4439
f 4431 4437 4428
f 4431 4439 4437
f 4432 4434 4435
f 4433 4434 4432
f 4440 4436 4437
f 4440 4437 4441
f 4442 4441 4443
f 4442 4440 4441
f 4444 4442 4443
f 4445 4444 4443
f 4446 4444 4445
f 4447 4446 4445
f 4448 4447 4449
f 4448 4446 4447
f 4450 4449 4451
f 4450 4448 4449
f 4452 4451 4453
f 4452 4450 4451
f 4440 4438 4436
f 4454 4438 4440
f 4442 4454 4440
f 4455 4442 4444
f 4455 4454 4442
f 4456 4444 4446
f 4456 4455 4444
f 4457 4446 4448
f 4457 4456 4446
f 4458 4448 4450
f 4458 4457 4448
f 4459 4458 4450
f 4452 4459 4450
f 4460 4459 4452
f 4459 4460 4461
f 4459 4461 4462
f 4458 4462 4463
f 4458 4459 4462
f 4457 4458 4463
f 4464 4457 4463
f 4456 4457 4464
f 4465 4456 4464
f 4455 4465 4466
f 4455 4456 4465
f 4454 4466 4467
f 4454 4455 4466
f 4438 4467 4439
f 4438 4454 4467
f 4451 4461 4453
f 4462 4451 4449
f 4462 4461 4451
f 4463 4449 4447
f 4463 4462 4449
f 4464 4447 4445
f 4464 4463 4447
f 4465 4445 4443
f 4465 4464 4445
f 4466 4465 4443
f 4441 4466 4443
f 4467 4466 4441
f 4437 4467 4441
f 4439 4467 4437
f 4453 4460 4452
f 4461 4460 4453
f 4468 4469 4470
f 4468 4470 4471
f 4469 4472 4473
f 4469 4473 4470
f 4470 4473 4474
f 4470 4474 4471
f 4475 4468 4471
f 4475 4471 4474
f 4472 4469 4468
f 4472 4468 4475
f 4476 4477 4474
f 4478 4474 4477
f 4479 4478 4480
f 4479 4474 4478
f 4473 4480 4476
f 4473 4476 4474
f 4481 4480 4473
f 4481 4479 4480
f 4482 4481 4473
f 4483 4484 4482
f 4475 4479 4484
f 4475 4484 4483
f 4475 4474 4479
f 4485 4475 4483
f 4486 4483 4482
f 4487 4475 4485
f 4472 4487 4486
f 4472 4482 4473
f 4472 4486 4482
f 4472 4475 4487
f 4476 4488 4477
f 4476 4489 4488
f 4490 4478 4477
f 4490 4477 4488
f 4491 4480 4478
f 4491 4478 4490
f 4480 4489 4476
f 4480 4491 4489
f 4492 4485 4483
f 4492 4483 4493
f 4494 4487 4485
f 4494 4485 4492
f 4487 4495 4486
f 4487 4494 4495
f 4486 4493 4483
f 4486 4495 4493
f 4481 4496 4479
f 4481 4497 4496
f 4498 4484 4479
f 4498 4479 4496
f 4499 4482 4484
f 4499 4484 4498
f 4482 4497 4481
f 4482 4499 4497
f 4500 4501 4502
f 4500 4502 4503
f 4504 4503 4505
f 4504 4500 4503
f 4506 4504 4505
f 4507 4504 4506
f 4508 4507 4506
f 4509 4507 4508
f 4510 4508 4511
f 4510 4509 4508
f 4512 4510 4511
f 4513 4510 4512
f 4488 4513 4512
f 4489 4513 4488
f 4512 4490 4488
f 4514 4490 4512
f 4511 4514 4512
f 4515 4511 4508
f 4515 4514 4511
f 4516 4508 4506
f 4516 4515 4508
f 4517 4506 4505
f 4517 4516 4506
f 4518 4505 4503
f 4518 4517 4505
f 4519 4518 4503
f 4502 4519 4503
f 4520 4519 4502
f 4521 4491 4490
f 4521 4490 4514
f 4522 4514 4515
f 4522 4521 4514
f 4523 4522 4515
f 4516 4523 4515
f 4524 4523 4516
f 4517 4524 4516
f 4525 4517 4518
f 4525 4524 4517
f 4526 4518 4519
f 4526 4525 4518
f 4527 4519 4520
f 4527 4526 4519
f 4500 4527 4501
f 4526 4527 4500
f 4504 4526 4500
f 4525 4526 4504
f 4524 4504 4507
f 4524 4525 4504
f 4509 4524 4507
f 4523 4524 4509
f 4522 4509 4510
f 4522 4523 4509
f 4513 4522 4510
f 4521 4522 4513
f 4489 4521 4513
f 4491 4521 4489
f 4528 4492 4493
f 4529 4492 4528
f 4530 4529 4528
f 4531 4529 4530
f 4532 4531 4530
f 4533 4531 4532
f 4534 4532 4535
f 4534 4533 4532
f 4536 4535 4537
f 4536 4534 4535
f 4538 4537 4539
f 4538 4536 4537
f 4540 4539 4541
f 4540 4538 4539
f 4529 4494 4492
f 4542 4494 4529
f 4531 4542 4529
f 4543 4531 4533
f 4543 4542 4531
f 4544 4533 4534
f 4544 4543 4533
f 4545 4534 4536
f 4545 4544 4534
f 4546 4536 4538
f 4546 4545 4536
f 4547 4546 4538
f 4540 4547 4538
f 4548 4547 4540
f 4547 4548 4549
f 4547 4549 4550
f 4546 4550 4551
f 4546 4547 4550
f 4545 4546 4551
f 4552 4545 4551
f 4544 4545 4552
f 4553 4544 4552
f 4543 4553 4554
f 4543 4544 4553
f 4542 4554 4555
f 4542 4543 4554
f 4494 4555 4495
f 4494 4542 4555
f 4539 4549 4541
f 4550 4549 4539
f 4537 4550 4539
f 4551 4550 4537
f 4535 4551 4537
f 4552 4551 4535
f 4532 4552 4535
f 4553 4552 4532
f 4530 4553 4532
f 4554 4553 4530
f 4528 4554 4530
f 4555 4554 4528
f 4493 4555 4528
f 4495 4555 4493
f 4556 4557 4558
f 4559 4557 4556
f 4560 4559 4556
f 4561 4559 4560
f 4562 4561 4560
f 4563 4561 4562
f 4564 4563 4562
f 4565 4563 4564
f 4566 4564 4567
f 4566 4565 4564
f 4568 4566 4567
f 4569 4566 4568
f 4496 4569 4568
f 4497 4569 4496
f 4568 4498 4496
f 4570 4498 4568
f 4567 4570 4568
f 4571 4567 4564
f 4571 4570 4567
f 4572 4564 4562
f 4572 4571 4564
f 4573 4562 4560
f 4573 4572 4562
f 4574 4560 4556
f 4574 4573 4560
f 4575 4574 4556
f 4558 4575 4556
f 4576 4575 4558
f 4577 4499 4498
f 4577 4498 4570
f 4578 4570 4571
f 4578 4577 4570
f 4579 4578 4571
f 4572 4579 4571
f 4580 4579 4572
f 4573 4580 4572
f 4581 4573 4574
f 4581 4580 4573
f 4582 4574 4575
f 4582 4581 4574
f 4583 4575 4576
f 4583 4582 4575
f 4559 4583 4557
f 4582 4583 4559
f 4561 4582 4559
f 4581 4582 4561
f 4563 4581 4561
f 4580 4581 4563
f 4565 4580 4563
f 4579 4580 4565
f 4578 4565 4566
f 4578 4579 4565
f 4577 4566 4569
f 4577 4578 4566
f 4497 4577 4569
f 4499 4577 4497
f 4527 4520 4502
f 4527 4502 4501
f 4548 4540 4541
f 4548 4541 4549
f 4583 4576 4558
f 4583 4558 4557
f 4584 4585 4586
f 4584 4586 4587
f 4588 4587 4589
f 4588 4589 4590
f 4588 4584 4587
f 4591 4588 4590
f 4592 4590 4593
f 4592 4593 4594
f 4592 4591 4590
f 4595 4592 4594
f 4596 4594 4597
f 4596 4595 4594
f 4598 4597 4599
f 4598 4596 4597
f 4600 4599 4601
f 4600 4598 4599
f 4602 4601 4603
f 4602 4603 4604
f 4602 4600 4601
f 4605 4602 4604
f 4606 4604 4607
f 4606 4605 4604
f 4608 4607 4609
f 4608 4606 4607
f 4610 4611 4612
f 4613 4611 4610
f 4614 4611 4613
f 4615 4611 4614
f 4616 4611 4615
f 4617 4611 4616
f 4618 4611 4617
f 4619 4611 4618
f 4620 4611 4619
f 4621 4611 4620
f 4622 4611 4621
f 4623 4611 4622
f 4624 4611 4623
f 4611 4625 4612
f 4611 4626 4625
f 4627 4626 4628
f 4628 4626 4629
f 4629 4626 4630
f 4630 4626 4631
f 4631 4626 4632
f 4632 4626 4633
f 4633 4626 4634
f 4627 4635 4626
f 4635 4636 4626
f 4636 4637 4626
f 4637 4638 4626
f 4638 4639 4626
f 4639 4640 4626
f 4640 4641 4626
f 4641 4642 4626
f 4642 4643 4626
f 4643 4644 4626
f 4644 4645 4626
f 4645 4646 4626
f 4646 4647 4626
f 4626 4585 4625
f 4647 4585 4626
f 4625 4648 4649
f 4649 4648 4650
f 4650 4648 4651
f 4651 4648 4652
f 4585 4648 4625
f 4652 4648 4653
f 4653 4648 4654
f 4654 4648 4655
f 4655 4648 4656
f 4585 4657 4648
f 4585 4584 4657
f 4648 4658 4656
f 4656 4658 4659
f 4659 4658 4660
f 4660 4658 4661
f 4661 4658 4662
f 4584 4588 4657
f 4588 4591 4657
f 4591 4592 4657
f 4592 4595 4657
f 4595 4596 4657
f 4596 4598 4657
f 4657 4600 4663
f 4598 4600 4657
f 4600 4602 4663
f 4602 4605 4663
f 4605 4606 4663
f 4606 4608 4663
f 4634 4664 4665
f 4633 4665 4666
f 4633 4634 4665
f 4632 4666 4667
f 4632 4633 4666
f 4631 4667 4668
f 4631 4632 4667
f 4630 4668 4669
f 4630 4631 4668
f 4629 4669 4670
f 4629 4630 4669
f 4628 4670 4671
f 4628 4629 4670
f 4627 4671 4672
f 4627 4628 4671
f 4635 4672 4673
f 4635 4627 4672
f 4636 4673 4674
f 4636 4635 4673
f 4637 4674 4675
f 4637 4636 4674
f 4638 4675 4676
f 4638 4637 4675
f 4639 4676 4677
f 4639 4638 4676
f 4640 4639 4677
f 4640 4677 4678
f 4641 4640 4678
f 4641 4678 4679
f 4642 4641 4679
f 4642 4679 4680
f 4643 4642 4680
f 4643 4680 4681
f 4644 4643 4681
f 4644 4681 4682
f 4645 4644 4682
f 4645 4682 4683
f 4646 4645 4683
f 4646 4683 4684
f 4647 4646 4684
f 4647 4684 4586
f 4585 4647 4586
f 4685 4686 4687
f 4685 4688 4686
f 4685 4689 4688
f 4685 4690 4689
f 4685 4691 4690
f 4685 4692 4691
f 4685 4693 4692
f 4685 4694 4693
f 4685 4695 4694
f 4685 4696 4695
f 4685 4697 4696
f 4685 4698 4697
f 4685 4699 4698
f 4700 4685 4687
f 4701 4685 4700
f 4701 4665 4664
f 4701 4666 4665
f 4701 4667 4666
f 4701 4668 4667
f 4701 4669 4668
f 4701 4670 4669
f 4701 4671 4670
f 4672 4671 4701
f 4673 4672 4701
f 4674 4673 4701
f 4675 4674 4701
f 4676 4675 4701
f 4677 4676 4701
f 4678 4677 4701
f 4679 4678 4701
f 4680 4679 4701
f 4681 4680 4701
f 4682 4681 4701
f 4683 4682 4701
f 4684 4683 4701
f 4586 4701 4700
f 4586 4684 4701
f 4702 4586 4700
f 4702 4700 4703
f 4702 4703 4704
f 4702 4704 4705
f 4702 4705 4706
f 4702 4706 4707
f 4702 4707 4708
f 4702 4708 4709
f 4702 4709 4710
f 4711 4586 4702
f 4587 4586 4711
f 4712 4702 4710
f 4712 4710 4713
f 4712 4713 4714
f 4712 4714 4715
f 4712 4715 4716
f 4589 4587 4711
f 4590 4589 4711
f 4593 4590 4711
f 4594 4593 4711
f 4597 4594 4711
f 4599 4597 4711
f 4601 4711 4717
f 4601 4599 4711
f 4603 4601 4717
f 4604 4603 4717
f 4607 4604 4717
f 4609 4607 4717
f 4717 4663 4609
f 4663 4608 4609
f 4663 4717 4711
f 4657 4663 4711
f 4702 4657 4711
f 4648 4657 4702
f 4712 4658 4702
f 4658 4648 4702
f 4658 4712 4716
f 4662 4658 4716
f 4662 4716 4715
f 4661 4662 4715
f 4660 4715 4714
f 4660 4661 4715
f 4659 4714 4713
f 4659 4660 4714
f 4656 4713 4710
f 4656 4659 4713
f 4655 4709 4708
f 4655 4710 4709
f 4655 4656 4710
f 4654 4655 4708
f 4653 4708 4707
f 4653 4654 4708
f 4652 4707 4706
f 4652 4653 4707
f 4651 4706 4705
f 4651 4652 4706
f 4650 4705 4704
f 4650 4651 4705
f 4649 4704 4703
f 4649 4650 4704
f 4649 4703 4700
f 4625 4649 4700
f 4687 4625 4700
f 4612 4625 4687
f 4610 4687 4686
f 4610 4612 4687
f 4613 4686 4688
f 4613 4610 4686
f 4614 4688 4689
f 4614 4613 4688
f 4615 4689 4690
f 4615 4614 4689
f 4616 4690 4691
f 4616 4615 4690
f 4617 4691 4692
f 4617 4616 4691
f 4618 4692 4693
f 4618 4617 4692
f 4694 4618 4693
f 4619 4618 4694
f 4620 4694 4695
f 4620 4619 4694
f 4696 4620 4695
f 4621 4620 4696
f 4622 4696 4697
f 4622 4621 4696
f 4623 4697 4698
f 4623 4622 4697
f 4624 4698 4699
f 4624 4623 4698
f 4611 4624 4699
f 4611 4699 4685
f 4701 4611 4685
f 4626 4611 4701
f 4664 4626 4701
f 4634 4626 4664
f 4718 4719 4720
f 4720 4719 4721
f 4721 4722 4723
f 4723 4722 4724
f 4719 4722 4721
f 4722 4725 4724
f 4724 4726 4727
f 4725 4726 4724
f 4727 4728 4729
f 4726 4728 4727
f 4729 4730 4731
f 4728 4730 4729
f 4731 4732 4733
f 4730 4732 4731
f 4732 4734 4733
f 4733 4734 4735
f 4734 4736 4735
f 4735 4736 4737
f 4736 4738 4737
f 4737 4738 4739
f 4738 4740 4739
f 4739 4740 4741
f 4741 4740 4742
f 4740 4743 4742
f 4743 4744 4742
f 4742 4744 4745
f 4745 4744 4746
f 4744 4747 4746
f 4746 4747 4748
f 4747 4749 4748
f 4749 4750 4748
f 4748 4750 4751
f 4751 4750 4752
f 4750 4753 4752
f 4753 4754 4752
f 4752 4754 4755
f 4755 4754 4756
f 4754 4757 4756
f 4757 4758 4756
f 4756 4758 4759
f 4759 4758 4760
f 4758 4761 4760
f 4760 4761 4762
f 4762 4763 4764
f 4761 4763 4762
f 4763 4765 4764
f 4764 4766 4767
f 4767 4766 4768
f 4765 4766 4764
f 4766 4769 4768
f 4768 4770 4771
f 4769 4770 4768
f 4771 4772 4773
f 4773 4772 4774
f 4770 4772 4771
f 4772 4775 4774
f 4774 4776 4777
f 4777 4776 4778
f 4775 4776 4774
f 4776 4779 4778
f 4778 4780 4781
f 4779 4780 4778
f 4781 4782 4783
f 4780 4782 4781
f 4784 4785 4786
f 4784 4786 4787
f 4788 4785 4784
f 4789 4785 4788
f 4790 4785 4789
f 4791 4785 4790
f 4792 4785 4791
f 4793 4785 4792
f 4794 4793 4795
f 4794 4795 4796
f 4794 4785 4793
f 4797 4798 4799
f 4800 4794 4796
f 4800 4801 4794
f 4802 4796 4803
f 4802 4803 4804
f 4802 4800 4796
f 4805 4802 4804
f 4806 4804 4807
f 4806 4805 4804
f 4808 4809 4810
f 4808 4810 4811
f 4808 4811 4797
f 4808 4797 4799
f 4812 4809 4808
f 4813 4807 4814
f 4813 4806 4807
f 4815 4812 4808
f 4816 4814 4817
f 4816 4813 4814
f 4818 4815 4808
f 4819 4817 4820
f 4819 4820 4821
f 4819 4816 4817
f 4822 4823 4824
f 4825 4821 4826
f 4825 4826 4827
f 4825 4819 4821
f 4828 4827 4829
f 4828 4825 4827
f 4830 4823 4822
f 4831 4829 4832
f 4831 4828 4829
f 4833 4831 4832
f 4834 4832 4835
f 4834 4833 4832
f 4836 4834 4835
f 4837 4836 4835
f 4837 4835 4838
f 4839 4838 4840
f 4839 4837 4838
f 4841 4839 4840
f 4842 4819 4825
f 4843 4840 4844
f 4843 4841 4840
f 4845 4818 4808
f 4845 4843 4844
f 4845 4846 4843
f 4845 4847 4846
f 4845 4844 4818
f 4768 4848 4767
f 4768 4849 4848
f 4764 4767 4848
f 4764 4848 4850
f 4771 4849 4768
f 4771 4830 4849
f 4762 4764 4850
f 4773 4823 4830
f 4773 4830 4771
f 4760 4762 4850
f 4760 4850 4851
f 4774 4823 4773
f 4759 4760 4851
f 4852 4842 4825
f 4777 4823 4774
f 4756 4851 4842
f 4756 4759 4851
f 4778 4823 4777
f 4755 4756 4842
f 4752 4755 4842
f 4751 4752 4842
f 4751 4842 4852
f 4748 4751 4852
f 4853 4778 4781
f 4853 4781 4783
f 4853 4783 4854
f 4853 4823 4778
f 4855 4853 4854
f 4746 4748 4852
f 4856 4853 4855
f 4745 4746 4852
f 4745 4852 4857
f 4858 4853 4856
f 4742 4857 4859
f 4742 4745 4857
f 4860 4853 4858
f 4741 4859 4861
f 4741 4742 4859
f 4862 4853 4860
f 4739 4861 4863
f 4739 4741 4861
f 4864 4853 4862
f 4737 4739 4863
f 4737 4863 4865
f 4866 4867 4868
f 4866 4869 4867
f 4735 4737 4865
f 4735 4865 4870
f 4733 4870 4871
f 4733 4735 4870
f 4731 4871 4872
f 4731 4733 4871
f 4873 4853 4864
f 4873 4864 4874
f 4729 4872 4869
f 4729 4731 4872
f 4729 4869 4866
f 4727 4729 4866
f 4724 4727 4866
f 4723 4724 4866
f 4875 4876 4877
f 4878 4879 4720
f 4878 4880 4879
f 4878 4881 4880
f 4878 4882 4881
f 4878 4883 4882
f 4878 4884 4883
f 4878 4877 4884
f 4878 4720 4721
f 4878 4721 4723
f 4878 4723 4866
f 4878 4875 4877
f 4885 4886 4876
f 4877 4886 4884
f 4876 4886 4877
f 4884 4887 4883
f 4886 4887 4884
f 4883 4888 4882
f 4887 4888 4883
f 4882 4889 4881
f 4888 4889 4882
f 4881 4890 4880
f 4889 4890 4881
f 4880 4891 4879
f 4890 4891 4880
f 4879 4892 4720
f 4891 4892 4879
f 4892 4718 4720
f 4893 4894 4348
f 4893 4895 4894
f 4896 4895 4893
f 4897 4895 4896
f 4898 4895 4897
f 4899 4895 4898
f 4900 4895 4899
f 4901 4895 4900
f 4902 4901 4903
f 4902 4903 4904
f 4902 4895 4901
f 4905 4235 4906
f 4907 4908 4902
f 4909 4902 4904
f 4909 4907 4902
f 4910 4904 4911
f 4910 4909 4904
f 4912 4910 4911
f 4913 4911 4914
f 4913 4912 4911
f 4915 4914 4916
f 4915 4913 4914
f 4474 4917 4918
f 4474 4918 4919
f 4474 4919 4905
f 4474 4905 4906
f 4920 4917 4474
f 4921 4915 4916
f 4922 4916 4923
f 4922 4921 4916
f 4924 4920 4474
f 4925 4922 4923
f 4926 4925 4923
f 4926 4923 4927
f 4928 4924 4474
f 4929 4927 4930
f 4929 4930 4931
f 4929 4926 4927
f 4932 4933 4934
f 4935 4933 4932
f 4936 4929 4931
f 4936 4931 4937
f 4936 4937 4938
f 4936 4938 4939
f 4940 4936 4939
f 4940 4939 4941
f 4942 4941 4943
f 4942 4940 4941
f 4944 4943 4945
f 4944 4942 4943
f 4946 4944 4945
f 4946 4945 4947
f 4948 4946 4947
f 4948 4947 4949
f 4950 4929 4936
f 4951 4928 4474
f 4951 4949 4928
f 4951 4952 4953
f 4951 4953 4948
f 4951 4948 4949
f 4734 4954 4955
f 4732 4956 4954
f 4732 4954 4734
f 4736 4955 4957
f 4736 4734 4955
f 4738 4957 4958
f 4738 4736 4957
f 4730 4959 4956
f 4730 4956 4732
f 4728 4935 4959
f 4728 4933 4935
f 4728 4959 4730
f 4740 4958 4960
f 4740 4738 4958
f 4743 4960 4961
f 4743 4740 4960
f 4726 4933 4728
f 4962 4950 4936
f 4744 4961 4950
f 4744 4743 4961
f 4725 4933 4726
f 4747 4744 4950
f 4722 4933 4725
f 4749 4747 4950
f 4750 4749 4950
f 4750 4950 4962
f 4753 4750 4962
f 4963 4933 4722
f 4963 4718 4892
f 4963 4719 4718
f 4963 4722 4719
f 4891 4963 4892
f 4754 4753 4962
f 4890 4963 4891
f 4757 4754 4962
f 4757 4962 4964
f 4889 4963 4890
f 4758 4757 4964
f 4888 4963 4889
f 4761 4758 4964
f 4761 4964 4965
f 4887 4963 4888
f 4763 4761 4965
f 4763 4965 4966
f 4886 4963 4887
f 4765 4763 4966
f 4765 4966 4967
f 4968 4969 4970
f 4766 4765 4967
f 4769 4967 4971
f 4769 4766 4967
f 4770 4769 4971
f 4972 4963 4886
f 4972 4886 4885
f 4772 4971 4969
f 4772 4969 4968
f 4772 4770 4971
f 4775 4772 4968
f 4776 4775 4968
f 4779 4776 4968
f 4973 4974 4975
f 4976 4973 4975
f 4976 4977 4782
f 4976 4978 4977
f 4976 4979 4978
f 4976 4980 4979
f 4976 4981 4980
f 4976 4982 4981
f 4976 4975 4982
f 4976 4779 4968
f 4976 4780 4779
f 4976 4782 4780
f 4783 4782 4854
f 4782 4977 4854
f 4854 4978 4855
f 4977 4978 4854
f 4855 4979 4856
f 4978 4979 4855
f 4858 4980 4860
f 4856 4980 4858
f 4979 4980 4856
f 4980 4981 4860
f 4862 4982 4864
f 4860 4982 4862
f 4981 4982 4860
f 4982 4975 4864
f 4864 4974 4874
f 4975 4974 4864
f 4798 4348 4799
f 4799 4348 4894
f 4894 4895 4808
f 4894 4808 4799
f 4902 4845 4808
f 4902 4808 4895
f 4902 4908 4845
f 4845 4908 4847
f 4847 4908 4846
f 4846 4907 4843
f 4908 4907 4846
f 4843 4909 4841
f 4907 4909 4843
f 4841 4910 4839
f 4909 4910 4841
f 4839 4912 4837
f 4910 4912 4839
f 4837 4913 4836
f 4912 4913 4837
f 4836 4915 4834
f 4913 4915 4836
f 4834 4921 4833
f 4915 4921 4834
f 4833 4922 4831
f 4921 4922 4833
f 4831 4925 4828
f 4922 4925 4831
f 4828 4926 4825
f 4925 4926 4828
f 4926 4929 4825
f 4950 4825 4929
f 4950 4852 4825
f 4852 4950 4857
f 4857 4961 4859
f 4950 4961 4857
f 4859 4960 4861
f 4961 4960 4859
f 4861 4958 4863
f 4960 4958 4861
f 4863 4957 4865
f 4958 4957 4863
f 4865 4955 4870
f 4957 4955 4865
f 4870 4954 4871
f 4955 4954 4870
f 4871 4956 4872
f 4954 4956 4871
f 4872 4959 4869
f 4956 4959 4872
f 4869 4935 4867
f 4959 4935 4869
f 4867 4932 4868
f 4935 4932 4867
f 4932 4934 4868
f 4934 4933 4868
f 4868 4933 4866
f 4963 4866 4933
f 4963 4878 4866
f 4963 4972 4875
f 4963 4875 4878
f 4875 4972 4876
f 4876 4972 4885
f 4973 4873 4974
f 4974 4873 4874
f 4973 4976 4853
f 4973 4853 4873
f 4853 4968 4823
f 4853 4976 4968
f 4968 4970 4823
f 4823 4970 4824
f 4970 4822 4824
f 4822 4969 4830
f 4970 4969 4822
f 4830 4971 4849
f 4969 4971 4830
f 4849 4967 4848
f 4971 4967 4849
f 4848 4966 4850
f 4967 4966 4848
f 4850 4965 4851
f 4966 4965 4850
f 4965 4964 4851
f 4964 4842 4851
f 4964 4962 4842
f 4842 4962 4936
f 4842 4936 4819
f 4936 4816 4819
f 4816 4940 4813
f 4936 4940 4816
f 4813 4942 4806
f 4940 4942 4813
f 4806 4944 4805
f 4942 4944 4806
f 4805 4946 4802
f 4944 4946 4805
f 4802 4948 4800
f 4946 4948 4802
f 4948 4953 4800
f 4953 4801 4800
f 4953 4952 4801
f 4952 4951 4801
f 4801 4951 4794
f 4794 4951 4474
f 4794 4474 4785
f 4474 4906 4786
f 4474 4786 4785
f 4235 4787 4906
f 4906 4787 4786
f 4235 4905 4787
f 4787 4905 4784
f 4784 4919 4788
f 4905 4919 4784
f 4788 4918 4789
f 4919 4918 4788
f 4789 4917 4790
f 4918 4917 4789
f 4790 4920 4791
f 4917 4920 4790
f 4791 4924 4792
f 4920 4924 4791
f 4924 4793 4792
f 4793 4928 4795
f 4924 4928 4793
f 4795 4949 4796
f 4928 4949 4795
f 4796 4947 4803
f 4949 4947 4796
f 4947 4945 4803
f 4945 4804 4803
f 4945 4943 4804
f 4943 4807 4804
f 4943 4941 4807
f 4941 4814 4807
f 4941 4939 4814
f 4939 4817 4814
f 4939 4938 4817
f 4817 4937 4820
f 4938 4937 4817
f 4820 4931 4821
f 4937 4931 4820
f 4821 4930 4826
f 4931 4930 4821
f 4826 4927 4827
f 4930 4927 4826
f 4927 4829 4827
f 4927 4923 4829
f 4923 4832 4829
f 4923 4916 4832
f 4916 4835 4832
f 4916 4914 4835
f 4914 4838 4835
f 4914 4911 4838
f 4838 4911 4840
f 4911 4904 4840
f 4840 4904 4844
f 4904 4903 4844
f 4844 4903 4818
f 4903 4901 4818
f 4901 4815 4818
f 4901 4900 4815
f 4900 4899 4815
f 4815 4899 4812
f 4812 4898 4809
f 4899 4898 4812
f 4809 4897 4810
f 4898 4897 4809
f 4810 4896 4811
f 4897 4896 4810
f 4811 4893 4797
f 4896 4893 4811
f 4797 4348 4798
f 4893 4348 4797
f 4983 4984 4985
f 4983 4986 4984
f 4987 4985 4988
f 4987 4988 4989
f 4987 4983 4985
f 4990 4987 4989
f 4991 4989 4992
f 4991 4990 4989
f 4993 4992 4994
f 4993 4991 4992
f 4995 4994 4996
f 4995 4993 4994
f 4997 4996 4998
f 4997 4995 4996
f 4999 4998 5000
f 4999 4997 4998
f 5001 5000 5002
f 5001 4999 5000
f 5003 5002 5004
f 5003 5001 5002
f 5005 5004 5006
f 5005 5003 5004
f 5007 5006 5008
f 5007 5005 5006
f 5009 5008 5010
f 5009 5007 5008
f 5011 5010 5012
f 5011 5012 5013
f 5011 5009 5010
f 5014 5011 5013
f 5015 5014 5013
f 5015 5013 5016
f 5017 5018 5019
f 5017 5020 5018
f 4985 4984 5020
f 5021 5017 5022
f 5021 5020 5017
f 4988 4985 5020
f 4989 4988 5020
f 5023 5020 5021
f 4992 4989 5020
f 4994 4992 5020
f 4996 4994 5020
f 5024 5023 5025
f 4998 4996 5020
f 5000 4998 5020
f 5013 5024 5016
f 5002 5020 5023
f 5002 5000 5020
f 5012 5024 5013
f 5004 5023 5024
f 5004 5002 5023
f 5010 5024 5012
f 5006 5004 5024
f 5008 5006 5024
f 5008 5024 5010
f 5026 5015 5016
f 5026 5016 5024
f 5027 5024 5025
f 5027 5026 5024
f 5028 5027 5025
f 5029 5025 5023
f 5029 5028 5025
f 5030 5029 5023
f 5021 5030 5023
f 5031 5030 5021
f 5032 5021 5022
f 5032 5031 5021
f 5033 5032 5022
f 5017 5033 5022
f 5034 5033 5017
f 5035 5017 5019
f 5035 5034 5017
f 5036 5035 5019
f 5018 5036 5019
f 5037 5036 5018
f 5038 5037 5018
f 5020 5038 5018
f 5039 5038 5020
f 5040 5020 4984
f 5040 5039 5020
f 4986 5040 4984
f 5035 5033 5034
f 5007 5009 5011
f 5007 5011 5014
f 5003 5005 5007
f 5039 5036 5037
f 5039 5037 5038
f 4983 5040 4986
f 4995 4997 4999
f 4991 5015 5026
f 4991 5026 5027
f 4991 5027 5028
f 4991 5028 5029
f 4991 5029 5030
f 4991 5030 5031
f 4991 5031 5032
f 4991 5032 5033
f 4991 5035 5036
f 4991 5039 5040
f 4991 4983 4987
f 4991 4987 4990
f 4991 4993 4995
f 4991 4999 5001
f 4991 5001 5003
f 4991 5014 5015
f 4991 5033 5035
f 4991 5040 4983
f 4991 5007 5014
f 4991 5003 5007
f 4991 5036 5039
f 4991 4995 4999
f 5041 5042 5043
f 5043 5042 5044
f 5044 5045 5046
f 5042 5045 5044
f 5046 5047 5048
f 5045 5047 5046
f 5048 5049 5050
f 5047 5049 5048
f 5050 5051 5052
f 5052 5051 5053
f 5049 5051 5050
f 5053 5054 5055
f 5051 5054 5053
f 5054 5056 5055
f 5055 5057 5058
f 5058 5057 5059
f 5056 5057 5055
f 5057 5060 5059
f 5059 5061 5062
f 5060 5061 5059
f 5062 5063 5064
f 5061 5063 5062
f 5064 5065 5066
f 5063 5065 5064
f 5066 5067 5068
f 5065 5067 5066
f 5068 5069 5070
f 5067 5069 5068
f 5070 5071 5072
f 5069 5071 5070
f 5071 5073 5072
f 5072 5073 5074
f 5068 5075 5066
f 5064 5066 5075
f 5062 5064 5075
f 5070 5075 5068
f 5059 5075 5076
f 5059 5062 5075
f 5072 5075 5070
f 5074 5075 5072
f 5058 5059 5076
f 5055 5058 5076
f 5053 5055 5076
f 5052 5053 5076
f 5077 5076 5078
f 5077 5078 5079
f 5077 5052 5076
f 5050 5052 5077
f 5048 5050 5077
f 5046 5048 5077
f 5044 5046 5077
f 5080 5077 5079
f 5081 5082 5083
f 5084 5083 5085
f 5084 5081 5083
f 5086 5087 5082
f 5086 5082 5081
f 5088 5084 5085
f 5088 5085 5089
f 5090 5075 5074
f 5090 5074 5087
f 5090 5087 5086
f 5091 5089 5092
f 5091 5088 5089
f 5093 5092 5094
f 5093 5091 5092
f 5095 5094 5096
f 5095 5093 5094
f 5097 5095 5096
f 5097 5096 5098
f 5099 5097 5098
f 5100 5101 5102
f 5103 5102 5104
f 5103 5100 5102
f 5105 5106 5101
f 5105 5101 5100
f 5107 5104 5108
f 5107 5103 5104
f 5109 5090 5106
f 5109 5106 5105
f 5110 5108 5111
f 5110 5107 5108
f 5112 5111 5113
f 5112 5110 5111
f 5114 5113 5115
f 5114 5112 5113
f 5116 5115 5117
f 5116 5114 5115
f 5118 5109 5119
f 5118 5119 5120
f 5118 5120 5121
f 5118 5090 5109
f 5122 5118 5121
f 5123 5116 5117
f 5124 5118 5122
f 5125 5118 5124
f 5125 5124 5126
f 5125 5126 5127
f 5125 5127 5128
f 5129 5125 5128
f 5129 5128 5130
f 5131 5125 5129
f 5132 5129 5133
f 5132 5131 5129
f 5118 5075 5090
f 5077 5129 5134
f 5134 5129 5130
f 5077 5134 5123
f 5077 5123 5135
f 5135 5123 5117
f 5077 5135 5099
f 5077 5099 5043
f 5043 5099 5098
f 5077 5043 5044
f 5073 5136 5074
f 5074 5136 5087
f 5087 5137 5082
f 5136 5137 5087
f 5137 5138 5082
f 5082 5139 5083
f 5138 5139 5082
f 5139 5140 5083
f 5140 5085 5083
f 5140 5141 5085
f 5085 5142 5089
f 5141 5142 5085
f 5142 5143 5089
f 5143 5092 5089
f 5143 5144 5092
f 5092 5145 5094
f 5144 5145 5092
f 5145 5146 5094
f 5146 5096 5094
f 5146 5147 5096
f 5147 5148 5096
f 5148 5098 5096
f 5148 5149 5098
f 5098 5150 5043
f 5149 5150 5098
f 5150 5041 5043
f 5057 5061 5060
f 5148 5147 5149
f 5149 5147 5150
f 5146 5145 5147
f 5063 5069 5065
f 5065 5069 5067
f 5071 5136 5073
f 5142 5141 5143
f 5136 5139 5137
f 5137 5139 5138
f 5140 5139 5141
f 5143 5139 5144
f 5144 5139 5145
f 5150 5139 5041
f 5041 5139 5042
f 5042 5139 5045
f 5045 5139 5047
f 5047 5139 5049
f 5049 5139 5051
f 5051 5139 5054
f 5054 5139 5056
f 5056 5139 5057
f 5061 5139 5063
f 5069 5139 5071
f 5057 5139 5061
f 5063 5139 5069
f 5147 5139 5150
f 5145 5139 5147
f 5071 5139 5136
f 5141 5139 5143
f 5151 5118 5125
f 5151 5152 5118
f 5153 5118 5154
f 5075 5118 5153
f 5153 5155 5075
f 5153 5156 5155
f 5156 5157 5155
f 5157 5152 5155
f 5118 5152 5154
f 5154 5152 5157
f 5155 5158 5076
f 5155 5076 5075
f 5158 5159 5160
f 5161 5160 5162
f 5161 5158 5160
f 5163 5161 5164
f 5163 5158 5161
f 5165 5163 5166
f 5165 5158 5163
f 5167 5165 5168
f 5167 5158 5165
f 5169 5167 5170
f 5171 5169 5172
f 5173 5171 5174
f 5175 5173 5176
f 5177 5175 5178
f 5179 5177 5180
f 5181 5179 5182
f 5183 5181 5184
f 5185 5183 5186
f 5187 5185 5188
f 5189 5187 5190
f 5191 5189 5192
f 5193 5191 5194
f 5195 5193 5196
f 5197 5195 5198
f 5199 5197 5200
f 5201 5199 5202
f 5203 5201 5204
f 5205 5203 5206
f 5207 5205 5208
f 5209 5207 5210
f 5076 5209 5078
f 5076 5201 5203
f 5076 5203 5205
f 5076 5205 5207
f 5076 5207 5209
f 5076 5158 5201
f 5201 5158 5199
f 5199 5158 5197
f 5197 5158 5195
f 5195 5158 5193
f 5193 5158 5191
f 5191 5158 5189
f 5189 5158 5187
f 5187 5158 5185
f 5185 5158 5183
f 5183 5158 5181
f 5181 5158 5179
f 5179 5158 5177
f 5177 5158 5175
f 5175 5158 5173
f 5173 5158 5171
f 5171 5158 5169
f 5169 5158 5167
f 5209 5079 5078
f 5209 5211 5079
f 5212 5213 5214
f 5214 5215 5216
f 5213 5217 5214
f 5214 5217 5215
f 5215 5218 5219
f 5217 5220 5215
f 5215 5220 5218
f 5218 5221 5222
f 5220 5223 5218
f 5218 5223 5221
f 5221 5224 5225
f 5221 5226 5224
f 5223 5226 5221
f 5224 5227 5228
f 5226 5229 5224
f 5224 5229 5227
f 5227 5230 5231
f 5229 5232 5227
f 5227 5232 5230
f 5230 5233 5234
f 5232 5235 5230
f 5230 5235 5233
f 5233 5236 5237
f 5235 5238 5233
f 5233 5238 5236
f 5236 5239 5240
f 5238 5241 5236
f 5236 5241 5239
f 5239 5242 5243
f 5241 5244 5239
f 5239 5244 5242
f 5242 5245 5246
f 5244 5247 5242
f 5242 5247 5245
f 5245 5248 5249
f 5247 5250 5245
f 5245 5250 5248
f 5248 5251 5252
f 5250 5253 5248
f 5248 5253 5251
f 5251 5254 5255
f 5253 5256 5251
f 5251 5256 5254
f 5254 5257 5258
f 5256 5259 5254
f 5254 5259 5257
f 5257 5260 5261
f 5259 5262 5257
f 5257 5262 5260
f 5260 5263 5264
f 5262 5265 5260
f 5260 5265 5263
f 5263 5266 5267
f 5265 5268 5263
f 5263 5268 5266
f 5266 5269 5270
f 5268 5271 5266
f 5266 5271 5269
f 5269 5272 5273
f 5269 5274 5272
f 5271 5274 5269
f 5272 5275 5276
f 5272 5277 5275
f 5274 5277 5272
f 5275 5278 5279
f 5277 5280 5275
f 5275 5280 5278
f 5278 5281 5282
f 5280 5283 5278
f 5278 5283 5281
f 5281 5284 5285
f 5283 5286 5281
f 5281 5286 5284
f 5284 5211 5287
f 5286 5288 5284
f 5284 5288 5211
f 5288 5080 5211
f 5211 5080 5079
f 5080 5288 5077
f 5129 5077 5288
f 5289 5129 5288
f 5289 5133 5129
f 5290 5291 5292
f 5291 5293 5292
f 5294 5295 5291
f 5291 5295 5293
f 5295 5296 5293
f 5297 5298 5295
f 5295 5298 5296
f 5298 5299 5296
f 5300 5301 5298
f 5298 5301 5299
f 5301 5302 5299
f 5301 5303 5302
f 5304 5303 5301
f 5303 5305 5302
f 5303 5306 5305
f 5307 5306 5303
f 5306 5308 5305
f 5306 5309 5308
f 5310 5309 5306
f 5309 5311 5308
f 5309 5312 5311
f 5313 5312 5309
f 5312 5314 5311
f 5312 5315 5314
f 5316 5315 5312
f 5315 5317 5314
f 5315 5318 5317
f 5319 5318 5315
f 5318 5320 5317
f 5318 5321 5320
f 5322 5321 5318
f 5321 5323 5320
f 5321 5324 5323
f 5325 5324 5321
f 5324 5326 5323
f 5324 5327 5326
f 5328 5327 5324
f 5327 5329 5326
f 5330 5331 5327
f 5327 5331 5329
f 5331 5332 5329
f 5333 5334 5331
f 5331 5334 5332
f 5334 5335 5332
f 5336 5337 5334
f 5334 5337 5335
f 5337 5338 5335
f 5339 5340 5337
f 5337 5340 5338
f 5340 5341 5338
f 5342 5343 5340
f 5340 5343 5341
f 5343 5344 5341
f 5345 5346 5343
f 5343 5346 5344
f 5346 5347 5344
f 5348 5349 5346
f 5346 5349 5347
f 5349 5350 5347
f 5349 5351 5350
f 5352 5351 5349
f 5351 5353 5350
f 5351 5354 5353
f 5355 5354 5351
f 5354 5356 5353
f 5354 5357 5356
f 5358 5357 5354
f 5357 5359 5356
f 5357 5360 5359
f 5361 5360 5357
f 5360 5362 5359
f 5360 5363 5362
f 5364 5363 5360
f 5363 5289 5362
f 5289 5365 5133
f 5366 5365 5363
f 5363 5365 5289
f 5365 5132 5133
f 5365 5367 5132
f 5132 5367 5131
f 5368 5369 5151
f 5370 5371 5368
f 5370 5368 5151
f 5372 5373 5370
f 5372 5370 5151
f 5374 5375 5372
f 5374 5372 5151
f 5376 5377 5374
f 5376 5374 5151
f 5378 5379 5376
f 5378 5376 5151
f 5380 5381 5378
f 5380 5378 5151
f 5382 5383 5380
f 5382 5380 5151
f 5384 5385 5382
f 5384 5382 5151
f 5386 5387 5384
f 5386 5384 5151
f 5388 5386 5151
f 5388 5389 5386
f 5390 5391 5388
f 5390 5388 5151
f 5392 5390 5151
f 5392 5393 5390
f 5394 5395 5392
f 5396 5397 5394
f 5398 5399 5396
f 5400 5401 5398
f 5402 5403 5400
f 5404 5405 5402
f 5406 5407 5404
f 5408 5409 5406
f 5410 5411 5408
f 5412 5413 5410
f 5414 5415 5412
f 5416 5417 5414
f 5125 5392 5151
f 5125 5394 5392
f 5125 5396 5394
f 5125 5398 5396
f 5125 5400 5398
f 5125 5402 5400
f 5125 5404 5402
f 5125 5406 5404
f 5125 5408 5406
f 5125 5410 5408
f 5125 5412 5410
f 5125 5414 5412
f 5125 5416 5414
f 5367 5418 5416
f 5367 5416 5125
f 5131 5367 5125
f 5419 5420 5090
f 5090 5420 5106
f 5106 5421 5101
f 5420 5421 5106
f 5421 5422 5101
f 5101 5423 5102
f 5422 5423 5101
f 5423 5424 5102
f 5424 5104 5102
f 5424 5425 5104
f 5104 5426 5108
f 5425 5426 5104
f 5426 5427 5108
f 5427 5111 5108
f 5427 5428 5111
f 5111 5429 5113
f 5428 5429 5111
f 5429 5430 5113
f 5430 5115 5113
f 5430 5431 5115
f 5431 5432 5115
f 5432 5117 5115
f 5432 5433 5117
f 5117 5434 5135
f 5433 5434 5117
f 5434 5435 5135
f 5435 5436 5135
f 5135 5436 5099
f 5099 5437 5097
f 5436 5437 5099
f 5437 5438 5097
f 5097 5439 5095
f 5438 5439 5097
f 5439 5440 5095
f 5440 5093 5095
f 5440 5441 5093
f 5093 5442 5091
f 5441 5442 5093
f 5442 5443 5091
f 5443 5088 5091
f 5443 5444 5088
f 5088 5445 5084
f 5444 5445 5088
f 5445 5446 5084
f 5446 5081 5084
f 5446 5447 5081
f 5447 5448 5081
f 5448 5086 5081
f 5448 5449 5086
f 5086 5450 5090
f 5449 5450 5086
f 5450 5419 5090
f 5451 5452 5109
f 5109 5452 5119
f 5119 5453 5120
f 5452 5453 5119
f 5453 5454 5120
f 5120 5455 5121
f 5454 5455 5120
f 5455 5456 5121
f 5456 5122 5121
f 5456 5457 5122
f 5122 5458 5124
f 5457 5458 5122
f 5458 5459 5124
f 5459 5126 5124
f 5459 5460 5126
f 5126 5461 5127
f 5460 5461 5126
f 5461 5462 5127
f 5462 5128 5127
f 5462 5463 5128
f 5463 5464 5128
f 5464 5130 5128
f 5464 5465 5130
f 5130 5466 5134
f 5465 5466 5130
f 5466 5467 5134
f 5467 5468 5134
f 5134 5468 5123
f 5123 5469 5116
f 5468 5469 5123
f 5469 5470 5116
f 5116 5471 5114
f 5470 5471 5116
f 5471 5472 5114
f 5472 5112 5114
f 5472 5473 5112
f 5112 5474 5110
f 5473 5474 5112
f 5474 5475 5110
f 5475 5107 5110
f 5475 5476 5107
f 5107 5477 5103
f 5476 5477 5107
f 5477 5478 5103
f 5478 5100 5103
f 5478 5479 5100
f 5479 5480 5100
f 5480 5105 5100
f 5480 5481 5105
f 5105 5482 5109
f 5481 5482 5105
f 5482 5451 5109
f 5483 5213 5212
f 5483 5212 5159
f 5158 5483 5159
f 5484 5483 5158
f 5485 5484 5158
f 5486 5483 5484
f 5487 5485 5158
f 5488 5487 5158
f 5155 5489 5488
f 5155 5488 5158
f 5490 5489 5155
f 5491 5490 5155
f 5492 5491 5155
f 4984 5492 5155
f 5493 5494 5495
f 5496 5495 5497
f 5496 5493 5495
f 5498 5499 5494
f 5498 5494 5493
f 5500 5497 5501
f 5500 5496 5497
f 5502 5501 5503
f 5502 5500 5501
f 5504 5503 5505
f 5504 5502 5503
f 5506 5504 5505
f 5506 5505 5507
f 5508 5507 5509
f 5508 5506 5507
f 5510 5508 5509
f 5510 5509 4984
f 5511 4984 5155
f 5511 5510 4984
f 5512 5513 5514
f 5515 5514 5516
f 5515 5512 5514
f 5517 5518 5513
f 5517 5513 5512
f 5519 5516 5520
f 5519 5515 5516
f 5521 5520 5522
f 5521 5519 5520
f 5523 5522 5524
f 5523 5521 5522
f 5525 5524 5526
f 5525 5523 5524
f 5527 5528 5529
f 5527 5529 5530
f 5531 5526 5532
f 5531 5525 5526
f 5290 5292 5527
f 5533 5532 5511
f 5533 5531 5532
f 5534 5533 5511
f 5151 5530 5535
f 5151 5535 5536
f 5151 5536 5537
f 5151 5527 5530
f 5369 5527 5151
f 5369 5290 5527
f 5152 5151 5537
f 5152 5534 5511
f 5152 5537 5538
f 5152 5538 5539
f 5152 5539 5540
f 5152 5540 5534
f 5527 5483 5016
f 5016 5483 5486
f 5527 5016 5499
f 5527 5499 5541
f 5541 5499 5498
f 5527 5541 5518
f 5527 5518 5542
f 5542 5518 5517
f 5527 5542 5528
f 5155 5152 5511
f 5543 5156 5153
f 5543 5153 5544
f 5545 5546 5547
f 5545 5547 5548
f 5545 5548 5549
f 5545 5549 5550
f 5545 5550 5551
f 5552 5546 5545
f 5553 5552 5545
f 5554 5553 5545
f 5555 5554 5545
f 5556 5555 5545
f 5543 5556 5545
f 5557 5156 5543
f 5557 5543 5545
f 5558 5559 5560
f 5561 5559 5558
f 5562 5559 5561
f 5563 5559 5562
f 5564 5559 5563
f 5565 5559 5564
f 5566 5559 5565
f 5567 5559 5566
f 5568 5559 5567
f 5569 5559 5568
f 5570 5571 5559
f 5570 5559 5569
f 5157 5571 5570
f 5157 5156 5571
f 5571 5156 5557
f 5570 5572 5154
f 5157 5570 5154
f 5153 5573 5544
f 5153 5574 5573
f 5153 5154 5574
f 5544 5575 5576
f 5576 5575 5577
f 5577 5575 5578
f 5578 5575 5579
f 5579 5575 5580
f 5580 5575 5581
f 5581 5575 5582
f 5582 5575 5583
f 5583 5575 5584
f 5584 5575 5585
f 5585 5575 5586
f 5573 5575 5544
f 5154 5572 5574
f 5587 5588 5589
f 5589 5588 5590
f 5590 5588 5591
f 5591 5588 5592
f 5592 5588 5572
f 5572 5588 5574
f 5587 5593 5588
f 5593 5594 5588
f 5594 5595 5588
f 5595 5596 5588
f 5596 5597 5588
f 5597 5598 5588
f 5212 5214 5159
f 5159 5214 5160
f 5214 5216 5160
f 5160 5216 5162
f 5216 5215 5162
f 5162 5215 5161
f 5215 5219 5161
f 5161 5219 5164
f 5219 5218 5164
f 5164 5218 5163
f 5163 5218 5166
f 5218 5222 5166
f 5222 5221 5166
f 5166 5221 5165
f 5165 5221 5168
f 5221 5225 5168
f 5225 5224 5168
f 5168 5224 5167
f 5167 5224 5170
f 5224 5228 5170
f 5228 5227 5170
f 5170 5227 5169
f 5169 5227 5172
f 5227 5231 5172
f 5231 5230 5172
f 5172 5230 5171
f 5171 5230 5174
f 5230 5234 5174
f 5234 5233 5174
f 5174 5233 5173
f 5173 5233 5176
f 5233 5237 5176
f 5237 5236 5176
f 5176 5236 5175
f 5236 5240 5175
f 5175 5240 5178
f 5240 5239 5178
f 5178 5239 5177
f 5239 5243 5177
f 5177 5243 5180
f 5243 5242 5180
f 5180 5242 5179
f 5242 5246 5179
f 5179 5246 5182
f 5246 5245 5182
f 5182 5245 5181
f 5245 5249 5181
f 5181 5249 5184
f 5184 5249 5183
f 5249 5248 5183
f 5183 5248 5186
f 5248 5252 5186
f 5186 5252 5185
f 5252 5251 5185
f 5185 5251 5188
f 5251 5255 5188
f 5188 5255 5187
f 5255 5254 5187
f 5187 5254 5190
f 5254 5258 5190
f 5190 5258 5189
f 5258 5257 5189
f 5189 5257 5192
f 5257 5261 5192
f 5192 5261 5191
f 5261 5260 5191
f 5191 5260 5194
f 5260 5264 5194
f 5194 5264 5193
f 5264 5263 5193
f 5193 5263 5196
f 5263 5267 5196
f 5196 5267 5195
f 5267 5266 5195
f 5195 5266 5198
f 5266 5270 5198
f 5198 5270 5197
f 5270 5269 5197
f 5197 5269 5200
f 5269 5273 5200
f 5200 5273 5199
f 5273 5272 5199
f 5199 5272 5202
f 5272 5276 5202
f 5202 5276 5201
f 5276 5275 5201
f 5201 5275 5204
f 5275 5279 5204
f 5204 5279 5203
f 5279 5278 5203
f 5203 5278 5206
f 5278 5282 5206
f 5206 5282 5205
f 5282 5281 5205
f 5205 5281 5208
f 5281 5285 5208
f 5208 5285 5207
f 5285 5284 5207
f 5207 5284 5210
f 5284 5287 5210
f 5210 5287 5209
f 5287 5211 5209
f 5213 5599 5217
f 5213 5483 5599
f 5220 5217 5600
f 5223 5220 5601
f 5226 5223 5602
f 5229 5226 5603
f 5232 5229 5604
f 5235 5232 5605
f 5238 5235 5606
f 5241 5238 5607
f 5244 5241 5608
f 5247 5244 5609
f 5250 5247 5610
f 5253 5250 5611
f 5256 5253 5612
f 5259 5256 5613
f 5262 5259 5614
f 5265 5262 5615
f 5268 5265 5616
f 5271 5268 5617
f 5274 5271 5618
f 5277 5274 5619
f 5280 5277 5620
f 5283 5280 5621
f 5286 5283 5622
f 5288 5286 5623
f 5624 5289 5288
f 5624 5288 5623
f 5291 5290 5368
f 5368 5290 5369
f 5371 5294 5368
f 5294 5291 5368
f 5370 5295 5371
f 5295 5294 5371
f 5373 5297 5370
f 5297 5295 5370
f 5372 5298 5373
f 5298 5297 5373
f 5375 5300 5372
f 5300 5298 5372
f 5374 5301 5375
f 5301 5300 5375
f 5377 5304 5374
f 5304 5301 5374
f 5303 5304 5376
f 5376 5304 5377
f 5379 5307 5376
f 5307 5303 5376
f 5306 5307 5378
f 5378 5307 5379
f 5381 5310 5378
f 5310 5306 5378
f 5309 5310 5380
f 5380 5310 5381
f 5383 5313 5380
f 5313 5309 5380
f 5312 5313 5382
f 5382 5313 5383
f 5385 5316 5382
f 5316 5312 5382
f 5384 5315 5385
f 5315 5316 5385
f 5387 5319 5384
f 5319 5315 5384
f 5386 5318 5387
f 5318 5319 5387
f 5389 5322 5386
f 5322 5318 5386
f 5388 5321 5389
f 5321 5322 5389
f 5391 5325 5388
f 5325 5321 5388
f 5324 5325 5390
f 5390 5325 5391
f 5393 5328 5390
f 5328 5324 5390
f 5327 5328 5392
f 5392 5328 5393
f 5395 5330 5392
f 5330 5327 5392
f 5331 5330 5394
f 5394 5330 5395
f 5397 5333 5394
f 5333 5331 5394
f 5334 5333 5396
f 5396 5333 5397
f 5399 5336 5396
f 5336 5334 5396
f 5337 5336 5398
f 5398 5336 5399
f 5401 5339 5398
f 5339 5337 5398
f 5340 5339 5400
f 5400 5339 5401
f 5403 5342 5400
f 5342 5340 5400
f 5343 5342 5402
f 5402 5342 5403
f 5405 5345 5402
f 5345 5343 5402
f 5346 5345 5404
f 5404 5345 5405
f 5407 5348 5404
f 5348 5346 5404
f 5349 5348 5406
f 5406 5348 5407
f 5409 5352 5406
f 5352 5349 5406
f 5351 5352 5408
f 5408 5352 5409
f 5411 5355 5408
f 5355 5351 5408
f 5354 5355 5410
f 5410 5355 5411
f 5413 5358 5410
f 5358 5354 5410
f 5357 5358 5412
f 5412 5358 5413
f 5415 5361 5412
f 5361 5357 5412
f 5360 5361 5414
f 5414 5361 5415
f 5417 5364 5414
f 5364 5360 5414
f 5363 5364 5416
f 5416 5364 5417
f 5418 5366 5416
f 5366 5363 5416
f 5365 5366 5367
f 5367 5366 5418
f 5362 5289 5624
f 5359 5362 5625
f 5356 5359 5626
f 5353 5356 5627
f 5350 5353 5628
f 5347 5350 5629
f 5344 5347 5630
f 5341 5344 5631
f 5338 5341 5632
f 5335 5338 5633
f 5332 5335 5634
f 5329 5332 5635
f 5326 5329 5636
f 5323 5326 5637
f 5320 5323 5638
f 5317 5320 5639
f 5314 5317 5640
f 5311 5314 5641
f 5308 5311 5642
f 5305 5308 5643
f 5302 5305 5644
f 5299 5302 5645
f 5296 5299 5646
f 5293 5296 5647
f 5527 5292 5648
f 5648 5292 5293
f 5443 5445 5444
f 5432 5431 5433
f 5433 5431 5434
f 5430 5429 5431
f 5446 5449 5447
f 5447 5449 5448
f 5450 5420 5419
f 5426 5425 5427
f 5420 5423 5421
f 5421 5423 5422
f 5424 5423 5425
f 5427 5423 5428
f 5428 5423 5429
f 5434 5423 5435
f 5435 5423 5436
f 5436 5423 5437
f 5437 5423 5438
f 5438 5423 5439
f 5439 5423 5440
f 5440 5423 5441
f 5441 5423 5442
f 5442 5423 5443
f 5445 5423 5446
f 5449 5423 5450
f 5443 5423 5445
f 5446 5423 5449
f 5431 5423 5434
f 5429 5423 5431
f 5450 5423 5420
f 5425 5423 5427
f 5475 5477 5476
f 5464 5463 5465
f 5465 5463 5466
f 5462 5461 5463
f 5478 5481 5479
f 5479 5481 5480
f 5482 5452 5451
f 5458 5457 5459
f 5452 5455 5453
f 5453 5455 5454
f 5456 5455 5457
f 5459 5455 5460
f 5460 5455 5461
f 5466 5455 5467
f 5467 5455 5468
f 5468 5455 5469
f 5469 5455 5470
f 5470 5455 5471
f 5471 5455 5472
f 5472 5455 5473
f 5473 5455 5474
f 5474 5455 5475
f 5477 5455 5478
f 5481 5455 5482
f 5475 5455 5477
f 5478 5455 5481
f 5463 5455 5466
f 5461 5455 5463
f 5482 5455 5452
f 5457 5455 5459
f 5527 5648 5483
f 5483 5648 5599
f 5649 5650 5016
f 5016 5650 5499
f 5499 5651 5494
f 5650 5651 5499
f 5651 5652 5494
f 5494 5653 5495
f 5652 5653 5494
f 5653 5654 5495
f 5654 5497 5495
f 5654 5655 5497
f 5497 5656 5501
f 5655 5656 5497
f 5656 5657 5501
f 5657 5503 5501
f 5657 5658 5503
f 5503 5659 5505
f 5658 5659 5503
f 5659 5660 5505
f 5660 5507 5505
f 5660 5661 5507
f 5661 5662 5507
f 5662 5509 5507
f 5662 5663 5509
f 5509 5664 4984
f 5663 5664 5509
f 5664 5665 4984
f 5665 5666 4984
f 4984 5666 5492
f 5492 5667 5491
f 5666 5667 5492
f 5667 5668 5491
f 5491 5669 5490
f 5668 5669 5491
f 5669 5670 5490
f 5670 5489 5490
f 5670 5671 5489
f 5489 5672 5488
f 5671 5672 5489
f 5672 5673 5488
f 5673 5487 5488
f 5673 5674 5487
f 5487 5675 5485
f 5674 5675 5487
f 5675 5676 5485
f 5676 5484 5485
f 5676 5677 5484
f 5677 5678 5484
f 5678 5486 5484
f 5678 5679 5486
f 5486 5680 5016
f 5679 5680 5486
f 5680 5649 5016
f 5681 5682 5541
f 5541 5682 5518
f 5518 5683 5513
f 5682 5683 5518
f 5683 5684 5513
f 5513 5685 5514
f 5684 5685 5513
f 5685 5686 5514
f 5686 5516 5514
f 5686 5687 5516
f 5516 5688 5520
f 5687 5688 5516
f 5688 5689 5520
f 5689 5522 5520
f 5689 5690 5522
f 5522 5691 5524
f 5690 5691 5522
f 5691 5692 5524
f 5692 5526 5524
f 5692 5693 5526
f 5693 5694 5526
f 5694 5532 5526
f 5694 5695 5532
f 5532 5696 5511
f 5695 5696 5532
f 5696 5697 5511
f 5697 5698 5511
f 5511 5698 5510
f 5510 5699 5508
f 5698 5699 5510
f 5699 5700 5508
f 5508 5701 5506
f 5700 5701 5508
f 5701 5702 5506
f 5702 5504 5506
f 5702 5703 5504
f 5504 5704 5502
f 5703 5704 5504
f 5704 5705 5502
f 5705 5500 5502
f 5705 5706 5500
f 5500 5707 5496
f 5706 5707 5500
f 5707 5708 5496
f 5708 5493 5496
f 5708 5709 5493
f 5709 5710 5493
f 5710 5498 5493
f 5710 5711 5498
f 5498 5712 5541
f 5711 5712 5498
f 5712 5681 5541
f 5713 5714 5542
f 5542 5714 5528
f 5528 5715 5529
f 5714 5715 5528
f 5715 5716 5529
f 5529 5717 5530
f 5716 5717 5529
f 5717 5718 5530
f 5718 5535 5530
f 5718 5719 5535
f 5535 5720 5536
f 5719 5720 5535
f 5720 5721 5536
f 5721 5537 5536
f 5721 5722 5537
f 5537 5723 5538
f 5722 5723 5537
f 5723 5724 5538
f 5724 5539 5538
f 5724 5725 5539
f 5725 5726 5539
f 5726 5540 5539
f 5726 5727 5540
f 5540 5728 5534
f 5727 5728 5540
f 5728 5729 5534
f 5729 5730 5534
f 5534 5730 5533
f 5533 5731 5531
f 5730 5731 5533
f 5731 5732 5531
f 5531 5733 5525
f 5732 5733 5531
f 5733 5734 5525
f 5734 5523 5525
f 5734 5735 5523
f 5523 5736 5521
f 5735 5736 5523
f 5736 5737 5521
f 5737 5519 5521
f 5737 5738 5519
f 5519 5739 5515
f 5738 5739 5519
f 5739 5740 5515
f 5740 5512 5515
f 5740 5741 5512
f 5741 5742 5512
f 5742 5517 5512
f 5742 5743 5517
f 5517 5744 5542
f 5743 5744 5517
f 5744 5713 5542
f 5585 5586 5551
f 5585 5551 5550
f 5584 5550 5549
f 5584 5585 5550
f 5583 5549 5548
f 5583 5584 5549
f 5582 5548 5547
f 5582 5583 5548
f 5581 5547 5546
f 5581 5582 5547
f 5580 5546 5552
f 5580 5581 5546
f 5579 5552 5553
f 5579 5580 5552
f 5578 5553 5554
f 5578 5579 5553
f 5577 5554 5555
f 5577 5578 5554
f 5576 5555 5556
f 5576 5577 5555
f 5544 5556 5543
f 5544 5576 5556
f 5592 5572 5570
f 5592 5569 5568
f 5592 5570 5569
f 5591 5592 5568
f 5590 5567 5566
f 5590 5568 5567
f 5590 5591 5568
f 5589 5590 5566
f 5587 5566 5565
f 5587 5589 5566
f 5593 5564 5563
f 5593 5565 5564
f 5593 5587 5565
f 5594 5593 5563
f 5595 5563 5562
f 5595 5594 5563
f 5596 5561 5558
f 5596 5562 5561
f 5596 5595 5562
f 5597 5596 5558
f 5598 5558 5560
f 5598 5597 5558
f 5586 5545 5551
f 5575 5545 5586
f 5557 5545 5573
f 5573 5545 5575
f 5571 5557 5574
f 5574 5557 5573
f 5559 5571 5588
f 5588 5571 5574
f 5598 5559 5588
f 5598 5560 5559
f 5648 5293 5217
f 5648 5217 5599
f 5296 5220 5600
f 5647 5296 5600
f 5293 5647 5600
f 5293 5600 5217
f 5646 5299 5223
f 5646 5223 5601
f 5296 5646 5601
f 5296 5601 5220
f 5645 5302 5226
f 5645 5226 5602
f 5299 5645 5602
f 5299 5602 5223
f 5644 5305 5229
f 5644 5229 5603
f 5302 5644 5603
f 5302 5603 5226
f 5643 5308 5232
f 5643 5232 5604
f 5305 5643 5604
f 5305 5604 5229
f 5642 5311 5235
f 5642 5235 5605
f 5308 5642 5605
f 5308 5605 5232
f 5641 5314 5238
f 5641 5238 5606
f 5311 5641 5606
f 5311 5606 5235
f 5640 5317 5241
f 5640 5241 5607
f 5314 5640 5607
f 5314 5607 5238
f 5639 5320 5244
f 5639 5244 5608
f 5317 5639 5608
f 5317 5608 5241
f 5638 5323 5247
f 5638 5247 5609
f 5320 5638 5609
f 5320 5609 5244
f 5637 5326 5250
f 5637 5250 5610
f 5323 5637 5610
f 5323 5610 5247
f 5329 5253 5611
f 5636 5329 5611
f 5326 5636 5611
f 5326 5611 5250
f 5332 5256 5612
f 5635 5332 5612
f 5329 5635 5612
f 5329 5612 5253
f 5335 5259 5613
f 5634 5335 5613
f 5332 5634 5613
f 5332 5613 5256
f 5338 5262 5614
f 5633 5338 5614
f 5633 5614 5259
f 5335 5633 5259
f 5341 5265 5615
f 5632 5341 5615
f 5338 5632 5615
f 5338 5615 5262
f 5344 5268 5616
f 5631 5344 5616
f 5341 5631 5616
f 5341 5616 5265
f 5347 5271 5617
f 5630 5347 5617
f 5344 5630 5617
f 5344 5617 5268
f 5350 5274 5618
f 5629 5350 5618
f 5347 5629 5618
f 5347 5618 5271
f 5353 5277 5619
f 5628 5353 5619
f 5350 5628 5619
f 5350 5619 5274
f 5356 5280 5620
f 5627 5356 5620
f 5353 5627 5620
f 5353 5620 5277
f 5359 5283 5621
f 5626 5359 5621
f 5356 5626 5621
f 5356 5621 5280
f 5362 5286 5622
f 5625 5362 5622
f 5359 5625 5622
f 5359 5622 5283
f 5362 5624 5623
f 5362 5623 5286
f 5673 5675 5674
f 5662 5661 5663
f 5663 5661 5664
f 5660 5659 5661
f 5676 5679 5677
f 5677 5679 5678
f 5680 5650 5649
f 5656 5655 5657
f 5650 5653 5651
f 5651 5653 5652
f 5654 5653 5655
f 5657 5653 5658
f 5658 5653 5659
f 5664 5653 5665
f 5665 5653 5666
f 5666 5653 5667
f 5667 5653 5668
f 5668 5653 5669
f 5669 5653 5670
f 5670 5653 5671
f 5671 5653 5672
f 5672 5653 5673
f 5675 5653 5676
f 5679 5653 5680
f 5673 5653 5675
f 5676 5653 5679
f 5661 5653 5664
f 5659 5653 5661
f 5680 5653 5650
f 5655 5653 5657
f 5705 5707 5706
f 5694 5693 5695
f 5695 5693 5696
f 5692 5691 5693
f 5708 5711 5709
f 5709 5711 5710
f 5712 5682 5681
f 5688 5687 5689
f 5682 5685 5683
f 5683 5685 5684
f 5686 5685 5687
f 5689 5685 5690
f 5690 5685 5691
f 5696 5685 5697
f 5697 5685 5698
f 5698 5685 5699
f 5699 5685 5700
f 5700 5685 5701
f 5701 5685 5702
f 5702 5685 5703
f 5703 5685 5704
f 5704 5685 5705
f 5707 5685 5708
f 5711 5685 5712
f 5705 5685 5707
f 5708 5685 5711
f 5693 5685 5696
f 5691 5685 5693
f 5712 5685 5682
f 5687 5685 5689
f 5737 5739 5738
f 5726 5725 5727
f 5727 5725 5728
f 5724 5723 5725
f 5740 5743 5741
f 5741 5743 5742
f 5744 5714 5713
f 5720 5719 5721
f 5714 5717 5715
f 5715 5717 5716
f 5718 5717 5719
f 5721 5717 5722
f 5722 5717 5723
f 5728 5717 5729
f 5729 5717 5730
f 5730 5717 5731
f 5731 5717 5732
f 5732 5717 5733
f 5733 5717 5734
f 5734 5717 5735
f 5735 5717 5736
f 5736 5717 5737
f 5739 5717 5740
f 5743 5717 5744
f 5737 5717 5739
f 5740 5717 5743
f 5725 5717 5728
f 5723 5717 5725
f 5744 5717 5714
f 5719 5717 5721
f 5745 5534 5746
f 5745 5747 5534
f 5748 5746 5749
f 5748 5749 5750
f 5748 5745 5746
f 5751 5748 5750
f 5752 5750 5753
f 5752 5751 5750
f 5754 5753 5755
f 5754 5752 5753
f 5756 5755 5757
f 5756 5754 5755
f 5758 5757 5759
f 5758 5756 5757
f 5760 5759 5761
f 5760 5758 5759
f 5762 5761 5763
f 5762 5760 5761
f 5764 5763 5765
f 5764 5762 5763
f 5766 5765 5767
f 5766 5764 5765
f 5768 5767 5769
f 5768 5766 5767
f 5770 5769 5771
f 5770 5768 5769
f 5772 5771 5773
f 5772 5773 5774
f 5772 5770 5771
f 5775 5772 5774
f 5776 5775 5774
f 5776 5774 5542
f 5777 5778 5779
f 5777 5780 5778
f 5746 5534 5780
f 5781 5777 5782
f 5781 5780 5777
f 5749 5746 5780
f 5750 5749 5780
f 5783 5780 5781
f 5753 5750 5780
f 5755 5753 5780
f 5757 5755 5780
f 5784 5783 5785
f 5759 5757 5780
f 5761 5759 5780
f 5774 5784 5542
f 5763 5780 5783
f 5763 5761 5780
f 5773 5784 5774
f 5765 5783 5784
f 5765 5763 5783
f 5771 5784 5773
f 5767 5765 5784
f 5769 5767 5784
f 5769 5784 5771
f 5786 5776 5542
f 5786 5542 5784
f 5787 5784 5785
f 5787 5786 5784
f 5788 5787 5785
f 5789 5785 5783
f 5789 5788 5785
f 5790 5789 5783
f 5781 5790 5783
f 5791 5790 5781
f 5792 5781 5782
f 5792 5791 5781
f 5793 5792 5782
f 5777 5793 5782
f 5794 5793 5777
f 5795 5777 5779
f 5795 5794 5777
f 5796 5795 5779
f 5778 5796 5779
f 5797 5796 5778
f 5798 5797 5778
f 5780 5798 5778
f 5799 5798 5780
f 5800 5780 5534
f 5800 5799 5780
f 5747 5800 5534
f 5795 5793 5794
f 5768 5770 5772
f 5768 5772 5775
f 5764 5766 5768
f 5799 5796 5797
f 5799 5797 5798
f 5745 5800 5747
f 5756 5758 5760
f 5752 5776 5786
f 5752 5786 5787
f 5752 5787 5788
f 5752 5788 5789
f 5752 5789 5790
f 5752 5790 5791
f 5752 5791 5792
f 5752 5792 5793
f 5752 5795 5796
f 5752 5799 5800
f 5752 5745 5748
f 5752 5748 5751
f 5752 5754 5756
f 5752 5760 5762
f 5752 5762 5764
f 5752 5775 5776
f 5752 5793 5795
f 5752 5800 5745
f 5752 5768 5775
f 5752 5764 5768
f 5752 5796 5799
f 5752 5756 5760
f 5801 5802 5803
f 5803 5802 5804
f 5804 5805 5806
f 5802 5805 5804
f 5806 5807 5808
f 5805 5807 5806
f 5808 5809 5810
f 5807 5809 5808
f 5810 5811 5812
f 5812 5811 5813
f 5809 5811 5810
f 5813 5814 5815
f 5811 5814 5813
f 5814 5816 5815
f 5815 5817 5818
f 5818 5817 5819
f 5816 5817 5815
f 5817 5820 5819
f 5819 5821 5822
f 5820 5821 5819
f 5822 5823 5824
f 5821 5823 5822
f 5824 5825 5826
f 5823 5825 5824
f 5826 5827 5828
f 5825 5827 5826
f 5828 5829 5830
f 5827 5829 5828
f 5830 5831 5832
f 5829 5831 5830
f 5831 5833 5832
f 5832 5833 5834
f 5835 5836 5837
f 5835 5837 5838
f 5839 5835 5838
f 5824 5826 5835
f 5824 5835 5839
f 5828 5835 5826
f 5822 5824 5839
f 5830 5835 5828
f 5832 5835 5830
f 5819 5822 5839
f 5818 5819 5839
f 5815 5818 5839
f 5840 5815 5839
f 5840 5813 5815
f 5812 5813 5840
f 5810 5812 5840
f 5808 5810 5840
f 5806 5808 5840
f 5804 5806 5840
f 5803 5804 5840
f 5841 5842 5843
f 5844 5843 5845
f 5844 5841 5843
f 5846 5847 5842
f 5846 5842 5841
f 5848 5845 5849
f 5848 5844 5845
f 5850 5849 5851
f 5850 5848 5849
f 5852 5851 5853
f 5852 5850 5851
f 5854 5853 5855
f 5854 5852 5853
f 5856 5855 5857
f 5856 5854 5855
f 5858 5857 5803
f 5858 5856 5857
f 5859 5803 5840
f 5859 5858 5803
f 5860 5861 5862
f 5863 5862 5864
f 5863 5860 5862
f 5865 5866 5861
f 5865 5861 5860
f 5867 5864 5868
f 5867 5863 5864
f 5869 5868 5870
f 5869 5867 5868
f 5871 5870 5872
f 5871 5869 5870
f 5873 5872 5874
f 5873 5871 5872
f 5875 5876 5877
f 5875 5877 5878
f 5879 5874 5880
f 5879 5873 5874
f 5881 5882 5875
f 5883 5880 5859
f 5883 5879 5880
f 5884 5883 5859
f 5885 5875 5878
f 5885 5878 5886
f 5885 5886 5887
f 5885 5887 5888
f 5889 5875 5885
f 5889 5881 5875
f 5890 5884 5859
f 5890 5885 5888
f 5890 5888 5891
f 5890 5891 5892
f 5890 5892 5893
f 5890 5893 5884
f 5875 5835 5834
f 5834 5835 5832
f 5875 5834 5847
f 5875 5847 5894
f 5894 5847 5846
f 5875 5894 5866
f 5875 5866 5895
f 5895 5866 5865
f 5875 5895 5876
f 5840 5890 5859
f 5833 5896 5834
f 5834 5896 5847
f 5847 5897 5842
f 5896 5897 5847
f 5897 5898 5842
f 5842 5899 5843
f 5898 5899 5842
f 5899 5900 5843
f 5900 5845 5843
f 5900 5901 5845
f 5845 5902 5849
f 5901 5902 5845
f 5902 5903 5849
f 5903 5851 5849
f 5903 5904 5851
f 5851 5905 5853
f 5904 5905 5851
f 5905 5906 5853
f 5906 5855 5853
f 5906 5907 5855
f 5907 5908 5855
f 5908 5857 5855
f 5908 5909 5857
f 5857 5910 5803
f 5909 5910 5857
f 5910 5801 5803
f 5817 5821 5820
f 5908 5907 5909
f 5909 5907 5910
f 5906 5905 5907
f 5823 5829 5825
f 5825 5829 5827
f 5831 5896 5833
f 5902 5901 5903
f 5896 5899 5897
f 5897 5899 5898
f 5900 5899 5901
f 5903 5899 5904
f 5904 5899 5905
f 5910 5899 5801
f 5801 5899 5802
f 5802 5899 5805
f 5805 5899 5807
f 5807 5899 5809
f 5809 5899 5811
f 5811 5899 5814
f 5814 5899 5816
f 5816 5899 5817
f 5821 5899 5823
f 5829 5899 5831
f 5817 5899 5821
f 5823 5899 5829
f 5907 5899 5910
f 5905 5899 5907
f 5831 5899 5896
f 5901 5899 5903
f 5875 5882 5911
f 5911 5882 5912
f 5875 5911 5835
f 5835 5911 5913
f 5836 5913 5914
f 5836 5835 5913
f 5837 5836 5915
f 5915 5916 5917
f 5836 5914 5915
f 5915 5914 5916
f 5916 5918 5919
f 5914 5920 5916
f 5916 5920 5918
f 5918 5921 5922
f 5920 5923 5918
f 5918 5923 5921
f 5921 5924 5925
f 5923 5926 5921
f 5921 5926 5924
f 5924 5927 5928
f 5926 5929 5924
f 5924 5929 5927
f 5927 5930 5931
f 5929 5932 5927
f 5927 5932 5930
f 5932 5933 5930
f 5933 5934 5935
f 5932 5936 5933
f 5933 5936 5934
f 5934 5937 5938
f 5936 5939 5934
f 5934 5939 5937
f 5937 5940 5941
f 5937 5942 5940
f 5939 5942 5937
f 5940 5943 5944
f 5942 5945 5940
f 5940 5945 5943
f 5943 5946 5947
f 5945 5948 5943
f 5943 5948 5946
f 5946 5949 5950
f 5948 5951 5946
f 5946 5951 5949
f 5949 5213 5212
f 5951 5213 5949
f 5837 5915 5838
f 5838 5915 5952
f 5839 5838 5952
f 5953 5952 5954
f 5953 5839 5952
f 5955 5953 5956
f 5955 5839 5953
f 5957 5955 5958
f 5959 5957 5960
f 5961 5959 5962
f 5963 5961 5964
f 5965 5966 5967
f 5968 5965 5969
f 5970 5968 5971
f 5972 5970 5973
f 5974 5972 5975
f 5976 5974 5977
f 5158 5976 5159
f 5158 5972 5974
f 5158 5974 5976
f 5158 5839 5972
f 5972 5839 5970
f 5970 5839 5968
f 5968 5839 5965
f 5965 5839 5966
f 5966 5839 5963
f 5963 5839 5961
f 5961 5839 5959
f 5959 5839 5957
f 5957 5839 5955
f 5839 5158 5155
f 5840 5839 5155
f 5978 5152 5979
f 5155 5152 5978
f 5155 5980 5840
f 5978 5980 5155
f 5980 5981 5840
f 5979 5890 5981
f 5981 5890 5840
f 5152 5890 5979
f 5885 5890 5152
f 5885 5152 5151
f 5982 5889 5885
f 5983 5984 5982
f 5983 5982 5885
f 5985 5986 5983
f 5985 5983 5885
f 5987 5988 5985
f 5987 5985 5885
f 5989 5990 5987
f 5989 5987 5885
f 5991 5992 5989
f 5991 5989 5885
f 5993 5994 5991
f 5993 5991 5885
f 5995 5993 5885
f 5996 5997 5995
f 5998 5999 5996
f 6000 6001 5998
f 6002 6003 6000
f 6004 6005 6002
f 5151 5996 5995
f 5151 5995 5885
f 5151 5998 5996
f 5151 6000 5998
f 5151 6002 6000
f 5151 6004 6002
f 6006 6007 6004
f 6006 6004 5151
f 5369 6006 5151
f 6008 5881 5982
f 5982 5881 5889
f 5881 6008 5882
f 6008 5912 5882
f 6009 6010 6008
f 6008 6010 5912
f 6010 6011 5912
f 6012 6013 6010
f 6010 6013 6011
f 6013 6014 6011
f 6015 6016 6013
f 6013 6016 6014
f 6016 6017 6014
f 6018 6019 6016
f 6016 6019 6017
f 6019 6020 6017
f 6021 6022 6019
f 6019 6022 6020
f 6022 6023 6020
f 6024 6025 6022
f 6022 6025 6023
f 6025 6026 6023
f 6026 6027 6023
f 6028 6029 6026
f 6026 6029 6027
f 6029 6030 6027
f 6031 6032 6029
f 6029 6032 6030
f 6032 6033 6030
f 6032 6034 6033
f 6035 6034 6032
f 6034 6036 6033
f 6034 6037 6036
f 6038 6037 6034
f 6037 6039 6036
f 6037 6040 6039
f 6041 6040 6037
f 6040 6042 6039
f 6040 6043 6042
f 6042 6043 5292
f 6044 6043 6040
f 6043 5290 5292
f 6045 6046 5894
f 5894 6046 5866
f 5866 6047 5861
f 6046 6047 5866
f 6047 6048 5861
f 5861 6049 5862
f 6048 6049 5861
f 6049 6050 5862
f 6050 5864 5862
f 6050 6051 5864
f 5864 6052 5868
f 6051 6052 5864
f 6052 6053 5868
f 6053 5870 5868
f 6053 6054 5870
f 5870 6055 5872
f 6054 6055 5870
f 6055 6056 5872
f 6056 5874 5872
f 6056 6057 5874
f 6057 6058 5874
f 6058 5880 5874
f 6058 6059 5880
f 5880 6060 5859
f 6059 6060 5880
f 6060 6061 5859
f 6061 6062 5859
f 5859 6062 5858
f 5858 6063 5856
f 6062 6063 5858
f 6063 6064 5856
f 5856 6065 5854
f 6064 6065 5856
f 6065 6066 5854
f 6066 5852 5854
f 6066 6067 5852
f 5852 6068 5850
f 6067 6068 5852
f 6068 6069 5850
f 6069 5848 5850
f 6069 6070 5848
f 5848 6071 5844
f 6070 6071 5848
f 6071 6072 5844
f 6072 5841 5844
f 6072 6073 5841
f 6073 6074 5841
f 6074 5846 5841
f 6074 6075 5846
f 5846 6076 5894
f 6075 6076 5846
f 6076 6045 5894
f 6077 6078 5895
f 5895 6078 5876
f 5876 6079 5877
f 6078 6079 5876
f 6079 6080 5877
f 5877 6081 5878
f 6080 6081 5877
f 6081 6082 5878
f 6082 5886 5878
f 6082 6083 5886
f 5886 6084 5887
f 6083 6084 5886
f 6084 6085 5887
f 6085 5888 5887
f 6085 6086 5888
f 5888 6087 5891
f 6086 6087 5888
f 6087 6088 5891
f 6088 5892 5891
f 6088 6089 5892
f 6089 6090 5892
f 6090 5893 5892
f 6090 6091 5893
f 5893 6092 5884
f 6091 6092 5893
f 6092 6093 5884
f 6093 6094 5884
f 5884 6094 5883
f 5883 6095 5879
f 6094 6095 5883
f 6095 6096 5879
f 5879 6097 5873
f 6096 6097 5879
f 6097 6098 5873
f 6098 5871 5873
f 6098 6099 5871
f 5871 6100 5869
f 6099 6100 5871
f 6100 6101 5869
f 6101 5867 5869
f 6101 6102 5867
f 5867 6103 5863
f 6102 6103 5867
f 6103 6104 5863
f 6104 5860 5863
f 6104 6105 5860
f 6105 6106 5860
f 6106 5865 5860
f 6106 6107 5865
f 5865 6108 5895
f 6107 6108 5865
f 6108 6077 5895
f 5911 5912 5914
f 5911 5914 5913
f 5963 5930 5966
f 5966 5930 5933
f 5931 5930 5964
f 5964 5930 5963
f 5927 5931 5961
f 5961 5931 5964
f 5928 5927 5962
f 5962 5927 5961
f 5924 5928 5959
f 5959 5928 5962
f 5925 5924 5960
f 5960 5924 5959
f 5921 5925 5957
f 5957 5925 5960
f 5922 5921 5958
f 5958 5921 5957
f 5918 5922 5955
f 5955 5922 5958
f 5919 5918 5956
f 5956 5918 5955
f 5916 5919 5953
f 5953 5919 5956
f 5917 5916 5954
f 5954 5916 5953
f 5915 5917 5952
f 5952 5917 5954
f 5920 5914 6109
f 5923 5920 6110
f 5926 5923 6111
f 5929 5926 6112
f 5932 5929 6113
f 5936 6114 6115
f 6114 6116 6115
f 5936 5932 6114
f 5939 5936 6117
f 5942 5939 6118
f 5945 5942 6119
f 5948 5945 6120
f 5951 5948 6121
f 5213 5951 6122
f 5019 5018 5155
f 5020 5155 5018
f 5017 5155 5158
f 5017 5019 5155
f 4984 5155 5020
f 5022 5017 5158
f 5021 5022 5158
f 6122 5158 5159
f 6122 5159 5212
f 5023 5021 5158
f 5023 5158 6122
f 5025 5023 6122
f 5024 5025 6122
f 5213 6122 5212
f 6123 6124 6125
f 6126 6123 6125
f 6126 6125 6127
f 6128 6124 6123
f 6128 6129 6124
f 6130 6126 6127
f 6130 6127 6131
f 5511 4984 6129
f 5511 5155 4984
f 5511 6129 6128
f 6132 6131 6133
f 6132 6130 6131
f 6134 6133 6135
f 6134 6132 6133
f 6136 6134 6135
f 6136 6135 6137
f 6138 6137 6139
f 6138 6136 6137
f 6140 6138 6139
f 5778 6141 6142
f 5779 6142 6143
f 5779 5778 6142
f 5780 6144 6141
f 5780 6141 5778
f 5777 6143 6145
f 5777 5779 6143
f 5534 5511 6144
f 5534 6144 5780
f 5782 6145 6146
f 5782 5777 6145
f 5781 6146 6147
f 5781 5782 6146
f 5783 6147 6148
f 5783 5781 6147
f 5785 6148 6149
f 5785 5783 6148
f 5152 5534 6150
f 5152 6150 6151
f 5152 6151 6152
f 5152 5511 5534
f 6153 5152 6152
f 5784 5785 6149
f 6154 5152 6153
f 5151 6154 6155
f 5151 6155 6156
f 5151 6156 6157
f 5151 5152 6154
f 6158 5151 6157
f 6158 6157 6159
f 5369 5151 6158
f 5290 6158 5292
f 5290 5369 6158
f 5152 5155 5511
f 6122 6158 5542
f 5542 6158 6159
f 6122 5542 5784
f 6122 5784 5541
f 5541 5784 6149
f 6122 5541 6140
f 6122 6140 5016
f 5016 6140 6139
f 6122 5016 5024
f 5976 5212 5159
f 5976 5949 5212
f 5977 5950 5976
f 5950 5949 5976
f 5974 5946 5977
f 5946 5950 5977
f 5975 5947 5974
f 5947 5946 5974
f 5972 5943 5975
f 5943 5947 5975
f 5973 5944 5972
f 5944 5943 5972
f 5970 5940 5973
f 5940 5944 5973
f 5971 5941 5970
f 5941 5940 5970
f 5968 5937 5971
f 5937 5941 5971
f 5969 5938 5968
f 5938 5937 5968
f 5965 5934 5969
f 5934 5938 5969
f 5967 5935 5965
f 5935 5934 5965
f 5966 5933 5967
f 5933 5935 5967
f 5978 6160 6161
f 5978 6162 6160
f 5978 5979 6162
f 6161 6163 6164
f 6164 6163 6165
f 6165 6163 6166
f 6166 6163 6167
f 6167 6163 6168
f 6168 6163 6169
f 6169 6163 6170
f 6170 6163 6171
f 6171 6163 6172
f 6172 6163 6173
f 6173 6163 6174
f 6160 6163 6161
f 5979 6175 6162
f 6176 6177 6178
f 6178 6177 6179
f 6179 6177 6180
f 6180 6177 6181
f 6181 6177 6175
f 6175 6177 6162
f 6176 6182 6177
f 6182 6183 6177
f 6183 6184 6177
f 6184 6185 6177
f 6185 6186 6177
f 6186 6187 6177
f 6188 5980 5978
f 6188 5978 6161
f 6189 6190 6191
f 6189 6191 6192
f 6189 6192 6193
f 6189 6193 6194
f 6189 6194 6195
f 6196 6190 6189
f 6197 6196 6189
f 6198 6197 6189
f 6199 6198 6189
f 6200 6199 6189
f 6188 6200 6189
f 6201 5980 6188
f 6201 6188 6189
f 6202 6203 6204
f 6205 6203 6202
f 6206 6203 6205
f 6207 6203 6206
f 6208 6203 6207
f 6209 6203 6208
f 6210 6203 6209
f 6211 6203 6210
f 6212 6203 6211
f 6213 6203 6212
f 6214 6215 6203
f 6214 6203 6213
f 5981 6215 6214
f 5981 5980 6215
f 6215 5980 6201
f 5981 6214 6175
f 5981 6175 5979
f 6029 6028 5996
f 5996 6028 5997
f 6028 6026 5997
f 5997 6026 5995
f 6025 5993 6026
f 6026 5993 5995
f 6025 6024 5993
f 5993 6024 5994
f 5994 6024 5991
f 6024 6022 5991
f 6022 6021 5991
f 5991 6021 5992
f 5992 6021 5989
f 6021 6019 5989
f 6019 6018 5989
f 5989 6018 5990
f 5990 6018 5987
f 6018 6016 5987
f 6016 6015 5987
f 5987 6015 5988
f 5988 6015 5985
f 6015 6013 5985
f 6013 6012 5985
f 5985 6012 5986
f 5986 6012 5983
f 6012 6010 5983
f 6010 6009 5983
f 5983 6009 5984
f 5984 6009 5982
f 6009 6008 5982
f 6043 6006 5290
f 5290 6006 5369
f 6043 6044 6006
f 6006 6044 6007
f 6007 6044 6004
f 6044 6040 6004
f 6040 6041 6004
f 6004 6041 6005
f 6005 6041 6002
f 6041 6037 6002
f 6037 6038 6002
f 6002 6038 6003
f 6003 6038 6000
f 6038 6034 6000
f 6034 6035 6000
f 6000 6035 6001
f 6035 6032 6001
f 6001 6032 5998
f 6032 6031 5998
f 5998 6031 5999
f 6031 6029 5999
f 5999 6029 5996
f 6042 5292 6158
f 6039 6042 6216
f 6036 6039 6217
f 6033 6036 6218
f 6030 6033 6219
f 6027 6030 6220
f 6221 6027 6222
f 6223 6221 6222
f 6023 6027 6221
f 6020 6023 6224
f 6017 6020 6225
f 6014 6017 6226
f 6011 6014 6227
f 5912 6011 6228
f 6069 6071 6070
f 6058 6057 6059
f 6059 6057 6060
f 6056 6055 6057
f 6072 6075 6073
f 6073 6075 6074
f 6076 6046 6045
f 6052 6051 6053
f 6046 6049 6047
f 6047 6049 6048
f 6050 6049 6051
f 6053 6049 6054
f 6054 6049 6055
f 6060 6049 6061
f 6061 6049 6062
f 6062 6049 6063
f 6063 6049 6064
f 6064 6049 6065
f 6065 6049 6066
f 6066 6049 6067
f 6067 6049 6068
f 6068 6049 6069
f 6071 6049 6072
f 6075 6049 6076
f 6069 6049 6071
f 6072 6049 6075
f 6057 6049 6060
f 6055 6049 6057
f 6076 6049 6046
f 6051 6049 6053
f 6101 6103 6102
f 6090 6089 6091
f 6091 6089 6092
f 6088 6087 6089
f 6104 6107 6105
f 6105 6107 6106
f 6108 6078 6077
f 6084 6083 6085
f 6078 6081 6079
f 6079 6081 6080
f 6082 6081 6083
f 6085 6081 6086
f 6086 6081 6087
f 6092 6081 6093
f 6093 6081 6094
f 6094 6081 6095
f 6095 6081 6096
f 6096 6081 6097
f 6097 6081 6098
f 6098 6081 6099
f 6099 6081 6100
f 6100 6081 6101
f 6103 6081 6104
f 6107 6081 6108
f 6101 6081 6103
f 6104 6081 6107
f 6089 6081 6092
f 6087 6081 6089
f 6108 6081 6078
f 6083 6081 6085
f 6228 6109 5914
f 5912 6228 5914
f 6228 6011 5920
f 6228 5920 6109
f 6227 6014 5923
f 6227 5923 6110
f 6011 6227 6110
f 6011 6110 5920
f 6226 6017 5926
f 6226 5926 6111
f 6014 6226 6111
f 6014 6111 5923
f 6225 6020 5929
f 6225 5929 6112
f 6017 6225 6112
f 6017 6112 5926
f 6023 5932 6113
f 6224 6023 6113
f 6020 6224 6113
f 6020 6113 5929
f 6023 6221 6114
f 6023 6114 5932
f 6221 6223 6114
f 6114 6223 6116
f 6116 6223 6115
f 6223 6222 6115
f 6027 5936 6115
f 6222 6027 6115
f 6030 5939 6117
f 6220 6030 6117
f 6220 6117 5936
f 6027 6220 5936
f 6033 5942 6118
f 6219 6033 6118
f 6030 6219 6118
f 6030 6118 5939
f 6036 5945 6119
f 6218 6036 6119
f 6033 6218 6119
f 6033 6119 5942
f 6039 5948 6120
f 6217 6039 6120
f 6036 6217 6120
f 6036 6120 5945
f 6216 6121 5948
f 6039 6216 5948
f 6042 5951 6121
f 6216 6042 6121
f 6158 6122 5951
f 6042 6158 5951
f 6229 6230 4984
f 4984 6230 6129
f 6129 6231 6124
f 6230 6231 6129
f 6231 6232 6124
f 6124 6233 6125
f 6232 6233 6124
f 6233 6234 6125
f 6234 6127 6125
f 6234 6235 6127
f 6127 6236 6131
f 6235 6236 6127
f 6236 6237 6131
f 6237 6133 6131
f 6237 6238 6133
f 6133 6239 6135
f 6238 6239 6133
f 6239 6240 6135
f 6240 6137 6135
f 6240 6241 6137
f 6241 6242 6137
f 6242 6139 6137
f 6242 6243 6139
f 6139 6244 5016
f 6243 6244 6139
f 6244 6245 5016
f 6245 6246 5016
f 5016 6246 5024
f 5024 6247 5025
f 6246 6247 5024
f 6247 6248 5025
f 5025 6249 5023
f 6248 6249 5025
f 6249 6250 5023
f 6250 5021 5023
f 6250 6251 5021
f 5021 6252 5022
f 6251 6252 5021
f 6252 6253 5022
f 6253 5017 5022
f 6253 6254 5017
f 5017 6255 5019
f 6254 6255 5017
f 6255 6256 5019
f 6256 5018 5019
f 6256 6257 5018
f 6257 6258 5018
f 6258 5020 5018
f 6258 6259 5020
f 5020 6260 4984
f 6259 6260 5020
f 6260 6229 4984
f 6261 6262 5511
f 5511 6262 6144
f 6144 6263 6141
f 6262 6263 6144
f 6263 6264 6141
f 6141 6265 6142
f 6264 6265 6141
f 6265 6266 6142
f 6266 6143 6142
f 6266 6267 6143
f 6143 6268 6145
f 6267 6268 6143
f 6268 6269 6145
f 6269 6146 6145
f 6269 6270 6146
f 6146 6271 6147
f 6270 6271 6146
f 6271 6272 6147
f 6272 6148 6147
f 6272 6273 6148
f 6273 6274 6148
f 6274 6149 6148
f 6274 6275 6149
f 6149 6276 5541
f 6275 6276 6149
f 6276 6277 5541
f 6277 6278 5541
f 5541 6278 6140
f 6140 6279 6138
f 6278 6279 6140
f 6279 6280 6138
f 6138 6281 6136
f 6280 6281 6138
f 6281 6282 6136
f 6282 6134 6136
f 6282 6283 6134
f 6134 6284 6132
f 6283 6284 6134
f 6284 6285 6132
f 6285 6130 6132
f 6285 6286 6130
f 6130 6287 6126
f 6286 6287 6130
f 6287 6288 6126
f 6288 6123 6126
f 6288 6289 6123
f 6289 6290 6123
f 6290 6128 6123
f 6290 6291 6128
f 6128 6292 5511
f 6291 6292 6128
f 6292 6261 5511
f 6293 6294 5534
f 5534 6294 6150
f 6150 6295 6151
f 6294 6295 6150
f 6295 6296 6151
f 6151 6297 6152
f 6296 6297 6151
f 6297 6298 6152
f 6298 6153 6152
f 6298 6299 6153
f 6153 6300 6154
f 6299 6300 6153
f 6300 6301 6154
f 6301 6155 6154
f 6301 6302 6155
f 6155 6303 6156
f 6302 6303 6155
f 6303 6304 6156
f 6304 6157 6156
f 6304 6305 6157
f 6305 6306 6157
f 6306 6159 6157
f 6306 6307 6159
f 6159 6308 5542
f 6307 6308 6159
f 6308 6309 5542
f 6309 6310 5542
f 5542 6310 5784
f 5784 6311 5785
f 6310 6311 5784
f 6311 6312 5785
f 5785 6313 5783
f 6312 6313 5785
f 6313 6314 5783
f 6314 5781 5783
f 6314 6315 5781
f 5781 6316 5782
f 6315 6316 5781
f 6316 6317 5782
f 6317 5777 5782
f 6317 6318 5777
f 5777 6319 5779
f 6318 6319 5777
f 6319 6320 5779
f 6320 5778 5779
f 6320 6321 5778
f 6321 6322 5778
f 6322 5780 5778
f 6322 6323 5780
f 5780 6324 5534
f 6323 6324 5780
f 6324 6293 5534
f 6181 6175 6214
f 6181 6213 6212
f 6181 6214 6213
f 6180 6181 6212
f 6179 6212 6211
f 6179 6180 6212
f 6178 6210 6209
f 6178 6211 6210
f 6178 6179 6211
f 6176 6209 6208
f 6176 6178 6209
f 6182 6176 6208
f 6183 6208 6207
f 6183 6182 6208
f 6184 6207 6206
f 6184 6183 6207
f 6185 6205 6202
f 6185 6206 6205
f 6185 6184 6206
f 6186 6185 6202
f 6187 6202 6204
f 6187 6186 6202
f 6187 6203 6177
f 6187 6204 6203
f 6203 6215 6177
f 6177 6215 6162
f 6215 6201 6162
f 6162 6201 6160
f 6201 6189 6160
f 6160 6189 6163
f 6174 6189 6195
f 6163 6189 6174
f 6173 6174 6195
f 6173 6195 6194
f 6172 6194 6193
f 6172 6173 6194
f 6171 6193 6192
f 6171 6172 6193
f 6170 6192 6191
f 6170 6171 6192
f 6169 6191 6190
f 6169 6170 6191
f 6168 6190 6196
f 6168 6169 6190
f 6167 6196 6197
f 6167 6168 6196
f 6166 6197 6198
f 6166 6167 6197
f 6165 6198 6199
f 6165 6166 6198
f 6164 6199 6200
f 6164 6165 6199
f 6161 6200 6188
f 6161 6164 6200
f 6253 6255 6254
f 6242 6241 6243
f 6243 6241 6244
f 6240 6239 6241
f 6256 6259 6257
f 6257 6259 6258
f 6260 6230 6229
f 6236 6235 6237
f 6230 6233 6231
f 6231 6233 6232
f 6234 6233 6235
f 6237 6233 6238
f 6238 6233 6239
f 6244 6233 6245
f 6245 6233 6246
f 6246 6233 6247
f 6247 6233 6248
f 6248 6233 6249
f 6249 6233 6250
f 6250 6233 6251
f 6251 6233 6252
f 6252 6233 6253
f 6255 6233 6256
f 6259 6233 6260
f 6253 6233 6255
f 6256 6233 6259
f 6241 6233 6244
f 6239 6233 6241
f 6260 6233 6230
f 6235 6233 6237
f 6285 6287 6286
f 6274 6273 6275
f 6275 6273 6276
f 6272 6271 6273
f 6288 6291 6289
f 6289 6291 6290
f 6292 6262 6261
f 6268 6267 6269
f 6262 6265 6263
f 6263 6265 6264
f 6266 6265 6267
f 6269 6265 6270
f 6270 6265 6271
f 6276 6265 6277
f 6277 6265 6278
f 6278 6265 6279
f 6279 6265 6280
f 6280 6265 6281
f 6281 6265 6282
f 6282 6265 6283
f 6283 6265 6284
f 6284 6265 6285
f 6287 6265 6288
f 6291 6265 6292
f 6285 6265 6287
f 6288 6265 6291
f 6273 6265 6276
f 6271 6265 6273
f 6292 6265 6262
f 6267 6265 6269
f 6317 6319 6318
f 6306 6305 6307
f 6307 6305 6308
f 6304 6303 6305
f 6320 6323 6321
f 6321 6323 6322
f 6324 6294 6293
f 6300 6299 6301
f 6294 6297 6295
f 6295 6297 6296
f 6298 6297 6299
f 6301 6297 6302
f 6302 6297 6303
f 6308 6297 6309
f 6309 6297 6310
f 6310 6297 6311
f 6311 6297 6312
f 6312 6297 6313
f 6313 6297 6314
f 6314 6297 6315
f 6315 6297 6316
f 6316 6297 6317
f 6319 6297 6320
f 6323 6297 6324
f 6317 6297 6319
f 6320 6297 6323
f 6305 6297 6308
f 6303 6297 6305
f 6324 6297 6294
f 6299 6297 6301
f 6325 6326 6327
f 6327 6328 6329
f 6326 6328 6327
f 6328 6330 6329
f 6329 6331 6332
f 6330 6331 6329
f 6332 6333 6334
f 6334 6333 6335
f 6331 6333 6332
f 6333 6336 6335
f 6335 6337 6338
f 6336 6337 6335
f 6338 6339 6340
f 6337 6339 6338
f 6340 6341 6342
f 6339 6341 6340
f 6342 6343 6344
f 6344 6343 6345
f 6341 6343 6342
f 6343 6346 6345
f 6345 6347 6348
f 6346 6347 6345
f 6328 6326 6349
f 6330 6328 6349
f 6331 6349 6350
f 6331 6330 6349
f 6333 6331 6350
f 6336 6333 6350
f 6337 6336 6350
f 6339 6337 6350
f 6341 6350 6351
f 6341 6339 6350
f 6343 6341 6351
f 6346 6343 6351
f 6347 6346 6351
f 6352 6353 6354
f 6355 6353 6352
f 6356 6347 6351
f 6357 6355 6358
f 6357 6358 6359
f 6357 6359 6360
f 6357 6353 6355
f 6361 6360 6362
f 6361 6362 6356
f 6361 6357 6360
f 6361 6356 6351
f 6347 6356 6348
f 6348 6356 6363
f 6345 6348 6364
f 6344 6345 6364
f 6342 6364 6365
f 6342 6344 6364
f 6340 6342 6365
f 6338 6340 6365
f 6335 6338 6365
f 6334 6335 6365
f 6332 6334 6365
f 6366 6325 6327
f 6366 6327 6329
f 6366 6329 6332
f 6366 6332 6365
f 6363 6364 6348
f 6367 6368 6369
f 6370 6363 6371
f 6370 6371 6372
f 6370 6364 6363
f 6373 6372 6374
f 6373 6374 6375
f 6373 6375 6376
f 6373 6376 6368
f 6373 6370 6372
f 6373 6368 6367
f 6349 6326 6366
f 6366 6326 6325
f 6349 6366 6365
f 6350 6349 6365
f 6351 6365 6364
f 6351 6350 6365
f 6377 6364 6370
f 6377 6378 6364
f 6379 6351 6364
f 6379 6364 6378
f 6361 6379 6380
f 6361 6380 6377
f 6361 6377 6370
f 6361 6351 6379
f 6357 6361 6370
f 6357 6370 6373
f 6357 6373 6367
f 6353 6357 6367
f 6369 6353 6367
f 6354 6353 6369
f 6356 6371 6363
f 6371 6362 6372
f 6356 6362 6371
f 6372 6360 6374
f 6362 6360 6372
f 6374 6359 6375
f 6360 6359 6374
f 6375 6358 6376
f 6359 6358 6375
f 6376 6355 6368
f 6358 6355 6376
f 6355 6352 6368
f 6352 6369 6368
f 6352 6354 6369
f 6377 6381 6382
f 6377 6382 6378
f 6383 6378 6382
f 6383 6379 6378
f 6384 6379 6383
f 6384 6380 6379
f 6380 6384 6381
f 6380 6381 6377
f 6385 6386 6387
f 6388 6385 6389
f 6388 6386 6385
f 6390 6389 6391
f 6390 6388 6389
f 6392 6391 6393
f 6392 6390 6391
f 6394 6393 6395
f 6394 6392 6393
f 6396 6394 6395
f 6397 6396 6395
f 6398 6396 6397
f 6382 6398 6397
f 6381 6398 6382
f 6399 6383 6382
f 6399 6382 6397
f 6400 6397 6395
f 6400 6399 6397
f 6401 6400 6395
f 6393 6401 6395
f 6402 6401 6393
f 6391 6402 6393
f 6403 6391 6389
f 6403 6402 6391
f 6404 6389 6385
f 6404 6403 6389
f 6405 6385 6387
f 6405 6404 6385
f 6399 6384 6383
f 6406 6384 6399
f 6400 6406 6399
f 6407 6400 6401
f 6407 6406 6400
f 6408 6401 6402
f 6408 6407 6401
f 6409 6402 6403
f 6409 6408 6402
f 6410 6403 6404
f 6410 6409 6403
f 6411 6410 6404
f 6405 6411 6404
f 6412 6411 6405
f 6411 6412 6386
f 6411 6386 6388
f 6410 6388 6390
f 6410 6411 6388
f 6409 6410 6390
f 6392 6409 6390
f 6408 6409 6392
f 6394 6408 6392
f 6407 6394 6396
f 6407 6408 6394
f 6406 6396 6398
f 6406 6407 6396
f 6384 6398 6381
f 6384 6406 6398
f 6386 6405 6387
f 6412 6405 6386
f 6413 6414 6415
f 6413 6415 6416
f 6417 6416 6418
f 6417 6418 6419
f 6417 6413 6416
f 6420 6417 6419
f 6421 6419 6422
f 6421 6422 6423
f 6421 6420 6419
f 6424 6421 6423
f 6425 6423 6426
f 6425 6424 6423
f 6427 6426 6428
f 6427 6428 6429
f 6427 6425 6426
f 6430 6429 6431
f 6430 6427 6429
f 6432 6430 6431
f 6433 6431 6434
f 6433 6432 6431
f 6435 6434 6436
f 6435 6433 6434
f 6437 6436 6438
f 6437 6435 6436
f 6439 6440 6441
f 6442 6440 6439
f 6443 6440 6442
f 6444 6440 6443
f 6445 6440 6444
f 6446 6440 6445
f 6447 6440 6446
f 6448 6440 6447
f 6449 6440 6448
f 6450 6440 6449
f 6451 6440 6450
f 6452 6440 6451
f 6453 6440 6452
f 6440 6454 6441
f 6440 6455 6454
f 6456 6455 6457
f 6457 6455 6458
f 6458 6455 6459
f 6459 6455 6460
f 6460 6455 6461
f 6461 6455 6462
f 6462 6455 6463
f 6456 6464 6455
f 6464 6465 6455
f 6465 6466 6455
f 6466 6467 6455
f 6467 6468 6455
f 6468 6469 6455
f 6469 6470 6455
f 6470 6471 6455
f 6471 6472 6455
f 6472 6473 6455
f 6473 6474 6455
f 6474 6475 6455
f 6475 6476 6455
f 6455 6414 6454
f 6476 6414 6455
f 6454 6477 6478
f 6478 6477 6479
f 6479 6477 6480
f 6480 6477 6481
f 6414 6477 6454
f 6481 6477 6482
f 6482 6477 6483
f 6483 6477 6484
f 6484 6477 6485
f 6414 6486 6477
f 6414 6413 6486
f 6477 6487 6485
f 6485 6487 6488
f 6488 6487 6489
f 6489 6487 6490
f 6490 6487 6491
f 6413 6417 6486
f 6417 6420 6486
f 6420 6421 6486
f 6421 6424 6486
f 6424 6425 6486
f 6425 6427 6486
f 6486 6430 6492
f 6427 6430 6486
f 6430 6432 6492
f 6432 6433 6492
f 6433 6435 6492
f 6435 6437 6492
f 6463 6493 6494
f 6462 6494 6495
f 6462 6463 6494
f 6461 6495 6496
f 6461 6462 6495
f 6460 6496 6497
f 6460 6461 6496
f 6459 6497 6498
f 6459 6460 6497
f 6458 6498 6499
f 6458 6459 6498
f 6457 6499 6500
f 6457 6458 6499
f 6456 6500 6501
f 6456 6457 6500
f 6464 6501 6502
f 6464 6456 6501
f 6465 6502 6503
f 6465 6464 6502
f 6466 6503 6504
f 6466 6465 6503
f 6467 6504 6505
f 6467 6466 6504
f 6468 6505 6506
f 6468 6467 6505
f 6469 6468 6506
f 6469 6506 6507
f 6470 6469 6507
f 6470 6507 6508
f 6471 6470 6508
f 6471 6508 6509
f 6472 6471 6509
f 6472 6509 6510
f 6473 6472 6510
f 6473 6510 6511
f 6474 6473 6511
f 6474 6511 6512
f 6475 6474 6512
f 6475 6512 6513
f 6476 6475 6513
f 6476 6513 6415
f 6414 6476 6415
f 6514 6515 6516
f 6514 6517 6515
f 6514 6518 6517
f 6514 6519 6518
f 6514 6520 6519
f 6514 6521 6520
f 6514 6522 6521
f 6514 6523 6522
f 6514 6524 6523
f 6514 6525 6524
f 6514 6526 6525
f 6514 6527 6526
f 6514 6528 6527
f 6529 6514 6516
f 6530 6514 6529
f 6530 6494 6493
f 6530 6495 6494
f 6530 6496 6495
f 6530 6497 6496
f 6530 6498 6497
f 6530 6499 6498
f 6530 6500 6499
f 6501 6500 6530
f 6502 6501 6530
f 6503 6502 6530
f 6504 6503 6530
f 6505 6504 6530
f 6506 6505 6530
f 6507 6506 6530
f 6508 6507 6530
f 6509 6508 6530
f 6510 6509 6530
f 6511 6510 6530
f 6512 6511 6530
f 6513 6512 6530
f 6415 6530 6529
f 6415 6513 6530
f 6531 6415 6529
f 6531 6529 6532
f 6531 6532 6533
f 6531 6533 6534
f 6531 6534 6535
f 6531 6535 6536
f 6531 6536 6537
f 6531 6537 6538
f 6531 6538 6539
f 6540 6415 6531
f 6416 6415 6540
f 6541 6531 6539
f 6541 6539 6542
f 6541 6542 6543
f 6541 6543 6544
f 6541 6544 6545
f 6418 6416 6540
f 6419 6418 6540
f 6422 6419 6540
f 6423 6422 6540
f 6426 6423 6540
f 6428 6426 6540
f 6429 6540 6546
f 6429 6428 6540
f 6431 6429 6546
f 6434 6431 6546
f 6436 6434 6546
f 6438 6436 6546
f 6546 6492 6438
f 6492 6437 6438
f 6492 6546 6540
f 6486 6492 6540
f 6531 6486 6540
f 6477 6486 6531
f 6541 6487 6531
f 6487 6477 6531
f 6487 6541 6545
f 6491 6487 6545
f 6491 6545 6544
f 6490 6491 6544
f 6489 6544 6543
f 6489 6490 6544
f 6488 6543 6542
f 6488 6489 6543
f 6485 6542 6539
f 6485 6488 6542
f 6484 6539 6538
f 6484 6485 6539
f 6483 6538 6537
f 6483 6484 6538
f 6482 6537 6536
f 6482 6483 6537
f 6481 6536 6535
f 6481 6482 6536
f 6480 6535 6534
f 6480 6481 6535
f 6479 6534 6533
f 6479 6480 6534
f 6478 6533 6532
f 6478 6479 6533
f 6478 6532 6529
f 6454 6478 6529
f 6516 6454 6529
f 6441 6454 6516
f 6439 6516 6515
f 6439 6441 6516
f 6442 6515 6517
f 6442 6439 6515
f 6443 6517 6518
f 6443 6442 6517
f 6444 6518 6519
f 6444 6443 6518
f 6445 6519 6520
f 6445 6444 6519
f 6446 6520 6521
f 6446 6445 6520
f 6447 6521 6522
f 6447 6446 6521
f 6523 6447 6522
f 6448 6447 6523
f 6449 6523 6524
f 6449 6448 6523
f 6525 6449 6524
f 6450 6449 6525
f 6451 6525 6526
f 6451 6450 6525
f 6452 6526 6527
f 6452 6451 6526
f 6453 6527 6528
f 6453 6452 6527
f 6440 6453 6528
f 6440 6528 6514
f 6530 6440 6514
f 6455 6440 6530
f 6493 6455 6530
f 6463 6455 6493
f 6547 6548 6549
f 6547 6549 6550
f 6548 6551 6552
f 6548 6552 6549
f 6549 6553 6550
f 6549 6552 6553
f 6554 6547 6550
f 6554 6550 6553
f 6551 6548 6547
f 6551 6547 6554
f 6555 6554 6553
f 6555 6553 6556
f 6557 6553 6552
f 6557 6556 6553
f 6551 6555 6558
f 6551 6558 6557
f 6551 6554 6555
f 6551 6557 6552
f 6559 6558 6555
f 6559 6555 6560
f 6558 6561 6557
f 6558 6559 6561
f 6557 6562 6556
f 6557 6561 6562
f 6560 6555 6556
f 6560 6556 6562
f 6563 6559 6560
f 6564 6559 6563
f 6565 6564 6563
f 6566 6564 6565
f 6567 6565 6568
f 6567 6566 6565
f 6569 6568 6570
f 6569 6567 6568
f 6571 6570 6572
f 6571 6569 6570
f 6573 6572 6574
f 6573 6571 6572
f 6575 6574 6576
f 6575 6573 6574
f 6577 6575 6578
f 6573 6577 6579
f 6573 6575 6577
f 6571 6579 6580
f 6571 6573 6579
f 6569 6580 6581
f 6569 6571 6580
f 6567 6581 6582
f 6567 6569 6581
f 6566 6567 6582
f 6583 6566 6582
f 6564 6566 6583
f 6561 6564 6583
f 6559 6564 6561
f 6577 6578 6584
f 6577 6584 6585
f 6579 6585 6586
f 6579 6577 6585
f 6580 6579 6586
f 6587 6580 6586
f 6581 6580 6587
f 6588 6581 6587
f 6582 6588 6589
f 6582 6581 6588
f 6583 6589 6590
f 6583 6582 6589
f 6561 6590 6562
f 6561 6583 6590
f 6590 6560 6562
f 6563 6560 6590
f 6565 6590 6589
f 6565 6563 6590
f 6568 6589 6588
f 6568 6565 6589
f 6570 6588 6587
f 6570 6568 6588
f 6586 6570 6587
f 6572 6570 6586
f 6574 6586 6585
f 6574 6572 6586
f 6576 6585 6584
f 6576 6574 6585
f 6575 6576 6584
f 6575 6584 6578
f 6591 6592 6593
f 6591 6593 6594
f 6595 6594 6596
f 6595 6591 6594
f 6597 6596 6598
f 6597 6595 6596
f 6599 6598 6600
f 6599 6597 6598
f 6601 6600 6602
f 6601 6599 6600
f 6603 6602 6604
f 6603 6601 6602
f 6605 6604 6606
f 6605 6606 6607
f 6605 6603 6604
f 6608 6605 6607
f 6609 6607 6610
f 6609 6608 6607
f 6611 6610 6612
f 6611 6609 6610
f 6613 6612 6614
f 6613 6611 6612
f 6615 6614 6616
f 6615 6613 6614
f 6617 6618 6619
f 6620 6618 6617
f 6621 6618 6620
f 6622 6618 6621
f 6623 6618 6622
f 6624 6618 6623
f 6625 6618 6624
f 6626 6618 6625
f 6627 6618 6626
f 6628 6618 6627
f 6629 6618 6628
f 6630 6618 6629
f 6631 6618 6630
f 6618 6632 6619
f 6618 6633 6632
f 6634 6633 6635
f 6635 6633 6636
f 6636 6633 6637
f 6637 6633 6638
f 6638 6633 6639
f 6639 6633 6640
f 6640 6633 6641
f 6634 6642 6633
f 6642 6643 6633
f 6643 6644 6633
f 6644 6645 6633
f 6645 6646 6633
f 6646 6647 6633
f 6647 6648 6633
f 6648 6649 6633
f 6649 6650 6633
f 6650 6651 6633
f 6651 6652 6633
f 6652 6653 6633
f 6653 6654 6633
f 6633 6592 6632
f 6654 6592 6633
f 6632 6655 6656
f 6656 6655 6657
f 6657 6655 6658
f 6658 6655 6659
f 6592 6655 6632
f 6659 6655 6660
f 6660 6655 6661
f 6661 6655 6662
f 6662 6655 6663
f 6592 6664 6655
f 6592 6591 6664
f 6655 6665 6663
f 6663 6665 6666
f 6666 6665 6667
f 6667 6665 6668
f 6668 6665 6669
f 6591 6595 6664
f 6595 6597 6664
f 6597 6599 6664
f 6599 6601 6664
f 6601 6603 6664
f 6603 6605 6664
f 6664 6608 6670
f 6605 6608 6664
f 6608 6609 6670
f 6609 6611 6670
f 6611 6613 6670
f 6613 6615 6670
f 6641 6671 6672
f 6640 6672 6673
f 6640 6641 6672
f 6639 6673 6674
f 6639 6640 6673
f 6638 6674 6675
f 6638 6639 6674
f 6637 6675 6676
f 6637 6638 6675
f 6636 6676 6677
f 6636 6637 6676
f 6635 6677 6678
f 6635 6636 6677
f 6634 6678 6679
f 6634 6635 6678
f 6642 6679 6680
f 6642 6634 6679
f 6643 6680 6681
f 6643 6642 6680
f 6644 6681 6682
f 6644 6643 6681
f 6645 6682 6683
f 6645 6644 6682
f 6646 6683 6684
f 6646 6645 6683
f 6647 6646 6684
f 6647 6684 6685
f 6648 6647 6685
f 6648 6685 6686
f 6649 6648 6686
f 6649 6686 6687
f 6650 6649 6687
f 6650 6687 6688
f 6651 6650 6688
f 6651 6688 6689
f 6652 6651 6689
f 6652 6689 6690
f 6653 6652 6690
f 6653 6690 6691
f 6654 6653 6691
f 6654 6691 6593
f 6592 6654 6593
f 6692 6693 6694
f 6692 6695 6693
f 6692 6696 6695
f 6692 6697 6696
f 6692 6698 6697
f 6692 6699 6698
f 6692 6700 6699
f 6692 6701 6700
f 6692 6702 6701
f 6692 6703 6702
f 6692 6704 6703
f 6692 6705 6704
f 6692 6706 6705
f 6707 6692 6694
f 6708 6692 6707
f 6708 6672 6671
f 6708 6673 6672
f 6708 6674 6673
f 6708 6675 6674
f 6708 6676 6675
f 6708 6677 6676
f 6708 6678 6677
f 6679 6678 6708
f 6680 6679 6708
f 6681 6680 6708
f 6682 6681 6708
f 6683 6682 6708
f 6684 6683 6708
f 6685 6684 6708
f 6686 6685 6708
f 6687 6686 6708
f 6688 6687 6708
f 6689 6688 6708
f 6690 6689 6708
f 6691 6690 6708
f 6593 6708 6707
f 6593 6691 6708
f 6709 6593 6707
f 6709 6707 6710
f 6709 6710 6711
f 6709 6711 6712
f 6709 6712 6713
f 6709 6713 6714
f 6709 6714 6715
f 6709 6715 6716
f 6709 6716 6717
f 6718 6593 6709
f 6594 6593 6718
f 6719 6709 6717
f 6719 6717 6720
f 6719 6720 6721
f 6719 6721 6722
f 6719 6722 6723
f 6596 6594 6718
f 6598 6596 6718
f 6600 6598 6718
f 6602 6600 6718
f 6604 6602 6718
f 6606 6604 6718
f 6607 6718 6724
f 6607 6606 6718
f 6610 6607 6724
f 6612 6610 6724
f 6614 6612 6724
f 6616 6614 6724
f 6724 6670 6616
f 6670 6615 6616
f 6670 6724 6718
f 6664 6670 6718
f 6709 6664 6718
f 6655 6664 6709
f 6719 6665 6709
f 6665 6655 6709
f 6665 6719 6723
f 6669 6665 6723
f 6669 6723 6722
f 6668 6669 6722
f 6667 6722 6721
f 6667 6668 6722
f 6666 6721 6720
f 6666 6667 6721
f 6663 6720 6717
f 6663 6666 6720
f 6662 6717 6716
f 6662 6663 6717
f 6661 6716 6715
f 6661 6662 6716
f 6660 6715 6714
f 6660 6661 6715
f 6659 6714 6713
f 6659 6660 6714
f 6658 6713 6712
f 6658 6659 6713
f 6657 6712 6711
f 6657 6658 6712
f 6656 6711 6710
f 6656 6657 6711
f 6656 6710 6707
f 6632 6656 6707
f 6694 6632 6707
f 6619 6632 6694
f 6617 6694 6693
f 6617 6619 6694
f 6695 6617 6693
f 6620 6617 6695
f 6621 6695 6696
f 6621 6620 6695
f 6697 6621 6696
f 6622 6621 6697
f 6623 6697 6698
f 6623 6622 6697
f 6699 6623 6698
f 6624 6623 6699
f 6625 6699 6700
f 6625 6624 6699
f 6626 6700 6701
f 6626 6625 6700
f 6627 6701 6702
f 6627 6626 6701
f 6628 6702 6703
f 6628 6627 6702
f 6629 6703 6704
f 6629 6628 6703
f 6630 6704 6705
f 6630 6629 6704
f 6706 6630 6705
f 6631 6630 6706
f 6618 6631 6706
f 6618 6706 6692
f 6708 6618 6692
f 6633 6618 6708
f 6671 6633 6708
f 6641 6633 6671
f 6725 6726 6727
f 6727 6726 6728
f 6728 6729 6730
f 6730 6729 6731
f 6726 6729 6728
f 6729 6732 6731
f 6731 6733 6734
f 6732 6733 6731
f 6734 6735 6736
f 6733 6735 6734
f 6736 6737 6738
f 6735 6737 6736
f 6738 6739 6740
f 6737 6739 6738
f 6739 6741 6740
f 6740 6741 6742
f 6741 6743 6742
f 6742 6743 6744
f 6743 6745 6744
f 6744 6745 6746
f 6745 6747 6746
f 6746 6747 6748
f 6748 6747 6749
f 6747 6750 6749
f 6750 6751 6749
f 6749 6751 6752
f 6752 6751 6753
f 6751 6754 6753
f 6753 6754 6755
f 6754 6756 6755
f 6756 6757 6755
f 6755 6757 6758
f 6758 6757 6759
f 6757 6760 6759
f 6760 6761 6759
f 6759 6761 6762
f 6762 6761 6763
f 6761 6764 6763
f 6764 6765 6763
f 6763 6765 6766
f 6766 6765 6767
f 6765 6768 6767
f 6767 6768 6769
f 6769 6770 6771
f 6768 6770 6769
f 6770 6772 6771
f 6771 6773 6774
f 6774 6773 6775
f 6772 6773 6771
f 6773 6776 6775
f 6775 6777 6778
f 6776 6777 6775
f 6778 6779 6780
f 6780 6779 6781
f 6777 6779 6778
f 6779 6782 6781
f 6781 6783 6784
f 6784 6783 6785
f 6782 6783 6781
f 6783 6786 6785
f 6785 6787 6788
f 6786 6787 6785
f 6788 6789 6790
f 6787 6789 6788
f 6791 6792 6793
f 6791 6793 6794
f 6795 6792 6791
f 6796 6792 6795
f 6797 6792 6796
f 6798 6792 6797
f 6799 6792 6798
f 6800 6792 6799
f 6801 6800 6802
f 6801 6802 6803
f 6801 6792 6800
f 6804 6805 6806
f 6807 6801 6803
f 6807 6808 6801
f 6809 6803 6810
f 6809 6810 6811
f 6809 6807 6803
f 6812 6809 6811
f 6813 6811 6814
f 6813 6812 6811
f 6815 6816 6817
f 6815 6817 6818
f 6815 6818 6804
f 6815 6804 6806
f 6819 6816 6815
f 6820 6814 6821
f 6820 6813 6814
f 6822 6819 6815
f 6823 6821 6824
f 6823 6820 6821
f 6825 6822 6815
f 6826 6824 6827
f 6826 6827 6828
f 6826 6823 6824
f 6829 6830 6831
f 4662 6828 6832
f 4662 6832 6833
f 4662 6826 6828
f 4661 6833 6834
f 4661 4662 6833
f 6835 6830 6829
f 4660 6834 6836
f 4660 4661 6834
f 4659 4660 6836
f 4656 4659 6836
f 4656 6836 6837
f 4655 4656 6837
f 4654 4655 6837
f 4654 6837 6838
f 4653 6838 6839
f 4653 4654 6838
f 4652 4653 6839
f 6840 6826 4662
f 4651 4652 6839
f 4651 6839 6841
f 6842 6825 6815
f 6842 4650 4651
f 6842 4649 4650
f 6842 6841 6825
f 6842 4651 6841
f 6775 6843 6774
f 6775 6844 6843
f 6771 6774 6843
f 6771 6843 6845
f 6778 6844 6775
f 6778 6835 6844
f 6769 6771 6845
f 6780 6830 6835
f 6780 6835 6778
f 6767 6769 6845
f 6767 6845 6846
f 6781 6830 6780
f 6766 6767 6846
f 4608 6840 4662
f 6784 6830 6781
f 6763 6846 6840
f 6763 6766 6846
f 6785 6830 6784
f 6762 6763 6840
f 6759 6762 6840
f 6758 6840 4608
f 6758 6759 6840
f 6755 6758 4608
f 6847 6785 6788
f 6847 6788 6790
f 6847 6790 6848
f 6847 6830 6785
f 6849 6847 6848
f 6753 6755 4608
f 6850 6847 6849
f 6752 6753 4608
f 6752 4608 4606
f 6851 6847 6850
f 6749 4606 4605
f 6749 6752 4606
f 6852 6847 6851
f 6748 4605 4602
f 6748 6749 4605
f 6853 6847 6852
f 6746 6748 4602
f 6746 4602 4600
f 6854 6847 6853
f 6744 4600 4598
f 6744 6746 4600
f 6855 4588 4584
f 6855 4591 4588
f 6742 6744 4598
f 6742 4598 4596
f 6740 4596 4595
f 6740 6742 4596
f 6738 4595 4592
f 6738 6740 4595
f 6856 6847 6854
f 6856 6854 6593
f 6736 4592 4591
f 6736 4591 6855
f 6736 6738 4592
f 6734 6736 6855
f 6731 6734 6855
f 6730 6731 6855
f 6857 6707 6858
f 6859 6860 6727
f 6859 6861 6860
f 6859 6862 6861
f 6859 6863 6862
f 6859 6864 6863
f 6859 6865 6864
f 6859 6858 6865
f 6859 6727 6728
f 6859 6728 6730
f 6859 6730 6855
f 6859 6857 6858
f 6632 6866 6707
f 6858 6866 6865
f 6707 6866 6858
f 6865 6867 6864
f 6866 6867 6865
f 6864 6868 6863
f 6867 6868 6864
f 6863 6869 6862
f 6868 6869 6863
f 6862 6870 6861
f 6869 6870 6862
f 6861 6871 6860
f 6870 6871 6861
f 6860 6872 6727
f 6871 6872 6860
f 6872 6725 6727
f 6873 6874 6875
f 6873 6876 6874
f 6877 6876 6873
f 6878 6876 6877
f 6879 6876 6878
f 6880 6876 6879
f 6881 6876 6880
f 6882 6876 6881
f 6883 6882 6884
f 6883 6884 6885
f 6883 6876 6882
f 6886 6887 6888
f 4704 4703 6883
f 4705 6883 6885
f 4705 4704 6883
f 4706 6885 6889
f 4706 4705 6885
f 4707 4706 6889
f 4708 6889 6890
f 4708 4707 6889
f 4709 6890 6891
f 4709 4708 6890
f 6892 6893 6894
f 6892 6894 6895
f 6892 6895 6886
f 6892 6886 6888
f 6896 6893 6892
f 4710 4709 6891
f 4713 6891 6897
f 4713 4710 6891
f 6898 6896 6892
f 4714 4713 6897
f 4715 4714 6897
f 4715 6897 6899
f 6900 6898 6892
f 4716 4715 6899
f 4716 6899 6901
f 4716 6901 6902
f 4589 6903 4587
f 4590 6903 4589
f 6904 6902 6905
f 6904 4716 6902
f 6904 6905 6906
f 6904 6906 6907
f 6908 6904 6907
f 6908 6907 6909
f 6910 6909 6911
f 6910 6908 6909
f 6912 6911 6913
f 6912 6910 6911
f 6914 6913 6915
f 6914 6912 6913
f 6916 6914 6915
f 6916 6915 6917
f 4609 4716 6904
f 6918 6900 6892
f 6918 6917 6900
f 6918 6919 6920
f 6918 6920 6916
f 6918 6916 6917
f 6741 4597 4599
f 6739 4594 4597
f 6739 4597 6741
f 6743 4599 4601
f 6743 6741 4599
f 6737 4593 4594
f 6737 4594 6739
f 6745 4601 4603
f 6745 6743 4601
f 6735 4590 4593
f 6735 6903 4590
f 6735 4593 6737
f 6747 4603 4604
f 6747 6745 4603
f 6750 4604 4607
f 6750 6747 4604
f 6733 6903 6735
f 6921 4609 6904
f 6751 4607 4609
f 6751 6750 4607
f 6732 6903 6733
f 6754 6751 4609
f 6729 6903 6732
f 6756 6754 4609
f 6757 6756 4609
f 6757 4609 6921
f 6760 6757 6921
f 6922 6725 6872
f 6922 6903 6729
f 6922 6726 6725
f 6922 6729 6726
f 6871 6922 6872
f 6761 6760 6921
f 6870 6922 6871
f 6764 6761 6921
f 6764 6921 6923
f 6869 6922 6870
f 6765 6764 6923
f 6868 6922 6869
f 6768 6765 6923
f 6768 6923 6924
f 6867 6922 6868
f 6770 6768 6924
f 6770 6924 6925
f 6866 6922 6867
f 6772 6925 6926
f 6772 6770 6925
f 6927 6928 6929
f 6773 6772 6926
f 6776 6926 6930
f 6776 6773 6926
f 6777 6776 6930
f 6931 6922 6866
f 6931 6866 6632
f 6779 6930 6928
f 6779 6928 6927
f 6779 6777 6930
f 6782 6779 6927
f 6783 6782 6927
f 6786 6783 6927
f 6932 6592 6933
f 6934 6935 6789
f 6934 6936 6935
f 6934 6937 6936
f 6934 6938 6937
f 6934 6939 6938
f 6934 6940 6939
f 6934 6933 6940
f 6934 6786 6927
f 6934 6787 6786
f 6934 6789 6787
f 6934 6932 6933
f 6790 6789 6848
f 6848 6935 6849
f 6789 6935 6848
f 6849 6936 6850
f 6935 6936 6849
f 6850 6937 6851
f 6936 6937 6850
f 6851 6938 6852
f 6937 6938 6851
f 6852 6939 6853
f 6938 6939 6852
f 6853 6940 6854
f 6939 6940 6853
f 6854 6933 6593
f 6940 6933 6854
f 6933 6592 6593
f 6805 6875 6806
f 6806 6875 6874
f 6874 6876 6815
f 6874 6815 6806
f 6876 6842 6815
f 6883 6842 6876
f 6883 4703 6842
f 6842 4703 4649
f 4649 4703 4650
f 4650 4704 4651
f 4703 4704 4650
f 4651 4705 4652
f 4704 4705 4651
f 4652 4706 4653
f 4705 4706 4652
f 4653 4707 4654
f 4706 4707 4653
f 4654 4708 4655
f 4707 4708 4654
f 4655 4709 4656
f 4708 4709 4655
f 4656 4710 4659
f 4709 4710 4656
f 4659 4713 4660
f 4710 4713 4659
f 4660 4714 4661
f 4713 4714 4660
f 4661 4715 4662
f 4714 4715 4661
f 4715 4716 4662
f 4609 4662 4716
f 4609 4608 4662
f 4608 4609 4606
f 4606 4607 4605
f 4609 4607 4606
f 4605 4604 4602
f 4607 4604 4605
f 4602 4603 4600
f 4604 4603 4602
f 4600 4601 4598
f 4603 4601 4600
f 4598 4599 4596
f 4601 4599 4598
f 4596 4597 4595
f 4599 4597 4596
f 4595 4594 4592
f 4597 4594 4595
f 4592 4593 4591
f 4594 4593 4592
f 4591 4590 4588
f 4593 4590 4591
f 4588 4589 4584
f 4590 4589 4588
f 4589 4587 4584
f 4587 6903 4584
f 4584 6903 6855
f 6903 6859 6855
f 6922 6859 6903
f 6922 6931 6857
f 6922 6857 6859
f 6857 6931 6707
f 6707 6931 6632
f 6932 6856 6592
f 6592 6856 6593
f 6932 6934 6847
f 6932 6847 6856
f 6830 6934 6927
f 6847 6934 6830
f 6927 6929 6830
f 6830 6929 6831
f 6929 6829 6831
f 6829 6928 6835
f 6929 6928 6829
f 6835 6930 6844
f 6928 6930 6835
f 6844 6926 6843
f 6930 6926 6844
f 6843 6925 6845
f 6926 6925 6843
f 6845 6924 6846
f 6925 6924 6845
f 6924 6923 6846
f 6923 6840 6846
f 6923 6921 6840
f 6840 6921 6904
f 6840 6904 6826
f 6904 6823 6826
f 6823 6908 6820
f 6904 6908 6823
f 6820 6910 6813
f 6908 6910 6820
f 6813 6912 6812
f 6910 6912 6813
f 6812 6914 6809
f 6912 6914 6812
f 6809 6916 6807
f 6914 6916 6809
f 6916 6920 6807
f 6920 6808 6807
f 6920 6919 6808
f 6919 6918 6808
f 6808 6918 6801
f 6792 6918 6892
f 6801 6918 6792
f 6888 6793 6792
f 6892 6888 6792
f 6887 6794 6888
f 6888 6794 6793
f 6887 6886 6794
f 6794 6886 6791
f 6791 6895 6795
f 6886 6895 6791
f 6795 6894 6796
f 6895 6894 6795
f 6796 6893 6797
f 6894 6893 6796
f 6797 6896 6798
f 6893 6896 6797
f 6798 6898 6799
f 6896 6898 6798
f 6898 6800 6799
f 6800 6900 6802
f 6898 6900 6800
f 6802 6917 6803
f 6900 6917 6802
f 6803 6915 6810
f 6917 6915 6803
f 6915 6913 6810
f 6913 6811 6810
f 6913 6911 6811
f 6911 6814 6811
f 6911 6909 6814
f 6909 6821 6814
f 6909 6907 6821
f 6907 6824 6821
f 6907 6906 6824
f 6824 6905 6827
f 6906 6905 6824
f 6827 6902 6828
f 6905 6902 6827
f 6828 6901 6832
f 6902 6901 6828
f 6832 6899 6833
f 6901 6899 6832
f 6899 6834 6833
f 6899 6897 6834
f 6897 6836 6834
f 6897 6891 6836
f 6891 6837 6836
f 6891 6890 6837
f 6890 6838 6837
f 6890 6889 6838
f 6838 6889 6839
f 6889 6885 6839
f 6839 6885 6841
f 6885 6884 6841
f 6841 6884 6825
f 6884 6882 6825
f 6882 6822 6825
f 6882 6881 6822
f 6881 6880 6822
f 6822 6880 6819
f 6819 6879 6816
f 6880 6879 6819
f 6816 6878 6817
f 6879 6878 6816
f 6817 6877 6818
f 6878 6877 6817
f 6818 6873 6804
f 6877 6873 6818
f 6804 6875 6805
f 6873 6875 6804
f 4720 4721 6941
f 6941 4721 6942
f 6942 4723 6943
f 6943 4723 6944
f 4721 4723 6942
f 4723 4724 6944
f 6944 4727 6945
f 4724 4727 6944
f 6945 4729 6946
f 4727 4729 6945
f 6946 4731 6947
f 4729 4731 6946
f 6947 4733 6948
f 4731 4733 6947
f 4733 4735 6948
f 6948 4735 6949
f 4735 4737 6949
f 6949 4737 6950
f 4737 4739 6950
f 6950 4739 6951
f 4739 4741 6951
f 6951 4741 6952
f 6952 4741 6953
f 4741 4742 6953
f 4742 4745 6953
f 6953 4745 6954
f 6954 4745 6955
f 4745 4746 6955
f 6955 4746 6956
f 4746 4748 6956
f 4748 4751 6956
f 6956 4751 6957
f 6957 4751 6958
f 4751 4752 6958
f 4752 4755 6958
f 6958 4755 6959
f 6959 4755 6960
f 4755 4756 6960
f 4756 4759 6960
f 6960 4759 6961
f 6961 4759 6962
f 4759 4760 6962
f 6962 4760 6963
f 6963 4762 6964
f 4760 4762 6963
f 4762 4764 6964
f 6964 4767 6965
f 6965 4767 6966
f 4764 4767 6964
f 4767 4768 6966
f 6966 4771 6967
f 4768 4771 6966
f 6967 4773 6968
f 6968 4773 6969
f 4771 4773 6967
f 4773 4774 6969
f 6969 4777 6970
f 6970 4777 6971
f 4774 4777 6969
f 4777 4778 6971
f 6971 4781 6972
f 4778 4781 6971
f 6972 4783 6973
f 4781 4783 6972
f 6974 6975 6976
f 6974 6976 6977
f 6978 6975 6974
f 6979 6975 6978
f 6980 6975 6979
f 6981 6975 6980
f 6982 6975 6981
f 6983 6975 6982
f 6984 6983 6985
f 6984 6985 6986
f 6984 6975 6983
f 6987 6988 6989
f 6990 6984 6986
f 6990 6991 6984
f 6992 6986 6993
f 6992 6993 6994
f 6992 6990 6986
f 6995 6992 6994
f 6996 6994 6997
f 6996 6995 6994
f 6998 6999 7000
f 6998 7000 7001
f 6998 7001 6987
f 6998 6987 6989
f 7002 6999 6998
f 7003 6997 7004
f 7003 6996 6997
f 7005 7002 6998
f 7006 7004 7007
f 7006 7003 7004
f 7008 7005 6998
f 7009 7007 7010
f 7009 7010 7011
f 7009 7006 7007
f 7012 7013 7014
f 7015 7011 7016
f 7015 7016 7017
f 7015 7009 7011
f 7018 7017 7019
f 7018 7015 7017
f 7020 7013 7012
f 7021 7019 7022
f 7021 7018 7019
f 7023 7021 7022
f 7024 7022 7025
f 7024 7023 7022
f 7026 7024 7025
f 7027 7026 7025
f 7027 7025 7028
f 7029 7028 7030
f 7029 7027 7028
f 7031 7029 7030
f 7032 7009 7015
f 7033 7030 7034
f 7033 7031 7030
f 7035 7008 6998
f 7035 7033 7034
f 7035 7036 7033
f 7035 7037 7036
f 7035 7034 7008
f 6966 7038 6965
f 6966 7039 7038
f 6964 6965 7038
f 6964 7038 7040
f 6967 7039 6966
f 6967 7020 7039
f 6963 6964 7040
f 6968 7013 7020
f 6968 7020 6967
f 6962 6963 7040
f 6962 7040 7041
f 6969 7013 6968
f 6961 6962 7041
f 7042 7032 7015
f 6970 7013 6969
f 6960 7041 7032
f 6960 6961 7041
f 6971 7013 6970
f 6959 6960 7032
f 6958 6959 7032
f 6957 6958 7032
f 6957 7032 7042
f 6956 6957 7042
f 7043 6971 6972
f 7043 6972 6973
f 7043 6973 7044
f 7043 7013 6971
f 7045 7043 7044
f 6955 6956 7042
f 7046 7043 7045
f 6954 6955 7042
f 6954 7042 7047
f 7048 7043 7046
f 6953 7047 7049
f 6953 6954 7047
f 7050 7043 7048
f 6952 7049 7051
f 6952 6953 7049
f 7052 7043 7050
f 6951 7051 7053
f 6951 6952 7051
f 7054 7043 7052
f 6950 6951 7053
f 6950 7053 7055
f 7056 7057 7058
f 7056 7059 7057
f 6949 6950 7055
f 6949 7055 7060
f 6948 7060 7061
f 6948 6949 7060
f 6947 7061 7062
f 6947 6948 7061
f 7063 7043 7054
f 7063 7054 7064
f 6946 7062 7059
f 6946 6947 7062
f 6946 7059 7056
f 6945 6946 7056
f 6944 6945 7056
f 6943 6944 7056
f 7065 7066 7067
f 7068 7069 6941
f 7068 7070 7069
f 7068 7071 7070
f 7068 7072 7071
f 7068 7073 7072
f 7068 7074 7073
f 7068 7067 7074
f 7068 6941 6942
f 7068 6942 6943
f 7068 6943 7056
f 7068 7065 7067
f 4876 4877 7066
f 7067 4877 7074
f 7066 4877 7067
f 7074 4884 7073
f 4877 4884 7074
f 7073 4883 7072
f 4884 4883 7073
f 7072 4882 7071
f 4883 4882 7072
f 7071 4881 7070
f 4882 4881 7071
f 7070 4880 7069
f 4881 4880 7070
f 7069 4879 6941
f 4880 4879 7069
f 4879 4720 6941
f 7075 4799 4798
f 7075 4808 4799
f 7076 4808 7075
f 7077 4808 7076
f 7078 4808 7077
f 7079 4808 7078
f 4815 4808 7079
f 7080 4808 4815
f 4845 7080 7081
f 4845 7081 7082
f 4845 4808 7080
f 7083 4787 4786
f 4846 4847 4845
f 4843 4845 7082
f 4843 4846 4845
f 4841 7082 7084
f 4841 4843 7082
f 4839 4841 7084
f 4837 7084 7085
f 4837 4839 7084
f 4836 7085 7086
f 4836 4837 7085
f 4785 7087 7088
f 4785 7088 7089
f 4785 7089 7083
f 4785 7083 4786
f 7090 7087 4785
f 4834 4836 7086
f 4833 7086 7091
f 4833 4834 7086
f 4792 7090 4785
f 4831 4833 7091
f 4828 4831 7091
f 4828 7091 7092
f 7093 4792 4785
f 4825 7092 7094
f 4825 7094 7095
f 4825 4828 7092
f 4867 4866 4868
f 4869 4866 4867
f 4819 4825 7095
f 4819 7095 7096
f 4819 7096 7097
f 4819 7097 7098
f 7099 4819 7098
f 7099 7098 7100
f 7101 7100 7102
f 7101 7099 7100
f 7103 7102 7104
f 7103 7101 7102
f 7105 7103 7104
f 7105 7104 7106
f 7107 7105 7106
f 7107 7106 7108
f 4852 4825 4819
f 4794 7093 4785
f 4794 7108 7093
f 4794 4801 7109
f 4794 7109 7107
f 4794 7107 7108
f 4735 4870 4865
f 4733 4871 4870
f 4733 4870 4735
f 4737 4865 4863
f 4737 4735 4865
f 4739 4863 4861
f 4739 4737 4863
f 4731 4872 4871
f 4731 4871 4733
f 4729 4869 4872
f 4729 4866 4869
f 4729 4872 4731
f 4741 4861 4859
f 4741 4739 4861
f 4742 4859 4857
f 4742 4741 4859
f 4727 4866 4729
f 4842 4852 4819
f 4745 4857 4852
f 4745 4742 4857
f 4724 4866 4727
f 4746 4745 4852
f 4723 4866 4724
f 4748 4746 4852
f 4751 4748 4852
f 4751 4852 4842
f 4752 4751 4842
f 4878 4866 4723
f 4878 4720 4879
f 4878 4721 4720
f 4878 4723 4721
f 4880 4878 4879
f 4755 4752 4842
f 4881 4878 4880
f 4756 4755 4842
f 4756 4842 7110
f 4882 4878 4881
f 4759 4756 7110
f 4883 4878 4882
f 4760 4759 7110
f 4760 7110 7111
f 4884 4878 4883
f 4762 4760 7111
f 4762 7111 7112
f 4877 4878 4884
f 4764 4762 7112
f 4764 7112 7113
f 4823 7114 4824
f 4767 4764 7113
f 4768 7113 7115
f 4768 4767 7113
f 4771 4768 7115
f 4875 4878 4877
f 4875 4877 4876
f 4773 7115 7114
f 4773 7114 4823
f 4773 4771 7115
f 4774 4773 4823
f 4777 4774 4823
f 4778 4777 4823
f 4873 4874 4864
f 4853 4873 4864
f 4853 4854 4783
f 4853 4855 4854
f 4853 4856 4855
f 4853 4858 4856
f 4853 4860 4858
f 4853 4862 4860
f 4853 4864 4862
f 4853 4778 4823
f 4853 4781 4778
f 4853 4783 4781
f 6973 4783 7044
f 4783 4854 7044
f 7044 4855 7045
f 4854 4855 7044
f 7045 4856 7046
f 4855 4856 7045
f 7048 4858 7050
f 7046 4858 7048
f 4856 4858 7046
f 4858 4860 7050
f 7052 4862 7054
f 7050 4862 7052
f 4860 4862 7050
f 4862 4864 7054
f 7054 4874 7064
f 4864 4874 7054
f 6988 4798 6989
f 6989 4798 4799
f 4799 4808 6998
f 4799 6998 6989
f 4845 7035 6998
f 4845 6998 4808
f 4845 4847 7035
f 7035 4847 7037
f 7037 4847 7036
f 7036 4846 7033
f 4847 4846 7036
f 7033 4843 7031
f 4846 4843 7033
f 7031 4841 7029
f 4843 4841 7031
f 7029 4839 7027
f 4841 4839 7029
f 7027 4837 7026
f 4839 4837 7027
f 7026 4836 7024
f 4837 4836 7026
f 7024 4834 7023
f 4836 4834 7024
f 7023 4833 7021
f 4834 4833 7023
f 7021 4831 7018
f 4833 4831 7021
f 7018 4828 7015
f 4831 4828 7018
f 4828 4825 7015
f 4852 7015 4825
f 4852 7042 7015
f 7042 4852 7047
f 7047 4857 7049
f 4852 4857 7047
f 7049 4859 7051
f 4857 4859 7049
f 7051 4861 7053
f 4859 4861 7051
f 7053 4863 7055
f 4861 4863 7053
f 7055 4865 7060
f 4863 4865 7055
f 7060 4870 7061
f 4865 4870 7060
f 7061 4871 7062
f 4870 4871 7061
f 7062 4872 7059
f 4871 4872 7062
f 7059 4869 7057
f 4872 4869 7059
f 7057 4867 7058
f 4869 4867 7057
f 4867 4868 7058
f 4868 4866 7058
f 7058 4866 7056
f 4878 7056 4866
f 4878 7068 7056
f 4878 4875 7065
f 4878 7065 7068
f 7065 4875 7066
f 7066 4875 4876
f 4873 7063 4874
f 4874 7063 7064
f 4873 4853 7043
f 4873 7043 7063
f 7043 4823 7013
f 7043 4853 4823
f 4823 4824 7013
f 7013 4824 7014
f 4824 7012 7014
f 7012 7114 7020
f 4824 7114 7012
f 7020 7115 7039
f 7114 7115 7020
f 7039 7113 7038
f 7115 7113 7039
f 7038 7112 7040
f 7113 7112 7038
f 7040 7111 7041
f 7112 7111 7040
f 7111 7110 7041
f 7110 7032 7041
f 7110 4842 7032
f 7032 4842 4819
f 7032 4819 7009
f 4819 7006 7009
f 7006 7099 7003
f 4819 7099 7006
f 7003 7101 6996
f 7099 7101 7003
f 6996 7103 6995
f 7101 7103 6996
f 6995 7105 6992
f 7103 7105 6995
f 6992 7107 6990
f 7105 7107 6992
f 7107 7109 6990
f 7109 6991 6990
f 7109 4801 6991
f 4801 4794 6991
f 6991 4794 6984
f 6984 4794 4785
f 6984 4785 6975
f 4785 4786 6976
f 4785 6976 6975
f 4787 6977 4786
f 4786 6977 6976
f 4787 7083 6977
f 6977 7083 6974
f 6974 7089 6978
f 7083 7089 6974
f 6978 7088 6979
f 7089 7088 6978
f 6979 7087 6980
f 7088 7087 6979
f 6980 7090 6981
f 7087 7090 6980
f 6981 4792 6982
f 7090 4792 6981
f 4792 6983 6982
f 6983 7093 6985
f 4792 7093 6983
f 6985 7108 6986
f 7093 7108 6985
f 6986 7106 6993
f 7108 7106 6986
f 7106 7104 6993
f 7104 6994 6993
f 7104 7102 6994
f 7102 6997 6994
f 7102 7100 6997
f 7100 7004 6997
f 7100 7098 7004
f 7098 7007 7004
f 7098 7097 7007
f 7007 7096 7010
f 7097 7096 7007
f 7010 7095 7011
f 7096 7095 7010
f 7011 7094 7016
f 7095 7094 7011
f 7016 7092 7017
f 7094 7092 7016
f 7092 7019 7017
f 7092 7091 7019
f 7091 7022 7019
f 7091 7086 7022
f 7086 7025 7022
f 7086 7085 7025
f 7085 7028 7025
f 7085 7084 7028
f 7028 7084 7030
f 7084 7082 7030
f 7030 7082 7034
f 7082 7081 7034
f 7034 7081 7008
f 7081 7080 7008
f 7080 7005 7008
f 7080 4815 7005
f 4815 7079 7005
f 7005 7079 7002
f 7002 7078 6999
f 7079 7078 7002
f 6999 7077 7000
f 7078 7077 6999
f 7000 7076 7001
f 7077 7076 7000
f 7001 7075 6987
f 7076 7075 7001
f 6987 4798 6988
f 7075 4798 6987
f 7116 7117 7118
f 7118 7117 7119
f 7119 7120 7121
f 7121 7120 7122
f 7117 7120 7119
f 7120 7123 7122
f 7122 7124 7125
f 7123 7124 7122
f 7125 7126 7127
f 7124 7126 7125
f 7127 7128 7129
f 7126 7128 7127
f 7129 7130 7131
f 7128 7130 7129
f 7130 7132 7131
f 7131 7132 7133
f 7132 7134 7133
f 7133 7134 7135
f 7134 7136 7135
f 7135 7136 7137
f 7136 7138 7137
f 7137 7138 7139
f 7139 7138 7140
f 7138 7141 7140
f 7141 7142 7140
f 7140 7142 7143
f 7143 7142 7144
f 7142 7145 7144
f 7144 7145 7146
f 7145 7147 7146
f 7147 7148 7146
f 7146 7148 7149
f 7149 7148 7150
f 7148 7151 7150
f 7151 7152 7150
f 7150 7152 7153
f 7153 7152 7154
f 7152 7155 7154
f 7155 7156 7154
f 7154 7156 7157
f 7157 7156 7158
f 7156 7159 7158
f 7158 7159 7160
f 7160 7161 7162
f 7159 7161 7160
f 7161 7163 7162
f 7162 7164 7165
f 7165 7164 7166
f 7163 7164 7162
f 7164 7167 7166
f 7166 7168 7169
f 7167 7168 7166
f 7169 7170 7171
f 7171 7170 7172
f 7168 7170 7169
f 7170 7173 7172
f 7172 7174 7175
f 7175 7174 7176
f 7173 7174 7172
f 7174 7177 7176
f 7176 7178 7179
f 7177 7178 7176
f 7179 7180 7181
f 7178 7180 7179
f 7182 7183 7184
f 7182 7184 7185
f 7186 7183 7182
f 7187 7183 7186
f 7188 7183 7187
f 7189 7183 7188
f 7190 7183 7189
f 7191 7183 7190
f 7192 7191 7193
f 7192 7193 7194
f 7192 7183 7191
f 7195 7196 7197
f 7198 7192 7194
f 7198 7199 7192
f 7200 7194 7201
f 7200 7201 7202
f 7200 7198 7194
f 7203 7200 7202
f 7204 7202 7205
f 7204 7203 7202
f 7206 7207 7208
f 7206 7208 7209
f 7206 7209 7195
f 7206 7195 7197
f 7210 7207 7206
f 7211 7205 7212
f 7211 7204 7205
f 7213 7210 7206
f 7214 7212 7215
f 7214 7211 7212
f 7216 7213 7206
f 7217 7215 7218
f 7217 7218 7219
f 7217 7214 7215
f 7220 7221 7222
f 6491 7219 7223
f 6491 7223 7224
f 6491 7217 7219
f 6490 7224 7225
f 6490 6491 7224
f 7226 7221 7220
f 6489 7225 7227
f 6489 6490 7225
f 6488 6489 7227
f 6485 7227 7228
f 6485 6488 7227
f 6484 6485 7228
f 6483 6484 7228
f 6483 7228 7229
f 6482 7229 7230
f 6482 6483 7229
f 6481 6482 7230
f 7231 7217 6491
f 6480 7230 7232
f 6480 6481 7230
f 7233 7216 7206
f 7233 6480 7232
f 7233 6479 6480
f 7233 6478 6479
f 7233 7232 7216
f 7166 7234 7165
f 7166 7235 7234
f 7162 7165 7234
f 7162 7234 7236
f 7169 7235 7166
f 7169 7226 7235
f 7160 7162 7236
f 7171 7221 7226
f 7171 7226 7169
f 7158 7160 7236
f 7158 7236 7237
f 7172 7221 7171
f 7157 7158 7237
f 6437 7231 6491
f 7175 7221 7172
f 7154 7237 7231
f 7154 7157 7237
f 7176 7221 7175
f 7153 7154 7231
f 7150 7153 7231
f 7149 7150 7231
f 7149 7231 6437
f 7146 7149 6437
f 7238 7176 7179
f 7238 7179 7181
f 7238 7181 7239
f 7238 7221 7176
f 7240 7238 7239
f 7144 7146 6437
f 7241 7238 7240
f 7143 7144 6437
f 7143 6437 6435
f 7242 7238 7241
f 7140 6435 6433
f 7140 7143 6435
f 7243 7238 7242
f 7139 6433 6432
f 7139 7140 6433
f 7244 7238 7243
f 7137 6432 6430
f 7137 7139 6432
f 7245 7238 7244
f 7135 7137 6430
f 7135 6430 6427
f 7246 6417 6413
f 7246 6420 6417
f 7133 7135 6427
f 7133 6427 6425
f 7131 6425 6424
f 7131 7133 6425
f 7129 6424 6421
f 7129 7131 6424
f 7247 7238 7245
f 7247 7245 7248
f 7127 6421 6420
f 7127 7129 6421
f 7127 6420 7246
f 7125 7127 7246
f 7122 7125 7246
f 7121 7122 7246
f 7249 7250 7251
f 7252 7253 7118
f 7252 7254 7253
f 7252 7255 7254
f 7252 7256 7255
f 7252 7257 7256
f 7252 7258 7257
f 7252 7251 7258
f 7252 7118 7119
f 7252 7119 7121
f 7252 7121 7246
f 7252 7249 7251
f 7259 7260 7250
f 7251 7260 7258
f 7250 7260 7251
f 7258 7261 7257
f 7260 7261 7258
f 7257 7262 7256
f 7261 7262 7257
f 7256 7263 7255
f 7262 7263 7256
f 7255 7264 7254
f 7263 7264 7255
f 7254 7265 7253
f 7264 7265 7254
f 7253 7266 7118
f 7265 7266 7253
f 7266 7116 7118
f 7267 7268 7269
f 7267 7270 7268
f 7271 7270 7267
f 7272 7270 7271
f 7273 7270 7272
f 7274 7270 7273
f 7275 7270 7274
f 7276 7270 7275
f 7277 7276 7278
f 7277 7278 7279
f 7277 7270 7276
f 7280 7281 7282
f 6533 6532 7277
f 6534 7277 7279
f 6534 6533 7277
f 6535 7279 7283
f 6535 6534 7279
f 6536 6535 7283
f 6537 7283 7284
f 6537 6536 7283
f 6538 7284 7285
f 6538 6537 7284
f 7286 7287 7288
f 7286 7288 7289
f 7286 7289 7280
f 7286 7280 7282
f 7290 7287 7286
f 6539 6538 7285
f 6542 7285 7291
f 6542 6539 7285
f 7292 7290 7286
f 6543 6542 7291
f 6544 6543 7291
f 6544 7291 7293
f 7294 7292 7286
f 6545 7293 7295
f 6545 7295 7296
f 6545 6544 7293
f 6418 7297 6416
f 6419 7297 6418
f 7298 6545 7296
f 7298 7296 7299
f 7298 7299 7300
f 7298 7300 7301
f 7302 7298 7301
f 7302 7301 7303
f 7304 7303 7305
f 7304 7302 7303
f 7306 7305 7307
f 7306 7304 7305
f 7308 7306 7307
f 7308 7307 7309
f 7310 7309 7311
f 7310 7308 7309
f 6438 6545 7298
f 7312 7294 7286
f 7312 7310 7311
f 7312 7311 7294
f 7312 7313 7314
f 7312 7314 7310
f 7132 6426 6428
f 7130 6423 6426
f 7130 6426 7132
f 7134 6428 6429
f 7134 7132 6428
f 7136 6429 6431
f 7136 7134 6429
f 7128 6422 6423
f 7128 6423 7130
f 7126 6419 6422
f 7126 7297 6419
f 7126 6422 7128
f 7138 6431 6434
f 7138 7136 6431
f 7141 6434 6436
f 7141 7138 6434
f 7124 7297 7126
f 7315 6438 7298
f 7142 6436 6438
f 7142 7141 6436
f 7123 7297 7124
f 7145 7142 6438
f 7120 7297 7123
f 7147 7145 6438
f 7148 7147 6438
f 7148 6438 7315
f 7151 7148 7315
f 7316 7116 7266
f 7316 7117 7116
f 7316 7120 7117
f 7316 7297 7120
f 7265 7316 7266
f 7152 7151 7315
f 7264 7316 7265
f 7155 7152 7315
f 7155 7315 7317
f 7263 7316 7264
f 7156 7155 7317
f 7262 7316 7263
f 7159 7156 7317
f 7159 7317 7318
f 7261 7316 7262
f 7161 7159 7318
f 7161 7318 7319
f 7260 7316 7261
f 7163 7161 7319
f 7163 7319 7320
f 7321 7322 7323
f 7164 7163 7320
f 7167 7320 7324
f 7167 7164 7320
f 7168 7167 7324
f 7325 7316 7260
f 7325 7260 7259
f 7170 7324 7322
f 7170 7322 7321
f 7170 7168 7324
f 7173 7170 7321
f 7174 7173 7321
f 7177 7174 7321
f 7326 7327 7328
f 7329 7326 7328
f 7329 7330 7180
f 7329 7331 7330
f 7329 7332 7331
f 7329 7333 7332
f 7329 7334 7333
f 7329 7335 7334
f 7329 7328 7335
f 7329 7177 7321
f 7329 7178 7177
f 7329 7180 7178
f 7181 7180 7239
f 7239 7330 7240
f 7180 7330 7239
f 7240 7331 7241
f 7330 7331 7240
f 7241 7332 7242
f 7331 7332 7241
f 7242 7333 7243
f 7332 7333 7242
f 7243 7334 7244
f 7333 7334 7243
f 7334 7335 7244
f 7245 7328 7248
f 7244 7328 7245
f 7335 7328 7244
f 7328 7327 7248
f 7196 7269 7197
f 7197 7269 7268
f 7268 7270 7206
f 7268 7206 7197
f 7277 7233 7206
f 7277 7206 7270
f 7277 6532 7233
f 7233 6532 6478
f 6478 6532 6479
f 6479 6533 6480
f 6532 6533 6479
f 6480 6534 6481
f 6533 6534 6480
f 6481 6535 6482
f 6534 6535 6481
f 6482 6536 6483
f 6535 6536 6482
f 6483 6537 6484
f 6536 6537 6483
f 6484 6538 6485
f 6537 6538 6484
f 6485 6539 6488
f 6538 6539 6485
f 6488 6542 6489
f 6539 6542 6488
f 6489 6543 6490
f 6542 6543 6489
f 6490 6544 6491
f 6543 6544 6490
f 6544 6545 6491
f 6438 6491 6545
f 6438 6437 6491
f 6437 6438 6435
f 6435 6436 6433
f 6438 6436 6435
f 6433 6434 6432
f 6436 6434 6433
f 6432 6431 6430
f 6434 6431 6432
f 6430 6429 6427
f 6431 6429 6430
f 6427 6428 6425
f 6429 6428 6427
f 6425 6426 6424
f 6428 6426 6425
f 6424 6423 6421
f 6426 6423 6424
f 6421 6422 6420
f 6423 6422 6421
f 6420 6419 6417
f 6422 6419 6420
f 6417 6418 6413
f 6419 6418 6417
f 6418 6416 6413
f 6416 7297 6413
f 6413 7297 7246
f 7316 7246 7297
f 7316 7252 7246
f 7316 7325 7249
f 7316 7249 7252
f 7249 7325 7250
f 7250 7325 7259
f 7326 7247 7327
f 7327 7247 7248
f 7326 7329 7238
f 7326 7238 7247
f 7238 7321 7221
f 7238 7329 7321
f 7321 7323 7221
f 7221 7323 7222
f 7323 7220 7222
f 7220 7322 7226
f 7323 7322 7220
f 7226 7324 7235
f 7322 7324 7226
f 7235 7320 7234
f 7324 7320 7235
f 7234 7319 7236
f 7320 7319 7234
f 7236 7318 7237
f 7319 7318 7236
f 7318 7317 7237
f 7317 7231 7237
f 7317 7315 7231
f 7231 7315 7298
f 7231 7298 7217
f 7298 7214 7217
f 7214 7302 7211
f 7298 7302 7214
f 7211 7304 7204
f 7302 7304 7211
f 7204 7306 7203
f 7304 7306 7204
f 7203 7308 7200
f 7306 7308 7203
f 7200 7310 7198
f 7308 7310 7200
f 7310 7314 7198
f 7314 7199 7198
f 7314 7313 7199
f 7313 7312 7199
f 7199 7312 7192
f 7192 7312 7286
f 7192 7286 7183
f 7282 7184 7183
f 7286 7282 7183
f 7281 7185 7282
f 7282 7185 7184
f 7281 7280 7185
f 7185 7280 7182
f 7182 7289 7186
f 7280 7289 7182
f 7186 7288 7187
f 7289 7288 7186
f 7187 7287 7188
f 7288 7287 7187
f 7188 7290 7189
f 7287 7290 7188
f 7189 7292 7190
f 7290 7292 7189
f 7292 7191 7190
f 7191 7294 7193
f 7292 7294 7191
f 7193 7311 7194
f 7294 7311 7193
f 7194 7309 7201
f 7311 7309 7194
f 7309 7307 7201
f 7307 7202 7201
f 7307 7305 7202
f 7305 7205 7202
f 7305 7303 7205
f 7303 7212 7205
f 7303 7301 7212
f 7301 7215 7212
f 7301 7300 7215
f 7215 7299 7218
f 7300 7299 7215
f 7218 7296 7219
f 7299 7296 7218
f 7219 7295 7223
f 7296 7295 7219
f 7223 7293 7224
f 7295 7293 7223
f 7293 7225 7224
f 7293 7291 7225
f 7291 7227 7225
f 7291 7285 7227
f 7285 7228 7227
f 7285 7284 7228
f 7284 7229 7228
f 7284 7283 7229
f 7229 7283 7230
f 7283 7279 7230
f 7230 7279 7232
f 7279 7278 7232
f 7232 7278 7216
f 7278 7276 7216
f 7276 7213 7216
f 7276 7275 7213
f 7275 7274 7213
f 7213 7274 7210
f 7210 7273 7207
f 7274 7273 7210
f 7207 7272 7208
f 7273 7272 7207
f 7208 7271 7209
f 7272 7271 7208
f 7209 7267 7195
f 7271 7267 7209
f 7195 7269 7196
f 7267 7269 7195
f 6941 6942 7336
f 7336 6942 7337
f 7337 6943 7338
f 7338 6943 7339
f 6942 6943 7337
f 6943 6944 7339
f 7339 6945 7340
f 6944 6945 7339
f 7340 6946 7341
f 6945 6946 7340
f 7341 6947 7342
f 6946 6947 7341
f 7342 6948 7343
f 6947 6948 7342
f 6948 6949 7343
f 7343 6949 7344
f 6949 6950 7344
f 7344 6950 7345
f 6950 6951 7345
f 7345 6951 7346
f 6951 6952 7346
f 7346 6952 7347
f 7347 6952 7348
f 6952 6953 7348
f 6953 6954 7348
f 7348 6954 7349
f 7349 6954 7350
f 6954 6955 7350
f 7350 6955 7351
f 6955 6956 7351
f 6956 6957 7351
f 7351 6957 7352
f 7352 6957 7353
f 6957 6958 7353
f 6958 6959 7353
f 7353 6959 7354
f 7354 6959 7355
f 6959 6960 7355
f 6960 6961 7355
f 7355 6961 7356
f 7356 6961 7357
f 6961 6962 7357
f 7357 6962 7358
f 7358 6963 7359
f 6962 6963 7358
f 6963 6964 7359
f 7359 6965 7360
f 7360 6965 7361
f 6964 6965 7359
f 6965 6966 7361
f 7361 6967 7362
f 6966 6967 7361
f 7362 6968 7363
f 7363 6968 7364
f 6967 6968 7362
f 6968 6969 7364
f 7364 6970 7365
f 7365 6970 7366
f 6969 6970 7364
f 6970 6971 7366
f 7366 6972 7367
f 6971 6972 7366
f 7367 6973 7368
f 6972 6973 7367
f 7369 4475 7370
f 7369 7370 4232
f 7371 4475 7369
f 7372 4475 7371
f 7373 4475 7372
f 7374 4475 7373
f 7375 4475 7374
f 7376 4475 7375
f 7377 7376 7378
f 7377 7378 7379
f 7377 4475 7376
f 7380 4273 7381
f 7382 7377 7379
f 7382 7383 7377
f 7384 7379 7385
f 7384 7385 7386
f 7384 7382 7379
f 7387 7384 7386
f 7388 7386 7389
f 7388 7387 7386
f 7390 7391 7392
f 7390 7392 7393
f 7390 7393 7380
f 7390 7380 7381
f 7394 7391 7390
f 7395 7389 7396
f 7395 7388 7389
f 7397 7394 7390
f 7398 7396 7399
f 7398 7395 7396
f 7400 7397 7390
f 7401 7399 7402
f 7401 7402 7403
f 7401 7398 7399
f 7404 7405 7406
f 7407 7403 7408
f 7407 7408 7409
f 7407 7401 7403
f 7410 7409 7411
f 7410 7407 7409
f 7412 7405 7404
f 7413 7411 7414
f 7413 7410 7411
f 7415 7413 7414
f 7416 7414 7417
f 7416 7415 7414
f 7418 7416 7417
f 7419 7418 7417
f 7419 7417 7420
f 7421 7420 7422
f 7421 7419 7420
f 7423 7421 7422
f 7424 7401 7407
f 7425 7422 7426
f 7425 7423 7422
f 7427 7400 7390
f 7427 7425 7426
f 7427 7428 7425
f 7427 7429 7428
f 7427 7426 7400
f 7361 7430 7360
f 7361 7431 7430
f 7359 7360 7430
f 7359 7430 7432
f 7362 7431 7361
f 7362 7412 7431
f 7358 7359 7432
f 7363 7405 7412
f 7363 7412 7362
f 7357 7358 7432
f 7357 7432 7433
f 7364 7405 7363
f 7356 7357 7433
f 7434 7424 7407
f 7365 7405 7364
f 7355 7433 7424
f 7355 7356 7433
f 7366 7405 7365
f 7354 7355 7424
f 7353 7354 7424
f 7352 7353 7424
f 7352 7424 7434
f 7351 7352 7434
f 7435 7366 7367
f 7435 7367 7368
f 7435 7368 7436
f 7435 7405 7366
f 7437 7435 7436
f 7350 7351 7434
f 7438 7435 7437
f 7349 7350 7434
f 7349 7434 7439
f 7440 7435 7438
f 7348 7439 7441
f 7348 7349 7439
f 7442 7435 7440
f 7347 7441 7443
f 7347 7348 7441
f 7444 7435 7442
f 7346 7443 7445
f 7346 7347 7443
f 7446 7435 7444
f 7345 7346 7445
f 7345 7445 7447
f 7448 7449 7450
f 7448 7451 7449
f 7344 7345 7447
f 7344 7447 7452
f 7343 7452 7453
f 7343 7344 7452
f 7342 7453 7454
f 7342 7343 7453
f 7455 7435 7446
f 7455 7446 7456
f 7341 7454 7451
f 7341 7342 7454
f 7341 7451 7448
f 7340 7341 7448
f 7339 7340 7448
f 7338 7339 7448
f 7457 7458 7459
f 7460 7461 7336
f 7460 7462 7461
f 7460 7463 7462
f 7460 7464 7463
f 7460 7465 7464
f 7460 7466 7465
f 7460 7459 7466
f 7460 7336 7337
f 7460 7337 7338
f 7460 7338 7448
f 7460 7457 7459
f 7066 7067 7458
f 7459 7067 7466
f 7458 7067 7459
f 7466 7074 7465
f 7067 7074 7466
f 7465 7073 7464
f 7074 7073 7465
f 7464 7072 7463
f 7073 7072 7464
f 7463 7071 7462
f 7072 7071 7463
f 7462 7070 7461
f 7071 7070 7462
f 7461 7069 7336
f 7070 7069 7461
f 7069 6941 7336
f 7467 6989 6988
f 7467 6998 6989
f 7468 6998 7467
f 7469 6998 7468
f 7470 6998 7469
f 7471 6998 7470
f 7005 6998 7471
f 7472 6998 7005
f 7035 7472 7473
f 7035 7473 7474
f 7035 6998 7472
f 7475 6977 6976
f 7036 7037 7035
f 7033 7035 7474
f 7033 7036 7035
f 7031 7474 7476
f 7031 7033 7474
f 7029 7031 7476
f 7027 7476 7477
f 7027 7029 7476
f 7026 7477 7478
f 7026 7027 7477
f 6975 7479 7480
f 6975 7480 7481
f 6975 7481 7475
f 6975 7475 6976
f 7482 7479 6975
f 7024 7026 7478
f 7023 7478 7483
f 7023 7024 7478
f 6982 7482 6975
f 7021 7023 7483
f 7018 7021 7483
f 7018 7483 7484
f 7485 6982 6975
f 7015 7484 7486
f 7015 7486 7487
f 7015 7018 7484
f 7057 7056 7058
f 7059 7056 7057
f 7009 7015 7487
f 7009 7487 7488
f 7009 7488 7489
f 7009 7489 7490
f 7491 7009 7490
f 7491 7490 7492
f 7493 7492 7494
f 7493 7491 7492
f 7495 7494 7496
f 7495 7493 7494
f 7497 7495 7496
f 7497 7496 7498
f 7499 7497 7498
f 7499 7498 7500
f 7042 7015 7009
f 6984 7485 6975
f 6984 7500 7485
f 6984 6991 7501
f 6984 7501 7499
f 6984 7499 7500
f 6949 7060 7055
f 6948 7061 7060
f 6948 7060 6949
f 6950 7055 7053
f 6950 6949 7055
f 6951 7053 7051
f 6951 6950 7053
f 6947 7062 7061
f 6947 7061 6948
f 6946 7059 7062
f 6946 7056 7059
f 6946 7062 6947
f 6952 7051 7049
f 6952 6951 7051
f 6953 7049 7047
f 6953 6952 7049
f 6945 7056 6946
f 7032 7042 7009
f 6954 7047 7042
f 6954 6953 7047
f 6944 7056 6945
f 6955 6954 7042
f 6943 7056 6944
f 6956 6955 7042
f 6957 6956 7042
f 6957 7042 7032
f 6958 6957 7032
f 7068 7056 6943
f 7068 6941 7069
f 7068 6942 6941
f 7068 6943 6942
f 7070 7068 7069
f 6959 6958 7032
f 7071 7068 7070
f 6960 6959 7032
f 6960 7032 7502
f 7072 7068 7071
f 6961 6960 7502
f 7073 7068 7072
f 6962 6961 7502
f 6962 7502 7503
f 7074 7068 7073
f 6963 6962 7503
f 6963 7503 7504
f 7067 7068 7074
f 6964 6963 7504
f 6964 7504 7505
f 7013 7506 7014
f 6965 6964 7505
f 6966 7505 7507
f 6966 6965 7505
f 6967 6966 7507
f 7065 7068 7067
f 7065 7067 7066
f 6968 7507 7506
f 6968 7506 7013
f 6968 6967 7507
f 6969 6968 7013
f 6970 6969 7013
f 6971 6970 7013
f 7063 7064 7054
f 7043 7063 7054
f 7043 7044 6973
f 7043 7045 7044
f 7043 7046 7045
f 7043 7048 7046
f 7043 7050 7048
f 7043 7052 7050
f 7043 7054 7052
f 7043 6971 7013
f 7043 6972 6971
f 7043 6973 6972
f 7368 6973 7436
f 6973 7044 7436
f 7436 7045 7437
f 7044 7045 7436
f 7437 7046 7438
f 7045 7046 7437
f 7440 7048 7442
f 7438 7048 7440
f 7046 7048 7438
f 7048 7050 7442
f 7444 7052 7446
f 7442 7052 7444
f 7050 7052 7442
f 7052 7054 7446
f 7446 7064 7456
f 7054 7064 7446
f 4273 6988 7381
f 7381 6988 6989
f 6989 6998 7390
f 6989 7390 7381
f 7035 7427 7390
f 7035 7390 6998
f 7035 7037 7427
f 7427 7037 7429
f 7429 7037 7428
f 7428 7036 7425
f 7037 7036 7428
f 7425 7033 7423
f 7036 7033 7425
f 7423 7031 7421
f 7033 7031 7423
f 7421 7029 7419
f 7031 7029 7421
f 7419 7027 7418
f 7029 7027 7419
f 7418 7026 7416
f 7027 7026 7418
f 7416 7024 7415
f 7026 7024 7416
f 7415 7023 7413
f 7024 7023 7415
f 7413 7021 7410
f 7023 7021 7413
f 7410 7018 7407
f 7021 7018 7410
f 7018 7015 7407
f 7042 7407 7015
f 7042 7434 7407
f 7434 7042 7439
f 7439 7047 7441
f 7042 7047 7439
f 7441 7049 7443
f 7047 7049 7441
f 7443 7051 7445
f 7049 7051 7443
f 7445 7053 7447
f 7051 7053 7445
f 7447 7055 7452
f 7053 7055 7447
f 7452 7060 7453
f 7055 7060 7452
f 7453 7061 7454
f 7060 7061 7453
f 7454 7062 7451
f 7061 7062 7454
f 7451 7059 7449
f 7062 7059 7451
f 7449 7057 7450
f 7059 7057 7449
f 7057 7058 7450
f 7058 7056 7450
f 7450 7056 7448
f 7068 7448 7056
f 7068 7460 7448
f 7068 7065 7457
f 7068 7457 7460
f 7457 7065 7458
f 7458 7065 7066
f 7063 7455 7064
f 7064 7455 7456
f 7063 7043 7435
f 7063 7435 7455
f 7435 7013 7405
f 7435 7043 7013
f 7013 7014 7405
f 7405 7014 7406
f 7014 7404 7406
f 7404 7506 7412
f 7014 7506 7404
f 7412 7507 7431
f 7506 7507 7412
f 7431 7505 7430
f 7507 7505 7431
f 7430 7504 7432
f 7505 7504 7430
f 7432 7503 7433
f 7504 7503 7432
f 7503 7502 7433
f 7502 7424 7433
f 7502 7032 7424
f 7424 7032 7009
f 7424 7009 7401
f 7009 7398 7401
f 7398 7491 7395
f 7009 7491 7398
f 7395 7493 7388
f 7491 7493 7395
f 7388 7495 7387
f 7493 7495 7388
f 7387 7497 7384
f 7495 7497 7387
f 7384 7499 7382
f 7497 7499 7384
f 7499 7501 7382
f 7501 7383 7382
f 7501 6991 7383
f 6991 6984 7383
f 7383 6984 7377
f 7377 6984 6975
f 7377 6975 4475
f 6975 6976 7370
f 6975 7370 4475
f 6977 4232 6976
f 6976 4232 7370
f 6977 7475 4232
f 4232 7475 7369
f 7369 7481 7371
f 7475 7481 7369
f 7371 7480 7372
f 7481 7480 7371
f 7372 7479 7373
f 7480 7479 7372
f 7373 7482 7374
f 7479 7482 7373
f 7374 6982 7375
f 7482 6982 7374
f 6982 7376 7375
f 7376 7485 7378
f 6982 7485 7376
f 7378 7500 7379
f 7485 7500 7378
f 7379 7498 7385
f 7500 7498 7379
f 7498 7496 7385
f 7496 7386 7385
f 7496 7494 7386
f 7494 7389 7386
f 7494 7492 7389
f 7492 7396 7389
f 7492 7490 7396
f 7490 7399 7396
f 7490 7489 7399
f 7399 7488 7402
f 7489 7488 7399
f 7402 7487 7403
f 7488 7487 7402
f 7403 7486 7408
f 7487 7486 7403
f 7408 7484 7409
f 7486 7484 7408
f 7484 7411 7409
f 7484 7483 7411
f 7483 7414 7411
f 7483 7478 7414
f 7478 7417 7414
f 7478 7477 7417
f 7477 7420 7417
f 7477 7476 7420
f 7420 7476 7422
f 7476 7474 7422
f 7422 7474 7426
f 7474 7473 7426
f 7426 7473 7400
f 7473 7472 7400
f 7472 7397 7400
f 7472 7005 7397
f 7005 7471 7397
f 7397 7471 7394
f 7394 7470 7391
f 7471 7470 7394
f 7391 7469 7392
f 7470 7469 7391
f 7392 7468 7393
f 7469 7468 7392
f 7393 7467 7380
f 7468 7467 7393
f 7380 6988 4273
f 7467 6988 7380
# Vertices: 3276, normals: 0, texture coordinates: 0, faces: 7144

o obj3
v 32.17532349 8.73624229 43.00143814
v 32.09999847 8.73389626 43
v 31.97071457 8.74094391 43.00432205
v 32.25151443 8.74325085 43.00577927
v 32.32595444 8.75446224 43.0128212
v 31.84357262 8.76099873 43.01682663
v 32.40000153 8.76984215 43.02262878
v 31.71946526 8.79201317 43.03689194
v 32.40000153 8.86263371 43.085392
v 31.56142998 8.84652805 43.07400894
v 31.46201706 8.88883209 43.10437393
v 31.6467514 8.81508541 43.05231857
v 32.40000153 8.95232964 43.15250397
v 31.34719276 8.9448328 43.14673615
v 31.23096657 9.00867653 43.19824982
v 32.40000153 9.03872395 43.22381592
v 31.16312218 9.04893589 43.23266602
v 32.40000153 9.12162209 43.29916382
v 31.09120369 9.09371185 43.27287292
v 30.98700905 9.1617012 43.3382988
v 32.40000153 9.20083523 43.37837601
v 31.09155273 9.22716522 43.40639877
v 32.40000153 9.27618408 43.46127701
v 31.20055199 9.28641605 43.47309494
v 31.31396294 9.33921337 43.53717804
v 32.40000153 9.34749508 43.54767227
v 31.38415337 9.36767673 43.57374191
v 31.47054863 9.39852905 43.6151123
v 32.40000153 9.41460896 43.63736725
v 31.57738113 9.4306078 43.66018295
v 31.71012497 9.46161175 43.70592499
v 32.40000153 9.47737217 43.73015594
v 31.78456688 9.47489548 43.72624588
v 31.86732292 9.48631668 43.74411011
v 32.17534637 9.4985714 43.76376724
v 31.95929337 9.49495697 43.75790787
v 32.09999847 9.5 43.76610184
v 32.32553864 9.48723316 43.74562454
v 32.25111771 9.49426556 43.75682068
v 32.09999847 6.26610374 43
v 32.17536163 6.26376963 43.0014267
v 32.25111771 6.25682354 43.00572968
v 32.32551956 6.24563026 43.01276398
v 32.40000153 6.23015738 43.02262878
v 32.17595673 5.50159502 43.76350021
v 32.09999847 5.50009489 43.76594925
v 31.95640755 5.50522566 43.75759888
v 32.25162888 5.50588322 43.75658035
v 32.32648468 5.51291037 43.74539948
v 31.81575966 5.52038431 43.7335701
v 32.40000153 5.54124355 43.70162582
v 32.40000153 5.52262783 43.73015594
v 32.09999847 5.57970476 43.64538956
v 31.67938042 5.54476929 43.69631958
v 31.59992027 5.56352615 43.66867065
v 31.96332169 5.59407663 43.62524414
v 31.50704956 5.58987808 43.63116074
v 32.40000153 5.56027031 43.67337036
v 31.88057709 5.61882782 43.59156418
v 31.39922523 5.62674093 43.58110046
v 32.40000153 5.57970476 43.64538956
v 31.81510925 5.65165329 43.54875565
v 31.2749939 5.67807245 43.51567459
v 31.76642609 5.68991137 43.50131989
v 31.16364098 5.73274279 43.45094299
v 31.71029472 5.77668715 43.40229034
v 31.0913353 5.77298117 43.40623093
v 30.98700905 5.83829927 43.3382988
v 31.70103455 5.85928154 43.31758499
v 31.09170151 5.90648079 43.27282715
v 31.72113991 5.93066978 43.25082397
v 31.20082092 5.97324467 43.21363449
v 31.75569916 5.98803711 43.20098877
v 31.3143158 6.03735876 43.16086197
v 31.84436417 6.07011557 43.13507843
v 31.38453102 6.07392168 43.13238525
v 31.47092247 6.11527157 43.10149384
v 31.96448898 6.12556505 43.09384155
v 31.57770157 6.16030359 43.06934738
v 32.09999847 6.14539051 43.07970428
v 31.71031761 6.20599222 43.03827667
v 32.40000153 6.17336941 43.06027222
v 32.40000153 6.14539051 43.07970428
v 32.40000153 6.20162678 43.04124451
v 31.78467178 6.2262907 43.02497482
v 31.86733627 6.24413681 43.01356125
v 31.95923805 6.25791788 43.00495911
v 32.09999847 5.50001764 46.23392487
v 31.95982552 5.50497389 46.24200058
v 31.86712074 5.51366997 46.25592422
v 31.78339005 5.52525234 46.2740593
v 31.70802689 5.53876925 46.2947197
v 31.57395554 5.5703311 46.34117126
v 31.46663475 5.60286331 46.38674545
v 31.38030624 5.63397074 46.42834091
v 31.31046677 5.66250467 46.46491241
v 31.19807625 5.71506166 46.52858353
v 31.0903511 5.77365351 46.5944519
v 30.98700905 5.83829927 46.6617012
v 30.93228531 5.87629032 43.37628937
v 30.93226051 5.87630749 46.62369156
v 30.87878036 5.91614199 43.41614151
v 30.87878036 5.91614199 46.58385849
v 30.82726288 5.95723248 46.54276657
v 30.82725716 5.95723772 43.45723724
v 30.7771244 6 46.5
v 30.7771244 6 43.5
v 30.10000038 6.84852791 43.5
v 30.10000038 6 43.5
v 30.10000038 8.15147209 43.5
v 30 6.84852791 43.5
v 30 8.15147209 43.5
v 30.7771244 9 43.5
v 30.10000038 9 43.5
v 30.7771244 9 46.5
v 30.82725716 9.04276276 46.54276276
v 30.82726288 9.04276752 43.45723343
v 30.87878036 9.08385849 46.58385849
v 30.87878036 9.08385849 43.41614151
v 30.93226051 9.12369251 43.37630844
v 30.93228531 9.12370968 46.62371063
v 30.98700905 9.1617012 46.6617012
v 31.09120369 9.22712708 46.59371185
v 31.16312218 9.26733589 46.54893494
v 31.23096657 9.30174923 46.50867462
v 31.34719276 9.3532629 46.44483185
v 31.46201706 9.39562416 46.38883209
v 31.56142998 9.42599297 46.3465271
v 31.6467514 9.44767952 46.31508636
v 31.71946526 9.46310902 46.29201508
v 31.84357262 9.48317146 46.26099777
v 31.97071457 9.4956789 46.24094391
v 32.09999847 9.5 46.23389816
v 32.17534256 9.49856377 46.23624039
v 32.25151443 9.49422359 46.24324799
v 32.32593536 9.48718071 46.25445557
v 32.40000153 9.47737217 46.26984406
v 32.40000153 9.42029476 46.35461044
v 32.40000153 9.45875645 46.29837418
v 32.40000153 9.43972969 46.32662964
v 32.09999847 9.42029476 46.35461044
v 31.96532822 8.87405491 46.90666199
v 32.09999847 8.85460949 46.92029572
v 31.84626007 8.92870522 46.86598587
v 31.75682449 9.01012611 46.80023956
v 31.72138405 9.06914902 46.74905014
v 31.70100975 9.14259529 46.68067932
v 31.71054077 9.22485924 46.59585953
v 31.7667675 9.31053066 46.49773026
v 31.81568909 9.34858036 46.45080185
v 31.88114548 9.38154411 46.40814972
v 31.96364975 9.40628338 46.37452316
v 32.40000153 8.85460949 46.92029572
v 32.40000153 8.79837322 46.95875549
v 32.40000153 8.82663059 46.93972778
v 32.40000153 8.76984215 46.97737122
v 32.40000153 6.23015738 46.97737122
v 32.40000153 5.52262783 46.26984406
v 32.40000153 5.58539104 46.36263275
v 32.40000153 6.04767084 46.84749603
v 32.40000153 6.13736582 46.914608
v 32.40000153 5.87837791 46.70083618
v 32.40000153 5.96127605 46.77618408
v 32.40000153 5.79916477 46.62162399
v 32.40000153 5.72381639 46.53872299
v 32.40000153 5.65250444 46.45232773
v 32.32586288 5.51281118 46.25439453
v 32.25125504 5.50575686 46.24321365
v 32.17547989 5.501441 46.23630524
v 32.17595673 6.26350069 46.99840546
v 32.09999847 6.2659502 46.99990463
v 31.95640755 6.25760031 46.99477386
v 32.25162888 6.25658131 46.99411774
v 32.32648468 6.24539852 46.98709106
v 31.81575966 6.2335701 46.97961426
v 31.67938042 6.19632101 46.95523071
v 31.59992027 6.16867161 46.93647385
v 31.50704956 6.13116026 46.91012192
v 31.39922523 6.08109903 46.8732605
v 31.2749939 6.01567268 46.82192612
v 31.16364098 5.95094252 46.76725769
v 31.0913353 5.90623093 46.72702026
v 32.09999847 8.73392487 46.99998093
v 31.95982552 8.74200058 46.99502563
v 31.86712074 8.75592518 46.98632812
v 31.78339005 8.77405834 46.9747467
v 31.70802689 8.79471874 46.96123123
v 31.57395554 8.84117126 46.92966843
v 31.46663475 8.88674355 46.89713669
v 31.38030624 8.92834091 46.86602783
v 31.31046677 8.96491051 46.8374939
v 31.19807625 9.02858353 46.78493881
v 31.0903511 9.09445095 46.72634506
v 30.10000038 6 45.65147018
v 30.10000038 6 46.5
v 30.10000038 6 44.34852982
v 30 6 45.65147018
v 30 6 44.34852982
v 30.10000038 10.25771618 41.39375687
v 30 10.25771618 41.39375687
v 30.10000038 11.10624504 42.24228287
v 30.10000038 9 44.34852982
v 30.10000038 9 45.65147018
v 30 9 44.34852982
v 30 9 45.65147018
v 30.10000038 9 46.5
v 30.10000038 4.74228334 41.39375687
v 30.10000038 3.89375544 42.24228287
v 30 4.74228334 41.39375687
v 30 14.15119171 43.4397049
v 30 15 43.5
v 30 14.2228756 43.5
v 30 9.08818817 38.38441849
v 30 9 38.2771225
v 30 9 37.5
v 30 14.07676315 43.38283539
v 30 9.16880512 38.49769974
v 30 13.99041939 43.3234024
v 30 13.90863419 43.27296448
v 30 9.24129677 38.61618805
v 30 13.83161354 43.23022842
v 30 9.28075027 38.68954468
v 30 15 37.5
v 30 13.75942039 43.19406891
v 30 9.32401276 38.77964783
v 30 13.62351418 43.13545609
v 30 9.36990452 38.89045715
v 30 13.50720119 43.09440231
v 30 9.41608715 39.0267601
v 30 13.40849113 43.0657196
v 30 9.43710899 39.10240173
v 30 13.32519627 43.04571915
v 30 9.45663738 39.18579483
v 30 9.47384739 39.27762604
v 30 13.18471527 43.02037048
v 30 9.48770714 39.37860489
v 30 13.04271984 43.00510025
v 30 9.49693966 39.48940659
v 30 11.10624504 42.24228287
v 30 12.89999962 43
v 30 12.79823399 43.00259018
v 30 12.69673157 43.0103569
v 30 12.59550858 43.02331543
v 30 12.49507618 43.04141998
v 30 12.39569569 43.06462479
v 30 12.29762745 43.09287262
v 30 12.20112801 43.12607956
v 30 12.10645103 43.16416931
v 30 9.34546566 40.37088013
v 30 9.37936592 40.28408813
v 30 9.4080286 40.19952011
v 30 9.43192768 40.11734772
v 30 9.45151329 40.0377121
v 30 9.46720409 39.96070099
v 30 9.47939014 39.88637543
v 30 9.49489021 39.74287033
v 30 9.49997139 39.61065674
v 30 9.30582142 40.45965576
v 30 12.01384163 43.20703506
v 30 9.25990582 40.55012131
v 30 11.92354107 43.25457001
v 30 9.20915031 40.63865662
v 30 11.83578014 43.30664825
v 30 9.15394688 40.72448349
v 30 11.75079155 43.36313629
v 30 9.09443569 40.80738449
v 30 11.66879463 43.42388916
v 30 9.03077221 40.88714218
v 30 11.59000206 43.48874283
v 30 8.96312141 40.96355057
v 30 11.51461792 43.55753326
v 30 8.89166069 41.03641129
v 30 11.44284058 43.63008118
v 30 8.81657791 41.10552979
v 30 11.37485695 43.70619202
v 30 8.73806858 41.17072678
v 30 5.91882896 38.37529755
v 30 6 37.5
v 30 6 38.2771225
v 30 11.31084633 43.78567505
v 30 14.11246204 46.59057617
v 30 14.2228756 46.5
v 30 15 46.5
v 30 5.86825895 38.44353104
v 30 8.65633678 41.23183441
v 30 11.2509737 43.86831284
v 30 13.99586582 46.67304611
v 30 5.81139374 38.52827072
v 30 8.57159615 41.28869247
v 30 11.19539642 43.95389938
v 30 5.75892448 38.61579895
v 30 13.87373734 46.74695206
v 30 13.79803658 46.78704453
v 30 5.71098661 38.70589447
v 30 7.5 41.59999847
v 30 7.62731934 41.59594345
v 30 7.7119441 41.58873749
v 30 7.81311035 41.57533646
v 30 7.91346312 41.55679321
v 30 8.01274204 41.53315735
v 30 8.11068535 41.50448227
v 30 8.20703888 41.4708519
v 30 8.30154896 41.43235397
v 30 8.39397049 41.38908386
v 30 8.48406315 41.34115601
v 30 11.14425564 44.04220963
v 30 11.09768677 44.13301468
v 30 11.05580997 44.22607422
v 30 11.01873398 44.32115173
v 30 10.9865551 44.41799927
v 30 10.95935822 44.51636505
v 30 10.9372139 44.61598587
v 30 10.92018032 44.71660614
v 30 10.90830135 44.81796265
v 30 10.90160942 44.91979218
v 30 10.90011883 45.0218277
v 30 11.10624504 47.75771713
v 30 11.20166969 46.05625534
v 30 11.24781799 46.12707138
v 30 11.29481316 46.19305038
v 30 11.3423233 46.25444794
v 30 11.43987942 46.36676407
v 30 11.53641701 46.4630928
v 30 11.6304903 46.54542542
v 30 11.72109032 46.6156044
v 30 11.80754757 46.6752739
v 30 11.88945389 46.72591782
v 30 11.96659756 46.76882935
v 30 12.03891373 46.80514145
v 30 12.17506886 46.8639946
v 30 12.29161072 46.90522003
v 30 12.39052391 46.93401718
v 30 12.47399521 46.95410156
v 30 12.61478043 46.97955704
v 30 12.75702477 46.99488449
v 30 12.89999962 47
v 30 12.99364376 46.99780655
v 30 6.43620205 41.29361343
v 30 6.51646042 41.34144974
v 30 6.59192038 41.38196182
v 30 6.66255808 41.41622925
v 30 6.79533195 41.47174835
v 30 6.90879297 41.51062012
v 30 7.00498486 41.53777313
v 30 7.08609915 41.55670166
v 30 7.22291422 41.58070755
v 30 7.36119795 41.59517288
v 30 10.90383625 45.12380981
v 30 10.91275024 45.2254715
v 30 10.92683887 45.3265419
v 30 10.94606495 45.42676926
v 30 10.97037792 45.52588272
v 30 10.99971581 45.62363052
v 30 11.0340004 45.71975327
v 30 11.07239437 45.81231689
v 30 11.11349583 45.8991127
v 30 11.15675163 45.98035049
v 30 5.53984308 39.99721909
v 30 5.56265545 40.0966835
v 30 5.5905118 40.19485855
v 30 5.62334013 40.29148102
v 30 5.66081953 40.38575745
v 30 5.70117998 40.47420883
v 30 5.74384928 40.55704117
v 30 5.78831911 40.63447571
v 30 5.83413839 40.70675278
v 30 5.88091183 40.77411652
v 30 5.9282918 40.83682251
v 30 5.97597551 40.89512253
v 30 6.07334995 41.00166702
v 30 6.16914988 41.09292984
v 30 6.2620945 41.17085648
v 30 6.35130215 41.23722076
v 30 5.50304937 39.48961258
v 30 5.50001907 39.59161758
v 30 5.50219536 39.69364929
v 30 5.50957298 39.79543686
v 30 5.52213335 39.89671326
v 30 0 37.5
v 30 5.66770697 38.79831696
v 30 5.6291976 38.89282608
v 30 5.59556055 38.98917389
v 30 5.56688213 39.08711243
v 30 5.54323721 39.18638229
v 30 5.52468681 39.28673172
v 30 5.51127911 39.38789749
v 30 15 52.5
v 30 13.08708286 46.99123001
v 30 13.19115067 46.97869492
v 30 13.28585052 46.96242523
v 30 13.37188244 46.94353104
v 30 13.44994545 46.92290115
v 30 13.59064293 46.87696457
v 30 13.7050333 46.83082199
v 30 3.89375544 42.24228287
v 30 10.25771618 48.60624313
v 30 3.46358275 43.5369072
v 30 3.56012058 43.63323593
v 30 8.83071804 48.9069519
v 30 8.92654133 48.99822235
v 30 9.02393913 49.10477448
v 30 3.36950946 43.45457458
v 30 3.65767717 43.74555206
v 30 8.73775196 48.82902145
v 30 9.07163429 49.16308212
v 30 3.70518684 43.80694962
v 30 3.27890921 43.3843956
v 30 9.11902523 49.22579575
v 30 8.64852333 48.76265717
v 30 3.75218248 43.87292862
v 30 9.16580963 49.29317093
v 30 3.19245195 43.3247261
v 30 8.5636034 48.7062645
v 30 8.15147209 46.5
v 30 3.79833031 43.94374466
v 30 9.2116394 49.36545563
v 30 3.11054611 43.27408218
v 30 8.48332691 48.65843201
v 30 3.84324861 44.01964951
v 30 9.25611877 49.4428978
v 30 3.03340268 43.23117065
v 30 8.40784931 48.61791992
v 30 3.88650393 44.1008873
v 30 9.29879761 49.52574539
v 30 2.96108627 43.19485855
v 30 8.3371954 48.58365631
v 30 3.92760515 44.18768311
v 30 9.33916664 49.61421204
v 30 2.82493138 43.1360054
v 30 3.9659996 44.28024673
v 30 8.20439243 48.52814865
v 30 9.37665272 49.70849991
v 30 4.00028419 44.37636948
v 30 2.70838928 43.09477997
v 30 9.409482 49.80512619
v 30 8.09090805 48.48928452
v 30 4.0296216 44.47411728
v 30 2.60947633 43.06598282
v 30 9.43733978 49.90329742
v 30 7.99469614 48.46214676
v 30 4.05393505 44.57323074
v 30 2.52600503 43.04589844
v 30 7.91356564 48.44322586
v 30 9.46015358 50.00276184
v 30 4.07316113 44.6734581
v 30 9.47786427 50.10326767
v 30 2.38521934 43.02044296
v 30 7.77682352 48.41925049
v 30 4.08724976 44.7745285
v 30 9.49042511 50.20454407
v 30 2.24297523 43.00511551
v 30 7.63874674 48.40481949
v 30 4.09616375 44.87619019
v 30 9.49780369 50.30633163
v 30 4.0998807 44.9781723
v 30 2.0999999 43
v 30 7.5 48.40000153
v 30 6.84852791 46.5
v 30 9.49998093 50.40836334
v 30 4.09839106 45.08020782
v 30 2.006356 43.00219345
v 30 9.4969511 50.51036835
v 30 7.37266636 48.40406036
v 30 4.09169817 45.18203735
v 30 1.91291714 43.00876999
v 30 7.28803253 48.41126633
v 30 9.4887228 50.61208725
v 30 4.07981968 45.28339386
v 30 1.80884981 43.02130508
v 30 7.18686295 48.42466736
v 30 9.47531605 50.71324921
v 30 4.0627861 45.38401413
v 30 1.71414948 43.03757477
v 30 7.08651114 48.4432106
v 30 9.45676613 50.81359863
v 30 1.62811732 43.05646896
v 30 4.04064178 45.48363495
v 30 6.98723793 48.46685028
v 30 9.43312263 50.91287231
v 30 1.55005419 43.07709885
v 30 4.01344442 45.58200073
v 30 6.88930035 48.49551773
v 30 9.40444565 51.01080704
v 30 3.98126602 45.67884827
v 30 1.40935683 43.12303543
v 30 6.79295063 48.5291481
v 30 9.3708086 51.10715485
v 30 3.94419026 45.77392578
v 30 6.69844341 48.56764984
v 30 9.33230114 51.20166779
v 30 1.2949667 43.16917801
v 30 3.90231371 45.86698532
v 30 6.60602188 48.61092377
v 30 9.28902149 51.29409027
v 30 1.20196331 43.21295547
v 30 3.8557446 45.95779037
v 30 6.51592588 48.65885162
v 30 3.80460405 46.04610062
v 30 6.42839098 48.71131897
v 30 9 52.5
v 30 9 51.7228775
v 30 9.08117867 51.62469482
v 30 9.13175201 51.5564537
v 30 9.1886158 51.47171402
v 30 9.24108505 51.38418198
v 30 0 43.5
v 30 1.12626302 43.25304794
v 30 1.00413394 43.32695389
v 30 0.88753802 43.40942383
v 30 0.77712435 43.5
v 30 3.89375544 47.75771713
v 30 2.98615837 46.79296494
v 30 3.07645941 46.74542999
v 30 3.16421986 46.69335175
v 30 3.24920845 46.63686371
v 30 3.33120513 46.57611084
v 30 3.40999818 46.51125717
v 30 3.48538184 46.44246674
v 30 3.55715942 46.36991882
v 30 3.62514281 46.29380798
v 30 3.68915391 46.21432495
v 30 3.74902606 46.13168716
v 30 4.74228334 48.60624313
v 30 6.3436451 48.76818085
v 30 6.26191092 48.82928848
v 30 6.18340206 48.89448929
v 30 6.10832262 48.96360397
v 30 6.03686714 49.03646088
v 30 5.96921968 49.11286545
v 30 5.90555859 49.19262314
v 30 5.84604883 49.27552414
v 30 5.79084396 49.36135483
v 30 5.74008751 49.44989395
v 30 5.69416428 49.54037857
v 30 2.8935492 46.83583069
v 30 5.65451479 49.62916946
v 30 2.79887176 46.87392044
v 30 5.62060976 49.7159729
v 30 2.70237279 46.90712738
v 30 5.59194613 49.80056
v 30 5.56804657 49.88274002
v 30 2.60430455 46.93537521
v 30 5.54846287 49.9623909
v 30 2.50492406 46.95858002
v 30 5.53277445 50.03941345
v 30 2.40449142 46.97668457
v 30 5.52059078 50.11375046
v 30 2.30326796 46.9896431
v 30 5.50509977 50.25727844
v 30 2.20176554 46.99740982
v 30 5.50002909 50.38951874
v 30 2.0999999 47
v 30 5.50307274 50.51079178
v 30 1.95727992 46.99489975
v 30 6 52.5
v 30 5.71939945 51.31074524
v 30 5.75887251 51.3841095
v 30 5.83133745 51.50252533
v 30 5.91184282 51.6156311
v 30 6 51.7228775
v 30 0 46.5
v 30 0.77712435 46.5
v 30 0.84880823 46.5602951
v 30 0.92323714 46.61716461
v 30 1.00958014 46.6765976
v 30 1.09136581 46.72703552
v 30 1.16838646 46.76977158
v 30 1.24057996 46.80593109
v 30 0 52.5
v 30 1.37648594 46.86454391
v 30 1.49279892 46.90559769
v 30 1.59150887 46.9342804
v 30 1.67480361 46.95428085
v 30 1.81528461 46.97962952
v 30 5.51231718 50.62161255
v 30 5.52619028 50.72260284
v 30 5.54341364 50.81444931
v 30 5.56295443 50.89785004
v 30 5.58398962 50.97350311
v 30 5.63019848 51.1098175
v 30 5.67611551 51.22063446
v 32.1756134 8.7362833 46.99853897
v 32.32599258 8.75440788 46.98721313
v 32.25146103 8.7432127 46.99424744
v 30.10000038 8.15147209 46.5
v 30.10000038 6.84852791 46.5
v 30.10000038 4.74228334 48.60624313
v 30.10000038 3.89375544 47.75771713
v 30.10000038 11.10624504 47.75771713
v 30.10000038 10.25771618 48.60624313
v 0 9 51.7228775
v 0 9 52.5
v 0 7.5 48.40000153
v 0 7.59967756 48.40248489
v 0 7.69910717 48.409935
v 0 7.79804182 48.42233276
v 0 7.89623594 48.43964386
v 0 7.99344492 48.46182632
v 0 8.08942795 48.48883057
v 0 8.18394566 48.52058029
v 0 8.27676392 48.55700302
v 0 8.36765099 48.5980072
v 0 8.4563818 48.64348984
v 0 8.5427351 48.69333649
v 0 8.62649727 48.74742508
v 0 8.70745945 48.8056221
v 0 8.78542137 48.86778259
v 0 8.86018753 48.93375015
v 0 8.93157291 49.00336075
v 0 8.99940109 49.07644653
v 0 9.06350136 49.15281677
v 0 9.12371635 49.23229218
v 0 9.1798954 49.31466675
v 0 9.23190022 49.39973831
v 0 9.27959919 49.48729706
v 0 9.32287598 49.57712555
v 0 9.36162186 49.6689949
v 0 9.39574051 49.76268768
v 0 9.42514706 49.85795975
v 0 9.44976902 49.9545784
v 0 9.46954536 50.05230713
v 0 9.4844265 50.15089798
v 0 9.49437523 50.25011063
v 0 9.49936676 50.3496933
v 0 9.49938965 50.44940186
v 0 9.49444294 50.54898834
v 0 9.48453903 50.64820099
v 0 9.46970272 50.74679947
v 0 9.4499712 50.84453583
v 0 9.42539215 50.94116974
v 0 9.39602852 51.03645706
v 0 9.36195278 51.13016129
v 0 9.32324791 51.22204971
v 0 9.28001213 51.31189728
v 0 9.23235226 51.3994751
v 0 9.1803875 51.48457336
v 0 9.12424564 51.56697464
v 0 9.06406593 51.64647293
v 0 6 51.7228775
v 0 5.93593359 51.64647293
v 0 5.87575483 51.56697464
v 0 5.81961298 51.48457336
v 0 5.76764727 51.3994751
v 0 5.71998739 51.31189728
v 0 5.67675161 51.22204971
v 0 5.6380477 51.13016129
v 0 5.60397148 51.03645706
v 0 5.57460737 50.94116974
v 0 5.55002928 50.84453583
v 0 5.53029728 50.74679947
v 0 5.51546097 50.64820099
v 0 5.50555706 50.54898834
v 0 5.50061035 50.44940186
v 0 5.50063276 50.3496933
v 0 5.50562477 50.25011063
v 0 5.5155735 50.15089798
v 0 5.53045464 50.05230713
v 0 5.5502305 49.9545784
v 0 5.57485294 49.85795975
v 0 5.60425997 49.76268768
v 0 5.63837862 49.6689949
v 0 5.6771245 49.57712555
v 0 5.72040081 49.48729706
v 0 5.76810026 49.39973831
v 0 5.82010412 49.31466675
v 0 5.87628365 49.23229218
v 0 5.93649864 49.15281677
v 0 6.00059938 49.07644653
v 0 6.06842709 49.00336075
v 0 6.13981247 48.93375015
v 0 6.21457911 48.86778259
v 0 6.29254007 48.8056221
v 0 6.37350225 48.74742508
v 0 6.45726442 48.69333649
v 0 6.5436182 48.64348984
v 0 6.63234901 48.5980072
v 0 6.72323656 48.55700302
v 0 6.81605434 48.52058029
v 0 6.91057205 48.48883057
v 0 7.00655508 48.46182632
v 0 7.10376406 48.43964386
v 0 7.20195818 48.42233276
v 0 7.30089283 48.409935
v 0 7.40032244 48.40248489
v 0 6 52.5
v 0 0 52.5
v 0 0 47
v 4.4000001 0 47
v 4.4000001 0 46.5
v 4.4000001 0.77712435 46.5
v 4.4000001 2.0999999 47
v 4.4000001 2.0036726 46.99768066
v 4.4000001 1.90756905 46.99072266
v 4.4000001 1.81191194 46.97914124
v 4.4000001 1.71692359 46.96297073
v 4.4000001 1.62282431 46.94224167
v 4.4000001 1.52983272 46.91700363
v 4.4000001 1.43816447 46.88731766
v 4.4000001 1.34803236 46.85325241
v 4.4000001 1.2596457 46.81488419
v 4.4000001 1.17320955 46.77230453
v 4.4000001 1.08892453 46.72560883
v 4.4000001 1.00698626 46.67490768
v 4.4000001 0.92758501 46.62032318
v 4.4000001 0.85090506 46.56197357
v 4.4000001 2.0999999 43
v 4.4000001 2.19969177 43.00248718
v 4.4000001 2.29913568 43.00993729
v 4.4000001 2.39808464 43.02233887
v 4.4000001 2.49629235 43.03965378
v 4.4000001 2.59351468 43.06184387
v 4.4000001 2.68951035 43.08885574
v 4.4000001 2.78404021 43.1206131
v 4.4000001 2.87686968 43.15704727
v 4.4000001 2.96776748 43.1980629
v 4.4000001 3.05650806 43.24355698
v 4.4000001 3.14287043 43.29341888
v 4.4000001 3.22664022 43.34752274
v 4.4000001 3.30760884 43.40573502
v 4.4000001 3.38557529 43.46791077
v 4.4000001 3.46034551 43.5338974
v 4.4000001 3.53173375 43.60352707
v 4.4000001 3.59956241 43.67662811
v 4.4000001 3.66366291 43.75302124
v 4.4000001 3.723876 43.8325119
v 4.4000001 3.78005195 43.91490936
v 4.4000001 3.8320508 44
v 4.4000001 3.87974358 44.08757782
v 4.4000001 3.92301178 44.17742538
v 4.4000001 3.96174741 44.26931763
v 4.4000001 3.99585462 44.36302567
v 4.4000001 4.02524853 44.45832062
v 4.4000001 4.04985571 44.55495834
v 4.4000001 4.06961536 44.65270233
v 4.4000001 4.08447838 44.75131226
v 4.4000001 4.09440756 44.85054016
v 4.4000001 4.09937859 44.95013809
v 4.4000001 4.09937859 45.04986191
v 4.4000001 4.09440756 45.14945984
v 4.4000001 4.08447838 45.24868774
v 4.4000001 4.06961536 45.34729767
v 4.4000001 4.04985571 45.44504166
v 4.4000001 4.02524853 45.54167938
v 4.4000001 3.99585462 45.63697433
v 4.4000001 3.96174741 45.73068237
v 4.4000001 3.92301178 45.82257462
v 4.4000001 3.87974358 45.91242218
v 4.4000001 3.8320508 46
v 4.4000001 3.78005195 46.08509064
v 4.4000001 3.723876 46.1674881
v 4.4000001 3.66366291 46.24697876
v 4.4000001 3.59956241 46.32337189
v 4.4000001 3.53173375 46.39647293
v 4.4000001 3.46034551 46.4661026
v 4.4000001 3.38557529 46.53208923
v 4.4000001 3.30760884 46.59426498
v 4.4000001 3.22664022 46.65247726
v 4.4000001 3.14287043 46.70658112
v 4.4000001 3.05650806 46.75644302
v 4.4000001 2.96776748 46.8019371
v 4.4000001 2.87686968 46.84295273
v 4.4000001 2.78404021 46.8793869
v 4.4000001 2.68951035 46.91114426
v 4.4000001 2.59351468 46.93815613
v 4.4000001 2.49629235 46.96034622
v 4.4000001 2.39808464 46.97766113
v 4.4000001 2.29913568 46.99006271
v 4.4000001 2.19969177 46.99751282
v 4.4000001 0.77712435 43.5
v 4.4000001 0.88750929 43.40944672
v 4.4000001 1.00407636 43.32699966
v 4.4000001 1.1262182 43.25307846
v 4.4000001 1.20191979 43.21297836
v 4.4000001 1.29491949 43.16919708
v 4.4000001 1.40930057 43.12305069
v 4.4000001 1.54998863 43.07711792
v 4.4000001 1.6280508 43.05648422
v 4.4000001 1.71408689 43.03759003
v 4.4000001 1.80879807 43.02131653
v 4.4000001 1.91288388 43.00877762
v 4.4000001 2.00634146 43.00219727
v 4.4000001 0 43.5
v 4.4000001 0 43
v 0 0 43
v 0 0 37.5
v 0 6 37.5
v 0 6 38.2771225
v 0 7.5 41.59999847
v 0 7.40032244 41.59751511
v 0 7.30089283 41.590065
v 0 7.20195818 41.57766724
v 0 7.10376406 41.56035614
v 0 7.00655508 41.53817368
v 0 6.91057205 41.51116943
v 0 6.81605434 41.47941971
v 0 6.72323656 41.44299698
v 0 6.63234901 41.4019928
v 0 6.5436182 41.35651016
v 0 6.45726442 41.30666351
v 0 6.37350225 41.25257492
v 0 6.29254007 41.1943779
v 0 6.21457911 41.13221741
v 0 6.13981247 41.06624985
v 0 6.06842709 40.99663925
v 0 6.00059938 40.92355347
v 0 5.93649864 40.84718323
v 0 5.87628365 40.76770782
v 0 5.82010412 40.68533325
v 0 5.76810026 40.60026169
v 0 5.72040081 40.51270294
v 0 5.6771245 40.42287445
v 0 5.63837862 40.3310051
v 0 5.60425997 40.23731232
v 0 5.57485294 40.14204025
v 0 5.5502305 40.0454216
v 0 5.53045464 39.94769287
v 0 5.5155735 39.84910202
v 0 5.50562477 39.74988937
v 0 5.50063276 39.6503067
v 0 5.50061035 39.55059814
v 0 5.50555706 39.45101166
v 0 5.51546097 39.35179901
v 0 5.53029728 39.25320053
v 0 5.55002928 39.15546417
v 0 5.57460737 39.05883026
v 0 5.60397148 38.96354294
v 0 5.6380477 38.86983871
v 0 5.67675161 38.77795029
v 0 5.71998739 38.68810272
v 0 5.76764727 38.6005249
v 0 5.81961298 38.51542664
v 0 5.87575483 38.43302536
v 0 5.93593359 38.35352707
v 0 9 38.2771225
v 0 9.06406593 38.35352707
v 0 9.12424564 38.43302536
v 0 9.1803875 38.51542664
v 0 9.23235226 38.6005249
v 0 9.28001213 38.68810272
v 0 9.32324791 38.77795029
v 0 9.36195278 38.86983871
v 0 9.39602852 38.96354294
v 0 9.42539215 39.05883026
v 0 9.4499712 39.15546417
v 0 9.46970272 39.25320053
v 0 9.48453903 39.35179901
v 0 9.49444294 39.45101166
v 0 9.49938965 39.55059814
v 0 9.49936676 39.6503067
v 0 9.49437523 39.74988937
v 0 9.4844265 39.84910202
v 0 9.46954536 39.94769287
v 0 9.44976902 40.0454216
v 0 9.42514706 40.14204025
v 0 9.39574051 40.23731232
v 0 9.36162186 40.3310051
v 0 9.32287598 40.42287445
v 0 9.27959919 40.51270294
v 0 9.23190022 40.60026169
v 0 9.1798954 40.68533325
v 0 9.12371635 40.76770782
v 0 9.06350136 40.84718323
v 0 8.99940109 40.92355347
v 0 8.93157291 40.99663925
v 0 8.86018753 41.06624985
v 0 8.78542137 41.13221741
v 0 8.70745945 41.1943779
v 0 8.62649727 41.25257492
v 0 8.5427351 41.30666351
v 0 8.4563818 41.35651016
v 0 8.36765099 41.4019928
v 0 8.27676392 41.44299698
v 0 8.18394566 41.47941971
v 0 8.08942795 41.51116943
v 0 7.99344492 41.53817368
v 0 7.89623594 41.56035614
v 0 7.79804182 41.57766724
v 0 7.69910717 41.590065
v 0 7.59967756 41.59751511
v 0 9 37.5
v 0 15 37.5
v 4.4000001 15 43
v 4.4000001 15 43.5
v 0 15 43
v 4.4000001 14.2228756 43.5
v 4.4000001 12.89999962 43
v 4.4000001 12.9963274 43.00231934
v 4.4000001 13.09243107 43.00927734
v 4.4000001 13.18808842 43.02085876
v 4.4000001 13.28307629 43.03702927
v 4.4000001 13.37717533 43.05775833
v 4.4000001 13.47016716 43.08299637
v 4.4000001 13.56183529 43.11268234
v 4.4000001 13.651968 43.14674759
v 4.4000001 13.74035454 43.18511581
v 4.4000001 13.82679081 43.22769547
v 4.4000001 13.91107559 43.27439117
v 4.4000001 13.99301338 43.32509232
v 4.4000001 14.07241535 43.37967682
v 4.4000001 14.14909458 43.43802643
v 4.4000001 12.89999962 47
v 4.4000001 12.75701046 46.99488068
v 4.4000001 12.61476231 46.97953415
v 4.4000001 12.47399044 46.95404434
v 4.4000001 12.39053631 46.93392563
v 4.4000001 12.29165173 46.90507889
v 4.4000001 12.17515182 46.8637886
v 4.4000001 12.03905487 46.80484772
v 4.4000001 11.96677113 46.76849365
v 4.4000001 11.88966179 46.72553253
v 4.4000001 11.8077898 46.67483902
v 4.4000001 11.72136593 46.61511612
v 4.4000001 11.63079262 46.54489899
v 4.4000001 11.53673744 46.46253586
v 4.4000001 11.44020271 46.36619186
v 4.4000001 11.34262943 46.25388336
v 4.4000001 11.29510307 46.19249725
v 4.4000001 11.24808407 46.12653732
v 4.4000001 11.2019062 46.05574036
v 4.4000001 11.15695286 45.9798584
v 4.4000001 11.11365891 45.89865112
v 4.4000001 11.07251549 45.81188583
v 4.4000001 11.03407955 45.71935272
v 4.4000001 10.99978161 45.62333679
v 4.4000001 10.9704361 45.52571869
v 4.4000001 10.94611645 45.42673492
v 4.4000001 10.92688179 45.32663727
v 4.4000001 10.91278267 45.22566986
v 4.4000001 10.90385437 45.12407684
v 4.4000001 10.90012264 45.02210999
v 4.4000001 10.90159702 44.92011261
v 4.4000001 10.90827084 44.81836319
v 4.4000001 10.92012596 44.71711349
v 4.4000001 10.93713474 44.6166153
v 4.4000001 10.95925522 44.51710892
v 4.4000001 10.98643208 44.41884995
v 4.4000001 11.01859856 44.32208252
v 4.4000001 11.05567551 44.2270546
v 4.4000001 11.09756947 44.13401413
v 4.4000001 11.14417171 44.04319382
v 4.4000001 11.195364 43.95484161
v 4.4000001 11.2510128 43.8691864
v 4.4000001 11.31096935 43.78645706
v 4.4000001 11.37507534 43.70687485
v 4.4000001 11.44316006 43.63065338
v 4.4000001 11.51503944 43.55799866
v 4.4000001 11.59052086 43.48910522
v 4.4000001 11.66940022 43.42415237
v 4.4000001 11.7514658 43.3633194
v 4.4000001 11.83649921 43.3067627
v 4.4000001 11.92427349 43.25463486
v 4.4000001 12.01455879 43.20706177
v 4.4000001 12.10711861 43.16417694
v 4.4000001 12.20171452 43.12607956
v 4.4000001 12.29810524 43.0928688
v 4.4000001 12.39604759 43.0646286
v 4.4000001 12.49529648 43.04142761
v 4.4000001 12.59560871 43.02332306
v 4.4000001 12.69673538 43.01036453
v 4.4000001 12.79823399 43.00259018
v 4.4000001 14.2228756 46.5
v 4.4000001 14.14909458 46.56197357
v 4.4000001 14.07241535 46.62032318
v 4.4000001 13.99301338 46.67490768
v 4.4000001 13.91107559 46.72560883
v 4.4000001 13.82679081 46.77230453
v 4.4000001 13.74035454 46.81488419
v 4.4000001 13.651968 46.85325241
v 4.4000001 13.56183529 46.88731766
v 4.4000001 13.47016716 46.91700363
v 4.4000001 13.37717533 46.94224167
v 4.4000001 13.28307629 46.96297073
v 4.4000001 13.18808842 46.97914124
v 4.4000001 13.09243107 46.99072266
v 4.4000001 12.9963274 46.99768066
v 4.4000001 15 46.5
v 4.4000001 15 47
v 0 15 52.5
v 0 15 47
v 0 10.60000038 47
v 0 10.60000038 46.5
v 0 4.4000001 47
v 0 4.4000001 46.5
v 2.0999999 4.4000001 47
v 4.4000001 4.4000001 47
v 4.4000001 4.4000001 43
v 0 4.4000001 43
v 2.0999999 4.4000001 43
v 0 10.60000038 43
v 0 10.60000038 43.5
v 0 4.4000001 43.5
v 2.0999999 10.60000038 43
v 4.4000001 10.60000038 43
v 4.4000001 10.60000038 47
v 2.0999999 10.60000038 47
v 0.77712435 4.4000001 46.5
v 1.2949667 4.4000001 46.83082199
v 1.20196331 4.4000001 46.78704453
v 1.12626302 4.4000001 46.74695206
v 1.00413394 4.4000001 46.67304611
v 0.88753802 4.4000001 46.59057617
v 2.006356 4.4000001 46.99780655
v 1.91291714 4.4000001 46.99123001
v 1.80884981 4.4000001 46.97869492
v 1.71414948 4.4000001 46.96242523
v 1.62811732 4.4000001 46.94353104
v 1.55005419 4.4000001 46.92290115
v 1.40935683 4.4000001 46.87696457
v 0.77712435 10.60000038 46.5
v 0.84880823 10.60000038 46.5602951
v 0.92323714 10.60000038 46.61716461
v 1.00958014 10.60000038 46.6765976
v 1.09136581 10.60000038 46.72703552
v 1.16838646 10.60000038 46.76977158
v 1.24057996 10.60000038 46.80593109
v 1.95727992 10.60000038 46.99489975
v 1.81528461 10.60000038 46.97962952
v 1.67480361 10.60000038 46.95428085
v 1.59150887 10.60000038 46.9342804
v 1.49279892 10.60000038 46.90559769
v 1.37648594 10.60000038 46.86454391
v 3.59616828 4.4000001 43.67279434
v 3.50542593 4.4000001 43.57705688
v 3.39947653 4.4000001 43.47968674
v 3.34149265 4.4000001 43.43197632
v 3.67364049 4.4000001 43.76563644
v 3.27912331 4.4000001 43.384552
v 3.73960924 4.4000001 43.85471344
v 3.21211505 4.4000001 43.33771133
v 3.7956605 4.4000001 43.93946457
v 3.14021373 4.4000001 43.29179764
v 3.84319901 4.4000001 44.01956177
v 3.06317067 4.4000001 43.24720001
v 3.88345695 4.4000001 44.09486008
v 2.98074579 4.4000001 43.20436859
v 3.91750646 4.4000001 44.16533279
v 2.89271379 4.4000001 43.16380692
v 3.9726665 4.4000001 44.29777908
v 2.79887176 4.4000001 43.12607956
v 2.70237279 4.4000001 43.09287262
v 4.01128244 4.4000001 44.41093826
v 2.60430455 4.4000001 43.06462479
v 4.03824997 4.4000001 44.50686646
v 4.05705023 4.4000001 44.58774948
v 2.50492406 4.4000001 43.04141998
v 2.40449142 4.4000001 43.02331543
v 4.08087301 4.4000001 44.72406769
v 2.30326796 4.4000001 43.0103569
v 4.09521246 4.4000001 44.86170197
v 4.09740925 4.4000001 45.10176468
v 4.089643 4.4000001 45.20326996
v 4.07668447 4.4000001 45.30449295
v 4.05857849 4.4000001 45.4049263
v 4.03537321 4.4000001 45.50430679
v 4.00712872 4.4000001 45.60237503
v 3.97391939 4.4000001 45.69887161
v 3.93619227 4.4000001 45.79271317
v 3.89562964 4.4000001 45.88074493
v 3.85279822 4.4000001 45.96317291
v 3.80820203 4.4000001 46.04021454
v 3.76228714 4.4000001 46.11211395
v 3.71544576 4.4000001 46.17912292
v 3.66802144 4.4000001 46.24149323
v 3.62031388 4.4000001 46.29947662
v 3.52294421 4.4000001 46.40542603
v 3.42720532 4.4000001 46.49617004
v 3.33436322 4.4000001 46.57363892
v 3.24528623 4.4000001 46.63961029
v 3.16053557 4.4000001 46.69565964
v 3.08043718 4.4000001 46.74319839
v 3.00514126 4.4000001 46.78345871
v 2.93466687 4.4000001 46.81750488
v 2.80222201 4.4000001 46.87266541
v 2.2382977 4.4000001 46.99521255
v 2.37593341 4.4000001 46.98087311
v 2.51224947 4.4000001 46.95705032
v 2.59313369 4.4000001 46.9382515
v 2.68906069 4.4000001 46.91128159
v 4.0999999 4.4000001 45
v 2.20176554 4.4000001 43.00259018
v 0.77712435 4.4000001 43.5
v 0.84880823 4.4000001 43.4397049
v 0.92323714 4.4000001 43.38283539
v 1.00958014 4.4000001 43.3234024
v 1.09136581 4.4000001 43.27296448
v 1.16838646 4.4000001 43.23022842
v 1.24057996 4.4000001 43.19406891
v 1.37648594 4.4000001 43.13545609
v 1.49279892 4.4000001 43.09440231
v 1.59150887 4.4000001 43.0657196
v 1.67480361 4.4000001 43.04571915
v 1.81528461 4.4000001 43.02037048
v 1.95727992 4.4000001 43.00510025
v 0.77712435 10.60000038 43.5
v 0.88753802 10.60000038 43.40942383
v 1.00413394 10.60000038 43.32695389
v 1.12626302 10.60000038 43.25304794
v 1.20196331 10.60000038 43.21295547
v 1.2949667 10.60000038 43.16917801
v 1.40935683 10.60000038 43.12303543
v 1.55005419 10.60000038 43.07709885
v 1.62811732 10.60000038 43.05646896
v 1.71414948 10.60000038 43.03757477
v 1.80884981 10.60000038 43.02130508
v 1.91291714 10.60000038 43.00876999
v 2.006356 10.60000038 43.00219345
v 3.62031388 10.60000038 43.70052338
v 3.52294421 10.60000038 43.59457397
v 3.42720532 10.60000038 43.50382996
v 3.33436322 10.60000038 43.42636108
v 3.24528623 10.60000038 43.36038971
v 3.16053557 10.60000038 43.30434036
v 3.08043718 10.60000038 43.25680161
v 3.00514126 10.60000038 43.21654129
v 2.93466687 10.60000038 43.18249512
v 2.80222201 10.60000038 43.12733459
v 2.68906069 10.60000038 43.08871841
v 2.59313369 10.60000038 43.0617485
v 2.51224947 10.60000038 43.04294968
v 2.37593341 10.60000038 43.01912689
v 2.2382977 10.60000038 43.00478745
v 3.66802144 10.60000038 43.75850677
v 3.71544576 10.60000038 43.82087708
v 3.76228714 10.60000038 43.88788605
v 3.80820203 10.60000038 43.95978546
v 3.85279822 10.60000038 44.03682709
v 3.89562964 10.60000038 44.11925507
v 3.93619227 10.60000038 44.20728683
v 3.97391939 10.60000038 44.30112839
v 4.00712872 10.60000038 44.39762497
v 4.03537321 10.60000038 44.49569321
v 4.05857849 10.60000038 44.5950737
v 4.07668447 10.60000038 44.69550705
v 4.089643 10.60000038 44.79673004
v 4.09740925 10.60000038 44.89823532
v 2.79887176 10.60000038 46.87392044
v 2.89271379 10.60000038 46.83619308
v 2.98074579 10.60000038 46.79563141
v 3.06317067 10.60000038 46.75279999
v 3.14021373 10.60000038 46.70820236
v 3.21211505 10.60000038 46.66228867
v 3.27912331 10.60000038 46.615448
v 3.34149265 10.60000038 46.56802368
v 3.39947653 10.60000038 46.52031326
v 3.50542593 10.60000038 46.42294312
v 3.59616828 10.60000038 46.32720566
v 3.67364049 10.60000038 46.23436356
v 3.73960924 10.60000038 46.14528656
v 3.7956605 10.60000038 46.06053543
v 3.84319901 10.60000038 45.98043823
v 3.88345695 10.60000038 45.90513992
v 3.91750646 10.60000038 45.83466721
v 3.9726665 10.60000038 45.70222092
v 4.01128244 10.60000038 45.58906174
v 4.03824997 10.60000038 45.49313354
v 4.05705023 10.60000038 45.41225052
v 4.08087301 10.60000038 45.27593231
v 4.09521246 10.60000038 45.13829803
v 4.0999999 10.60000038 45
v 2.20176554 10.60000038 46.99740982
v 2.30326796 10.60000038 46.9896431
v 2.40449142 10.60000038 46.97668457
v 2.50492406 10.60000038 46.95858002
v 2.60430455 10.60000038 46.93537521
v 2.70237279 10.60000038 46.90712738
usemtl mat1
f 7508 7509 7510
f 7511 7508 7510
f 7512 7510 7513
f 7512 7511 7510
f 7514 7513 7515
f 7514 7512 7513
f 7516 7517 7518
f 7516 7519 7517
f 7516 7515 7519
f 7516 7514 7515
f 7520 7521 7522
f 7520 7518 7521
f 7520 7516 7518
f 7523 7522 7524
f 7523 7520 7522
f 7525 7526 7527
f 7525 7524 7526
f 7525 7523 7524
f 7528 7527 7529
f 7528 7525 7527
f 7530 7531 7532
f 7530 7529 7531
f 7530 7528 7529
f 7533 7534 7535
f 7533 7532 7534
f 7533 7530 7532
f 7536 7537 7538
f 7536 7535 7537
f 7536 7533 7535
f 7539 7536 7538
f 7539 7540 7541
f 7539 7538 7540
f 7542 7543 7544
f 7545 7539 7541
f 7546 7545 7541
f 7546 7541 7543
f 7546 7543 7542
f 7547 7509 7508
f 7548 7547 7508
f 7549 7508 7511
f 7549 7548 7508
f 7550 7511 7512
f 7550 7549 7511
f 7551 7512 7514
f 7551 7550 7512
f 7552 7553 7554
f 7555 7552 7554
f 7556 7554 7557
f 7556 7555 7554
f 7558 7559 7556
f 7558 7556 7557
f 7560 7561 7562
f 7560 7557 7561
f 7560 7558 7557
f 7563 7562 7564
f 7563 7560 7562
f 7565 7558 7560
f 7566 7564 7567
f 7566 7563 7564
f 7568 7565 7560
f 7569 7567 7570
f 7569 7566 7567
f 7571 7570 7572
f 7571 7569 7570
f 7573 7574 7575
f 7573 7572 7574
f 7573 7571 7572
f 7576 7575 7577
f 7576 7573 7575
f 7578 7576 7577
f 7578 7577 7579
f 7580 7578 7579
f 7580 7579 7581
f 7582 7580 7581
f 7582 7583 7584
f 7582 7581 7583
f 7585 7582 7584
f 7585 7584 7586
f 7587 7585 7586
f 7588 7587 7586
f 7589 7590 7587
f 7591 7587 7588
f 7591 7589 7587
f 7591 7592 7593
f 7591 7588 7592
f 7548 7594 7547
f 7550 7591 7593
f 7550 7551 7591
f 7549 7550 7593
f 7549 7593 7594
f 7549 7594 7548
f 7553 7595 7596
f 7554 7596 7597
f 7554 7553 7596
f 7557 7597 7598
f 7557 7554 7597
f 7561 7598 7599
f 7561 7599 7600
f 7561 7557 7598
f 7562 7561 7600
f 7564 7600 7601
f 7564 7562 7600
f 7567 7601 7602
f 7567 7602 7603
f 7567 7564 7601
f 7570 7603 7604
f 7570 7567 7603
f 7572 7604 7605
f 7572 7570 7604
f 7574 7572 7605
f 7575 7605 7606
f 7575 7574 7605
f 7607 7606 7608
f 7607 7575 7606
f 7609 7610 7611
f 7609 7608 7610
f 7609 7607 7608
f 7612 7611 7613
f 7612 7609 7611
f 7614 7612 7613
f 7615 7614 7616
f 7617 7615 7618
f 7617 7618 7619
f 7617 7614 7615
f 7620 7617 7621
f 7620 7614 7617
f 7620 7622 7623
f 7624 7623 7625
f 7624 7620 7623
f 7626 7624 7625
f 7627 7625 7628
f 7627 7626 7625
f 7527 7629 7630
f 7527 7628 7629
f 7527 7627 7628
f 7529 7630 7631
f 7529 7527 7630
f 7531 7631 7632
f 7531 7529 7631
f 7532 7632 7633
f 7532 7531 7632
f 7534 7633 7634
f 7534 7532 7633
f 7535 7634 7635
f 7535 7534 7634
f 7537 7635 7636
f 7537 7535 7635
f 7538 7636 7637
f 7538 7537 7636
f 7540 7637 7638
f 7540 7538 7637
f 7541 7638 7639
f 7541 7540 7638
f 7543 7541 7639
f 7544 7639 7640
f 7544 7543 7639
f 7544 7640 7641
f 7542 7544 7641
f 7546 7641 7642
f 7546 7542 7641
f 7545 7642 7643
f 7545 7546 7642
f 7539 7643 7644
f 7539 7545 7643
f 7539 7514 7516
f 7539 7516 7520
f 7539 7520 7523
f 7539 7523 7525
f 7539 7525 7528
f 7539 7528 7530
f 7539 7530 7533
f 7539 7533 7536
f 7551 7514 7539
f 7644 7551 7539
f 7589 7591 7551
f 7645 7644 7646
f 7645 7646 7647
f 7590 7551 7644
f 7590 7644 7645
f 7590 7589 7551
f 7590 7645 7587
f 7587 7645 7648
f 7560 7649 7650
f 7560 7563 7649
f 7649 7566 7651
f 7563 7566 7649
f 7566 7569 7651
f 7569 7652 7651
f 7569 7571 7652
f 7571 7653 7652
f 7653 7573 7654
f 7571 7573 7653
f 7654 7576 7655
f 7573 7576 7654
f 7576 7578 7655
f 7578 7656 7655
f 7578 7580 7656
f 7580 7657 7656
f 7657 7582 7658
f 7580 7582 7657
f 7658 7585 7659
f 7582 7585 7658
f 7585 7648 7659
f 7585 7587 7648
f 7650 7568 7560
f 7660 7568 7650
f 7661 7660 7662
f 7663 7568 7660
f 7663 7660 7661
f 7664 7568 7663
f 7665 7559 7558
f 7665 7558 7565
f 7665 7565 7568
f 7665 7568 7664
f 7666 7665 7664
f 7667 7664 7668
f 7669 7667 7670
f 7671 7672 7673
f 7671 7673 7666
f 7671 7666 7664
f 7671 7664 7667
f 7671 7667 7669
f 7556 7559 7665
f 7556 7665 7674
f 7555 7674 7675
f 7555 7556 7674
f 7552 7675 7676
f 7552 7555 7675
f 7553 7676 7595
f 7553 7552 7676
f 7677 7678 7679
f 7680 7677 7679
f 7681 7679 7682
f 7681 7680 7679
f 7664 7682 7683
f 7664 7681 7682
f 7668 7684 7685
f 7668 7683 7684
f 7668 7664 7683
f 7667 7686 7687
f 7667 7685 7686
f 7667 7668 7685
f 7670 7687 7688
f 7670 7667 7687
f 7669 7689 7606
f 7669 7688 7689
f 7669 7670 7688
f 7671 7606 7605
f 7671 7669 7606
f 7672 7604 7603
f 7672 7605 7604
f 7672 7671 7605
f 7673 7602 7601
f 7673 7603 7602
f 7673 7672 7603
f 7666 7600 7599
f 7666 7601 7600
f 7666 7673 7601
f 7665 7598 7597
f 7665 7599 7598
f 7665 7666 7599
f 7676 7596 7595
f 7674 7665 7597
f 7675 7674 7597
f 7675 7596 7676
f 7675 7597 7596
f 7678 7690 7691
f 7679 7691 7692
f 7679 7678 7691
f 7682 7692 7693
f 7682 7679 7692
f 7683 7693 7694
f 7683 7694 7695
f 7683 7682 7693
f 7684 7683 7695
f 7685 7695 7696
f 7685 7684 7695
f 7686 7696 7697
f 7686 7697 7698
f 7686 7685 7696
f 7687 7698 7699
f 7687 7686 7698
f 7688 7699 7700
f 7688 7687 7699
f 7689 7688 7700
f 7606 7700 7629
f 7606 7629 7628
f 7606 7689 7700
f 7608 7628 7625
f 7608 7606 7628
f 7610 7608 7625
f 7611 7625 7623
f 7611 7610 7625
f 7613 7623 7622
f 7613 7611 7623
f 7701 7613 7702
f 7703 7701 7704
f 7703 7704 7705
f 7703 7613 7701
f 7614 7703 7616
f 7614 7613 7703
f 7706 7617 7707
f 7707 7617 7619
f 7708 7621 7706
f 7708 7709 7621
f 7621 7617 7706
f 7709 7620 7621
f 7710 7709 7711
f 7710 7711 7712
f 7622 7710 7713
f 7622 7620 7709
f 7622 7709 7710
f 7615 7616 7714
f 7703 7715 7616
f 7616 7715 7714
f 7618 7714 7716
f 7615 7714 7618
f 7717 7718 7719
f 7720 7721 7722
f 7723 7718 7717
f 7724 7720 7722
f 7725 7718 7723
f 7726 7718 7725
f 7727 7724 7722
f 7728 7718 7726
f 7729 7727 7722
f 7729 7722 7730
f 7731 7718 7728
f 7731 7730 7718
f 7732 7729 7730
f 7733 7730 7731
f 7734 7732 7730
f 7735 7730 7733
f 7736 7734 7730
f 7737 7730 7735
f 7738 7736 7730
f 7739 7730 7737
f 7740 7738 7730
f 7741 7740 7730
f 7742 7730 7739
f 7743 7741 7730
f 7744 7730 7742
f 7745 7743 7730
f 7746 7730 7744
f 7746 7744 7747
f 7746 7747 7748
f 7746 7748 7749
f 7746 7749 7750
f 7746 7750 7751
f 7746 7751 7752
f 7746 7752 7753
f 7746 7753 7754
f 7746 7754 7755
f 7707 7745 7730
f 7707 7756 7757
f 7707 7757 7758
f 7707 7758 7759
f 7707 7759 7760
f 7707 7760 7761
f 7707 7761 7762
f 7707 7762 7763
f 7707 7763 7764
f 7707 7764 7745
f 7707 7730 7746
f 7765 7756 7707
f 7766 7746 7755
f 7767 7765 7707
f 7768 7746 7766
f 7769 7767 7707
f 7770 7746 7768
f 7771 7769 7707
f 7772 7746 7770
f 7773 7771 7707
f 7774 7746 7772
f 7775 7773 7707
f 7776 7746 7774
f 7777 7775 7707
f 7778 7746 7776
f 7779 7777 7707
f 7780 7746 7778
f 7781 7779 7707
f 7782 7746 7780
f 7783 7781 7707
f 7784 7785 7786
f 7787 7746 7782
f 7788 7789 7790
f 7791 7785 7784
f 7792 7783 7707
f 7793 7746 7787
f 7794 7788 7790
f 7795 7785 7791
f 7796 7792 7707
f 7797 7746 7793
f 7798 7785 7795
f 7799 7794 7790
f 7800 7799 7790
f 7801 7785 7798
f 7619 7796 7707
f 7619 7802 7803
f 7619 7803 7804
f 7619 7804 7805
f 7619 7805 7806
f 7619 7806 7807
f 7619 7807 7808
f 7619 7808 7809
f 7619 7809 7810
f 7619 7810 7811
f 7619 7811 7812
f 7619 7812 7796
f 7711 7797 7813
f 7711 7813 7814
f 7711 7814 7815
f 7711 7815 7816
f 7711 7816 7817
f 7711 7817 7818
f 7711 7818 7819
f 7711 7819 7820
f 7711 7820 7821
f 7711 7821 7822
f 7711 7822 7823
f 7711 7746 7797
f 7824 7825 7826
f 7824 7826 7827
f 7824 7827 7828
f 7824 7828 7829
f 7824 7829 7830
f 7824 7830 7831
f 7824 7831 7832
f 7824 7832 7833
f 7824 7833 7834
f 7824 7834 7835
f 7824 7835 7836
f 7824 7836 7837
f 7824 7837 7838
f 7824 7838 7839
f 7824 7839 7840
f 7824 7840 7841
f 7824 7841 7842
f 7824 7842 7843
f 7824 7843 7844
f 7618 7845 7846
f 7618 7846 7847
f 7618 7847 7848
f 7618 7848 7849
f 7618 7849 7850
f 7618 7850 7851
f 7618 7851 7852
f 7618 7852 7853
f 7618 7853 7854
f 7618 7854 7802
f 7618 7802 7619
f 7712 7823 7855
f 7712 7855 7856
f 7712 7856 7857
f 7712 7857 7858
f 7712 7858 7859
f 7712 7859 7860
f 7712 7860 7861
f 7712 7861 7862
f 7712 7862 7863
f 7712 7863 7864
f 7712 7864 7825
f 7712 7711 7823
f 7712 7825 7824
f 7716 7865 7866
f 7716 7866 7867
f 7716 7867 7868
f 7716 7868 7869
f 7716 7869 7870
f 7716 7870 7871
f 7716 7871 7872
f 7716 7872 7873
f 7716 7873 7874
f 7716 7874 7875
f 7716 7875 7876
f 7716 7876 7877
f 7716 7877 7878
f 7716 7878 7879
f 7716 7879 7880
f 7716 7880 7845
f 7716 7845 7618
f 7716 7881 7882
f 7716 7882 7883
f 7716 7883 7884
f 7716 7884 7885
f 7716 7885 7865
f 7886 7881 7716
f 7886 7785 7801
f 7886 7801 7887
f 7886 7887 7888
f 7886 7888 7889
f 7886 7889 7890
f 7886 7890 7891
f 7886 7891 7892
f 7886 7892 7893
f 7886 7893 7881
f 7894 7824 7844
f 7894 7844 7895
f 7894 7895 7896
f 7894 7896 7897
f 7894 7897 7898
f 7894 7898 7899
f 7894 7899 7900
f 7894 7900 7901
f 7894 7800 7790
f 7894 7901 7800
f 7902 7886 7716
f 7903 7824 7894
f 7904 7902 7905
f 7906 7903 7907
f 7908 7907 7903
f 7909 7902 7904
f 7910 7905 7902
f 7911 7903 7906
f 7912 7908 7903
f 7913 7910 7902
f 7914 7902 7909
f 7915 7912 7903
f 7916 7903 7911
f 7917 7913 7902
f 7918 7915 7903
f 7919 7902 7914
f 7920 7921 7903
f 7920 7903 7916
f 7922 7917 7902
f 7922 7902 7705
f 7923 7918 7903
f 7924 7902 7919
f 7925 7921 7920
f 7926 7922 7705
f 7927 7923 7903
f 7928 7902 7924
f 7929 7921 7925
f 7930 7926 7705
f 7931 7927 7903
f 7932 7902 7928
f 7933 7921 7929
f 7934 7930 7705
f 7935 7931 7903
f 7936 7902 7932
f 7937 7934 7705
f 7938 7921 7933
f 7939 7935 7903
f 7940 7937 7705
f 7941 7902 7936
f 7942 7939 7903
f 7943 7921 7938
f 7944 7940 7705
f 7945 7902 7941
f 7946 7942 7903
f 7947 7921 7943
f 7948 7944 7705
f 7949 7902 7945
f 7950 7921 7947
f 7951 7946 7903
f 7952 7948 7705
f 7953 7951 7903
f 7954 7902 7949
f 7955 7921 7950
f 7956 7952 7705
f 7957 7953 7903
f 7958 7902 7954
f 7959 7921 7955
f 7960 7956 7705
f 7961 7957 7903
f 7962 7705 7704
f 7962 7960 7705
f 7963 7902 7958
f 7964 7921 7959
f 7964 7965 7921
f 7966 7961 7903
f 7967 7962 7704
f 7968 7886 7902
f 7968 7902 7963
f 7969 7903 7894
f 7969 7966 7903
f 7970 7965 7964
f 7971 7967 7704
f 7972 7886 7968
f 7973 7965 7970
f 7974 7969 7894
f 7975 7971 7704
f 7976 7886 7972
f 7977 7965 7973
f 7978 7974 7894
f 7979 7975 7704
f 7980 7886 7976
f 7981 7965 7977
f 7982 7978 7894
f 7983 7886 7980
f 7984 7979 7704
f 7985 7965 7981
f 7986 7982 7894
f 7987 7886 7983
f 7988 7984 7704
f 7989 7965 7985
f 7990 7986 7894
f 7991 7988 7704
f 7992 7886 7987
f 7993 7965 7989
f 7994 7990 7894
f 7995 7991 7704
f 7996 7965 7993
f 7997 7994 7894
f 7998 7886 7992
f 7999 7995 7704
f 8000 7965 7996
f 8001 7997 7894
f 8002 7886 7998
f 8003 7999 7704
f 8004 7965 8000
f 8005 8003 7704
f 8006 7965 8004
f 8007 8008 8009
f 8007 8009 8010
f 8007 8010 8011
f 8007 8011 8012
f 8007 8012 8001
f 8007 8001 7894
f 8013 7886 8002
f 8013 8002 8014
f 8013 8014 8015
f 8013 8015 8016
f 8013 8016 8017
f 8018 8019 8020
f 8018 8020 8021
f 8018 8021 8022
f 8018 8022 8023
f 8018 8023 8024
f 8018 8024 8025
f 8018 8025 8026
f 8018 8026 8027
f 8018 8027 8028
f 8018 8028 8029
f 8018 8029 8005
f 8018 8005 7704
f 8030 8006 8031
f 8030 8031 8032
f 8030 8032 8033
f 8030 8033 8034
f 8030 8034 8035
f 8030 8035 8036
f 8030 8036 8037
f 8030 8037 8038
f 8030 8038 8039
f 8030 8039 8040
f 8030 8040 8041
f 8030 7965 8006
f 8042 8019 8018
f 8043 8030 8041
f 8044 8042 8018
f 8045 8030 8043
f 8046 8044 8018
f 8047 8030 8045
f 8048 8030 8047
f 8049 8046 8018
f 8050 8030 8048
f 8051 8049 8018
f 8052 8030 8050
f 8053 8051 8018
f 8054 8030 8052
f 8055 8053 8018
f 8056 8030 8054
f 8057 8055 8018
f 8058 8030 8056
f 8059 8057 8018
f 8060 8030 8058
f 8061 8059 8018
f 8062 8063 8064
f 8062 8064 8065
f 8062 8065 8066
f 8062 8066 8067
f 8068 8069 8070
f 8068 8070 8071
f 8068 8071 8072
f 8068 8072 8073
f 8068 8073 8074
f 8068 8074 8075
f 8076 8077 8078
f 8076 8078 8079
f 8076 8079 8080
f 8076 8080 8081
f 8076 8081 8061
f 8076 8068 8075
f 8076 8061 8018
f 8076 8018 8030
f 8076 8030 8060
f 8076 8060 8082
f 8076 8082 8083
f 8076 8083 8084
f 8076 8084 8085
f 8076 8085 8086
f 8076 8086 8087
f 8076 8087 8088
f 8076 8088 8063
f 8076 8063 8062
f 8076 8075 8077
f 7641 7640 7639
f 7642 7641 7639
f 7643 7639 7638
f 7643 7642 7639
f 7646 7644 7643
f 7646 7638 7637
f 7646 7643 7638
f 7648 7637 7636
f 7648 7646 7637
f 7659 7635 7634
f 7659 7636 7635
f 7659 7648 7636
f 7647 7646 7648
f 7658 7659 7634
f 7645 7647 7648
f 7657 7634 7633
f 7657 7658 7634
f 7656 7632 7631
f 7656 7633 7632
f 7656 7657 7633
f 7655 7630 7629
f 7655 7631 7630
f 7655 7656 7631
f 7654 7629 7700
f 7654 7655 7629
f 7653 7654 7700
f 7653 7700 7699
f 7652 7653 7699
f 7652 7699 7698
f 7651 7652 7698
f 7651 7697 7696
f 7651 7698 7697
f 7649 7651 7696
f 7649 7696 7695
f 7650 7649 7695
f 7694 7650 7695
f 7662 7660 7650
f 7661 7650 7694
f 7661 7662 7650
f 7661 7693 7692
f 7661 7694 7693
f 8089 7691 7690
f 8090 7663 7661
f 8090 7661 7692
f 8091 8090 7692
f 8091 7691 8089
f 8091 7692 7691
f 7681 7664 7663
f 7681 7663 8090
f 7680 8090 8091
f 7680 7681 8090
f 7677 8091 8089
f 7677 7680 8091
f 7678 8089 7690
f 7678 7677 8089
f 8092 7622 7713
f 8093 8092 7921
f 8093 7921 7965
f 7613 8093 7702
f 7613 7622 8092
f 7613 8092 8093
f 7715 7705 7902
f 7715 7703 7705
f 8093 8094 7702
f 7702 8095 7701
f 8094 8095 7702
f 7704 8095 8018
f 7701 8095 7704
f 7746 7706 7707
f 7708 7706 7746
f 7711 7708 7746
f 7709 7708 7711
f 8096 7710 7824
f 7824 7710 7712
f 8096 7713 7710
f 8096 8097 7713
f 8097 8092 7713
f 7716 7715 7902
f 7714 7715 7716
f 8098 8007 8099
f 8008 8007 8098
f 8100 7964 8101
f 7964 7959 8101
f 8101 7959 8102
f 8102 7955 8103
f 7959 7955 8102
f 8103 7950 8104
f 7955 7950 8103
f 8104 7950 8105
f 8105 7947 8106
f 7950 7947 8105
f 8106 7943 8107
f 7947 7943 8106
f 8107 7938 8108
f 7943 7938 8107
f 8108 7933 8109
f 7938 7933 8108
f 8109 7929 8110
f 7933 7929 8109
f 8110 7925 8111
f 7929 7925 8110
f 8111 7920 8112
f 7925 7920 8111
f 8112 7916 8113
f 7920 7916 8112
f 8113 7911 8114
f 7916 7911 8113
f 8114 7906 8115
f 7911 7906 8114
f 8115 7907 8116
f 8116 7907 8117
f 7906 7907 8115
f 8117 7908 8118
f 7907 7908 8117
f 8118 7912 8119
f 7908 7912 8118
f 7912 7915 8119
f 8119 7918 8120
f 7915 7918 8119
f 8120 7923 8121
f 7918 7923 8120
f 8121 7927 8122
f 7923 7927 8121
f 8122 7931 8123
f 7927 7931 8122
f 8123 7935 8124
f 7931 7935 8123
f 8124 7939 8125
f 7935 7939 8124
f 8125 7942 8126
f 7939 7942 8125
f 8126 7946 8127
f 7942 7946 8126
f 7946 7951 8127
f 8127 7951 8128
f 7951 7953 8128
f 8128 7953 8129
f 7953 7957 8129
f 8129 7957 8130
f 7957 7961 8130
f 8130 7961 8131
f 7961 7966 8131
f 8131 7966 8132
f 7966 7969 8132
f 8132 7969 8133
f 7969 7974 8133
f 8133 7974 8134
f 7974 7978 8134
f 8134 7978 8135
f 7978 7982 8135
f 8135 7982 8136
f 8136 7986 8137
f 7982 7986 8136
f 8137 7990 8138
f 7986 7990 8137
f 8138 7994 8139
f 7990 7994 8138
f 8139 7997 8140
f 7994 7997 8139
f 8140 8001 8141
f 7997 8001 8140
f 8141 8012 8142
f 8001 8012 8141
f 8142 8011 8143
f 8012 8011 8142
f 8143 8010 8144
f 8011 8010 8143
f 8144 8009 8145
f 8010 8009 8144
f 8145 8008 8098
f 8009 8008 8145
f 8146 8067 8147
f 8067 8066 8147
f 8147 8066 8148
f 8066 8065 8148
f 8148 8065 8149
f 8065 8064 8149
f 8149 8064 8150
f 8150 8064 8151
f 8064 8063 8151
f 8151 8063 8152
f 8063 8088 8152
f 8152 8088 8153
f 8088 8087 8153
f 8153 8087 8154
f 8087 8086 8154
f 8154 8086 8155
f 8086 8085 8155
f 8155 8085 8156
f 8085 8084 8156
f 8156 8084 8157
f 8084 8083 8157
f 8157 8083 8158
f 8083 8082 8158
f 8158 8082 8159
f 8082 8060 8159
f 8159 8060 8160
f 8060 8058 8160
f 8160 8058 8161
f 8058 8056 8161
f 8161 8056 8162
f 8162 8056 8163
f 8056 8054 8163
f 8163 8054 8164
f 8164 8052 8165
f 8054 8052 8164
f 8052 8050 8165
f 8050 8048 8165
f 8165 8048 8166
f 8166 8047 8167
f 8048 8047 8166
f 8167 8045 8168
f 8047 8045 8167
f 8168 8043 8169
f 8045 8043 8168
f 8169 8041 8170
f 8043 8041 8169
f 8170 8040 8171
f 8041 8040 8170
f 8171 8039 8172
f 8040 8039 8171
f 8172 8038 8173
f 8039 8038 8172
f 8038 8037 8173
f 8173 8037 8174
f 8037 8036 8174
f 8174 8036 8175
f 8036 8035 8175
f 8175 8035 8176
f 8035 8034 8176
f 8176 8034 8177
f 8034 8033 8177
f 8177 8033 8178
f 8033 8032 8178
f 8178 8032 8179
f 8032 8031 8179
f 8179 8031 8180
f 8031 8006 8180
f 8180 8006 8181
f 8006 8004 8181
f 8181 8004 8182
f 8004 8000 8182
f 8182 8000 8183
f 8000 7996 8183
f 8183 7996 8184
f 7996 7993 8184
f 8184 7993 8185
f 7993 7989 8185
f 8185 7989 8186
f 7989 7985 8186
f 8186 7985 8187
f 7985 7981 8187
f 8187 7981 8188
f 7981 7977 8188
f 8188 7977 8189
f 7977 7973 8189
f 8189 7973 8190
f 7973 7970 8190
f 8190 7970 8191
f 7970 7964 8191
f 8191 7964 8100
f 8062 8067 8192
f 8192 8067 8146
f 8193 8062 8192
f 8193 8076 8062
f 8193 8194 8195
f 8068 8195 8196
f 8076 8193 8195
f 8076 8195 8068
f 8069 8068 8197
f 8197 8068 8196
f 8198 8059 8199
f 8199 8061 8200
f 8059 8061 8199
f 8200 8081 8201
f 8201 8081 8202
f 8061 8081 8200
f 8202 8080 8203
f 8081 8080 8202
f 8203 8079 8204
f 8080 8079 8203
f 8204 8078 8205
f 8079 8078 8204
f 8205 8077 8206
f 8078 8077 8205
f 8206 8075 8207
f 8207 8075 8208
f 8077 8075 8206
f 8208 8074 8209
f 8075 8074 8208
f 8074 8073 8209
f 8209 8072 8210
f 8210 8072 8211
f 8073 8072 8209
f 8211 8071 8212
f 8072 8071 8211
f 8212 8070 8197
f 8071 8070 8212
f 8070 8069 8197
f 8213 7963 8214
f 7963 7958 8214
f 8214 7958 8215
f 7958 7954 8215
f 8215 7954 8216
f 8216 7954 8217
f 7954 7949 8217
f 8217 7949 8218
f 7949 7945 8218
f 8218 7945 8219
f 7945 7941 8219
f 8219 7941 8220
f 7941 7936 8220
f 8220 7936 8221
f 7936 7932 8221
f 8221 7932 8222
f 7932 7928 8222
f 8222 7928 8223
f 7928 7924 8223
f 8223 7924 8224
f 8224 7919 8225
f 7924 7919 8224
f 8225 7914 8226
f 7919 7914 8225
f 8226 7909 8227
f 7914 7909 8226
f 8227 7904 8228
f 8228 7904 8229
f 7909 7904 8227
f 8229 7905 8230
f 7904 7905 8229
f 8230 7910 8231
f 7905 7910 8230
f 8231 7913 8232
f 7910 7913 8231
f 7913 7917 8232
f 8232 7917 8233
f 7917 7922 8233
f 8233 7922 8234
f 7922 7926 8234
f 8234 7926 8235
f 7926 7930 8235
f 8235 7930 8236
f 7930 7934 8236
f 8236 7934 8237
f 7934 7937 8237
f 8237 7937 8238
f 7937 7940 8238
f 8238 7940 8239
f 7940 7944 8239
f 8239 7944 8240
f 7944 7948 8240
f 8240 7948 8241
f 7948 7952 8241
f 8241 7952 8242
f 7952 7956 8242
f 8242 7956 8243
f 7956 7960 8243
f 8243 7960 8244
f 7960 7962 8244
f 8244 7962 8245
f 7962 7967 8245
f 8245 7967 8246
f 7967 7971 8246
f 8246 7971 8247
f 7971 7975 8247
f 8247 7975 8248
f 7975 7979 8248
f 8248 7979 8249
f 7979 7984 8249
f 8249 7984 8250
f 7984 7988 8250
f 8250 7988 8251
f 8251 7991 8252
f 7988 7991 8251
f 8252 7995 8253
f 7991 7995 8252
f 8253 7999 8254
f 7995 7999 8253
f 8254 8003 8255
f 7999 8003 8254
f 8255 8005 8256
f 8003 8005 8255
f 8256 8029 8257
f 8005 8029 8256
f 8257 8028 8258
f 8029 8028 8257
f 8028 8027 8258
f 8258 8027 8259
f 8027 8026 8259
f 8259 8026 8260
f 8260 8025 8261
f 8026 8025 8260
f 8261 8024 8262
f 8025 8024 8261
f 8262 8023 8263
f 8024 8023 8262
f 8263 8022 8264
f 8023 8022 8263
f 8264 8021 8265
f 8022 8021 8264
f 8265 8020 8266
f 8021 8020 8265
f 8266 8019 8267
f 8020 8019 8266
f 8267 8042 8268
f 8019 8042 8267
f 8268 8044 8269
f 8042 8044 8268
f 8269 8046 8270
f 8044 8046 8269
f 8270 8049 8271
f 8046 8049 8270
f 8271 8051 8272
f 8049 8051 8271
f 8272 8053 8273
f 8051 8053 8272
f 8273 8055 8274
f 8053 8055 8273
f 8274 8057 8275
f 8055 8057 8274
f 8275 8059 8198
f 8057 8059 8275
f 8276 8017 8277
f 8277 8016 8278
f 8017 8016 8277
f 8278 8015 8279
f 8016 8015 8278
f 8279 8014 8280
f 8015 8014 8279
f 8280 8002 8281
f 8014 8002 8280
f 8281 7998 8282
f 8002 7998 8281
f 8282 7992 8283
f 7998 7992 8282
f 7992 7987 8283
f 8283 7983 8284
f 7987 7983 8283
f 8284 7980 8285
f 7983 7980 8284
f 8285 7976 8286
f 7980 7976 8285
f 8286 7972 8287
f 7976 7972 8286
f 8287 7968 8288
f 7972 7968 8287
f 8288 7963 8213
f 7968 7963 8288
f 8013 8017 8289
f 8289 8017 8276
f 8290 8291 8292
f 7886 8290 8292
f 8013 8289 8290
f 8013 8290 7886
f 7886 8293 7785
f 7886 8292 8293
f 8294 7785 8293
f 7786 7785 8294
f 8295 7802 8296
f 7802 7854 8296
f 8296 7854 8297
f 7854 7853 8297
f 8297 7853 8298
f 7853 7852 8298
f 8298 7852 8299
f 8299 7852 8300
f 7852 7851 8300
f 8300 7851 8301
f 7851 7850 8301
f 8301 7850 8302
f 7850 7849 8302
f 8302 7849 8303
f 7849 7848 8303
f 8303 7848 8304
f 7848 7847 8304
f 8304 7847 8305
f 7847 7846 8305
f 8305 7846 8306
f 7846 7845 8306
f 8306 7845 8307
f 7845 7880 8307
f 8307 7880 8308
f 7880 7879 8308
f 8308 7879 8309
f 7879 7878 8309
f 8309 7878 8310
f 7878 7877 8310
f 8310 7877 8311
f 8311 7877 8312
f 7877 7876 8312
f 8312 7876 8313
f 8313 7875 8314
f 7876 7875 8313
f 7875 7874 8314
f 7874 7873 8314
f 8314 7873 8315
f 8315 7872 8316
f 7873 7872 8315
f 8316 7871 8317
f 7872 7871 8316
f 8317 7870 8318
f 7871 7870 8317
f 8318 7869 8319
f 7870 7869 8318
f 8319 7868 8320
f 7869 7868 8319
f 8320 7867 8321
f 7868 7867 8320
f 8321 7866 8322
f 7867 7866 8321
f 7866 7865 8322
f 8322 7865 8323
f 7865 7885 8323
f 8323 7885 8324
f 7885 7884 8324
f 8324 7884 8325
f 7884 7883 8325
f 8325 7883 8326
f 7883 7882 8326
f 8326 7882 8327
f 7882 7881 8327
f 8327 7881 8328
f 7881 7893 8328
f 8328 7893 8329
f 7893 7892 8329
f 8329 7892 8330
f 7892 7891 8330
f 8330 7891 8331
f 7891 7890 8331
f 8331 7890 8332
f 7890 7889 8332
f 8332 7889 8333
f 7889 7888 8333
f 8333 7888 8334
f 7888 7887 8334
f 8334 7887 8335
f 7887 7801 8335
f 8335 7801 8336
f 7801 7798 8336
f 8336 7798 8337
f 7798 7795 8337
f 8337 7795 8338
f 7795 7791 8338
f 8338 7791 8339
f 7791 7784 8339
f 8339 7784 8340
f 7784 7786 8340
f 8340 7786 8294
f 8341 7721 8342
f 7721 7720 8342
f 8342 7720 8343
f 7720 7724 8343
f 8343 7724 8344
f 7724 7727 8344
f 8344 7727 8345
f 8345 7727 8346
f 7727 7729 8346
f 8346 7729 8347
f 7729 7732 8347
f 8347 7732 8348
f 7732 7734 8348
f 8348 7734 8349
f 7734 7736 8349
f 8349 7736 8350
f 7736 7738 8350
f 8350 7738 8351
f 7738 7740 8351
f 8351 7740 8352
f 7740 7741 8352
f 8352 7741 8353
f 7741 7743 8353
f 8353 7743 8354
f 7743 7745 8354
f 8354 7745 8355
f 7745 7764 8355
f 8355 7764 8356
f 7764 7763 8356
f 8356 7763 8357
f 8357 7763 8358
f 7763 7762 8358
f 8358 7762 8359
f 8359 7761 8360
f 7762 7761 8359
f 7761 7760 8360
f 8360 7759 8361
f 7760 7759 8360
f 7759 7758 8361
f 8361 7758 8362
f 8362 7757 8363
f 7758 7757 8362
f 8363 7756 8364
f 7757 7756 8363
f 8364 7765 8365
f 7756 7765 8364
f 8365 7767 8366
f 7765 7767 8365
f 8366 7769 8367
f 7767 7769 8366
f 8367 7771 8368
f 7769 7771 8367
f 7771 7773 8368
f 8368 7773 8369
f 7773 7775 8369
f 8369 7775 8370
f 7775 7777 8370
f 8370 7777 8371
f 7777 7779 8371
f 8371 7779 8372
f 7779 7781 8372
f 8372 7781 8373
f 7781 7783 8373
f 8373 7783 8374
f 7783 7792 8374
f 8374 7792 8375
f 7792 7796 8375
f 8375 7796 8376
f 7796 7812 8376
f 8376 7812 8377
f 7812 7811 8377
f 8377 7811 8378
f 7811 7810 8378
f 8378 7810 8379
f 7810 7809 8379
f 8379 7809 8380
f 7809 7808 8380
f 8380 7808 8381
f 7808 7807 8381
f 8381 7807 8382
f 7807 7806 8382
f 8382 7806 8383
f 7806 7805 8383
f 8383 7805 8384
f 7805 7804 8384
f 8384 7804 8385
f 7804 7803 8385
f 8385 7803 8386
f 7803 7802 8386
f 8386 7802 8295
f 7722 7721 8387
f 8387 7721 8341
f 7722 8387 8388
f 7722 8388 7730
f 8389 7718 7730
f 8389 7730 8388
f 8390 7718 8389
f 8391 8389 8388
f 8392 7718 8390
f 8392 7719 7718
f 8393 7747 8394
f 8394 7744 8395
f 7747 7744 8394
f 8395 7742 8396
f 8396 7742 8397
f 7744 7742 8395
f 8397 7739 8398
f 7742 7739 8397
f 8398 7737 8399
f 7739 7737 8398
f 8399 7735 8400
f 7737 7735 8399
f 8400 7733 8401
f 7735 7733 8400
f 8401 7731 8402
f 8402 7731 8403
f 7733 7731 8401
f 8403 7728 8404
f 7731 7728 8403
f 7728 7726 8404
f 8404 7725 8405
f 8405 7725 8406
f 7726 7725 8404
f 8406 7723 8407
f 7725 7723 8406
f 8407 7717 8392
f 7723 7717 8407
f 7717 7719 8392
f 8408 7842 8409
f 7843 7842 8408
f 8409 7841 8410
f 7842 7841 8409
f 8410 7840 8411
f 7841 7840 8410
f 8411 7839 8412
f 7840 7839 8411
f 8412 7838 8413
f 7839 7838 8412
f 8413 7837 8414
f 7838 7837 8413
f 8414 7836 8415
f 7837 7836 8414
f 8415 7835 8416
f 7836 7835 8415
f 8416 7834 8417
f 7835 7834 8416
f 8417 7833 8418
f 7834 7833 8417
f 8418 7832 8419
f 7833 7832 8418
f 8419 7831 8420
f 7832 7831 8419
f 8420 7830 8421
f 7831 7830 8420
f 8421 7829 8422
f 7830 7829 8421
f 8422 7828 8423
f 7829 7828 8422
f 8423 7827 8424
f 7828 7827 8423
f 8424 7826 8425
f 7827 7826 8424
f 8425 7825 8426
f 7826 7825 8425
f 8426 7864 8427
f 7825 7864 8426
f 8427 7863 8428
f 7864 7863 8427
f 8428 7862 8429
f 7863 7862 8428
f 7862 7861 8429
f 8429 7861 8430
f 7861 7860 8430
f 8430 7860 8431
f 7860 7859 8431
f 8431 7859 8432
f 7859 7858 8432
f 8433 7858 8434
f 8432 7858 8433
f 7858 7857 8434
f 8434 7857 8435
f 7857 7856 8435
f 8435 7856 8436
f 7856 7855 8436
f 8436 7855 8437
f 7855 7823 8437
f 8437 7823 8438
f 7823 7822 8438
f 8438 7822 8439
f 7822 7821 8439
f 8439 7821 8440
f 7821 7820 8440
f 8440 7820 8441
f 7820 7819 8441
f 8441 7819 8442
f 7819 7818 8442
f 8442 7818 8443
f 7818 7817 8443
f 8443 7817 8444
f 7817 7816 8444
f 8444 7816 8445
f 7816 7815 8445
f 8445 7815 8446
f 7815 7814 8446
f 8446 7814 8447
f 7814 7813 8447
f 8447 7813 8448
f 8448 7797 8449
f 7813 7797 8448
f 8449 7793 8450
f 7797 7793 8449
f 8450 7787 8451
f 7793 7787 8450
f 8451 7782 8452
f 7787 7782 8451
f 7782 7780 8452
f 8452 7780 8453
f 7780 7778 8453
f 7778 7776 8453
f 8453 7776 8454
f 7776 7774 8454
f 8454 7774 8455
f 7774 7772 8455
f 8455 7772 8456
f 7772 7770 8456
f 8456 7770 8457
f 7770 7768 8457
f 8457 7768 8458
f 7768 7766 8458
f 8458 7766 8459
f 7766 7755 8459
f 8459 7755 8460
f 7755 7754 8460
f 8460 7754 8461
f 7754 7753 8461
f 8461 7753 8462
f 7753 7752 8462
f 8462 7752 8463
f 7752 7751 8463
f 8463 7751 8464
f 7751 7750 8464
f 8464 7750 8465
f 7750 7749 8465
f 8466 7749 8467
f 8465 7749 8466
f 7749 7748 8467
f 8467 7748 8393
f 7748 7747 8393
f 8468 7789 8469
f 8469 7788 8470
f 7789 7788 8469
f 8470 7794 8471
f 8471 7794 8472
f 7788 7794 8470
f 8472 7799 8473
f 7794 7799 8472
f 8473 7800 8474
f 7799 7800 8473
f 8474 7901 8475
f 7800 7901 8474
f 8475 7900 8476
f 7901 7900 8475
f 8476 7899 8477
f 8477 7899 8478
f 7900 7899 8476
f 8478 7898 8479
f 7899 7898 8478
f 7898 7897 8479
f 8479 7896 8480
f 8480 7896 8481
f 7897 7896 8479
f 8481 7895 8482
f 7896 7895 8481
f 8482 7844 8408
f 7895 7844 8482
f 7844 7843 8408
f 7789 8483 7790
f 7789 8468 8483
f 8484 7894 7790
f 8484 7790 8483
f 8485 8484 8486
f 8485 7894 8484
f 8099 8007 7894
f 8099 7894 8485
f 8097 8096 7824
f 8097 7824 7903
f 8095 8030 8018
f 8095 8094 8030
f 8094 8093 8030
f 8030 8093 7965
f 7921 8097 7903
f 8092 8097 7921
f 8145 8098 8099
f 8144 8145 8099
f 8143 8144 8099
f 8142 8143 8099
f 8141 8142 8099
f 8141 8099 8485
f 8140 8141 8485
f 8139 8140 8485
f 8138 8139 8485
f 8137 8138 8485
f 8136 8137 8485
f 8135 8136 8485
f 8134 8135 8485
f 8133 8134 8485
f 8132 8133 8485
f 8131 8132 8485
f 8130 8131 8485
f 8129 8130 8485
f 8129 8485 8486
f 8128 8129 8486
f 8487 8128 8486
f 8487 8114 8115
f 8487 8115 8116
f 8487 8116 8117
f 8487 8117 8118
f 8487 8118 8119
f 8487 8119 8120
f 8487 8120 8121
f 8487 8121 8122
f 8487 8122 8123
f 8487 8123 8124
f 8487 8124 8125
f 8487 8125 8126
f 8487 8126 8127
f 8487 8127 8128
f 8147 8192 8146
f 8113 8114 8487
f 8148 8192 8147
f 8112 8113 8487
f 8149 8192 8148
f 8111 8112 8487
f 8150 8192 8149
f 8110 8111 8487
f 8151 8192 8150
f 8109 8110 8487
f 8108 8109 8487
f 8107 8487 8488
f 8107 8108 8487
f 8106 8107 8488
f 8105 8106 8488
f 8104 8105 8488
f 8103 8104 8488
f 8102 8103 8488
f 8101 8102 8488
f 8100 8101 8488
f 8193 8192 8151
f 8193 8151 8152
f 8193 8152 8153
f 8193 8153 8154
f 8193 8154 8155
f 8193 8155 8156
f 8193 8156 8157
f 8193 8157 8158
f 8193 8158 8159
f 8193 8159 8160
f 8193 8160 8161
f 8193 8161 8162
f 8193 8162 8163
f 8489 8164 8165
f 8489 8165 8166
f 8489 8166 8167
f 8489 8167 8168
f 8489 8168 8169
f 8489 8169 8170
f 8489 8170 8171
f 8489 8171 8172
f 8489 8172 8173
f 8489 8173 8174
f 8489 8174 8175
f 8489 8175 8176
f 8489 8176 8177
f 8489 8177 8178
f 8489 8178 8179
f 8489 8179 8180
f 8489 8180 8181
f 8489 8181 8182
f 8489 8182 8183
f 8489 8183 8184
f 8489 8184 8185
f 8490 8100 8488
f 8490 8489 8185
f 8490 8185 8186
f 8490 8186 8187
f 8490 8187 8188
f 8490 8188 8189
f 8490 8189 8190
f 8490 8190 8191
f 8490 8191 8100
f 8194 8163 8164
f 8194 8193 8163
f 8194 8164 8489
f 8196 8195 8197
f 8206 8195 8205
f 8207 8195 8206
f 8208 8195 8207
f 8209 8195 8208
f 8210 8195 8209
f 8211 8195 8210
f 8212 8195 8211
f 8197 8195 8212
f 8195 8198 8199
f 8195 8199 8200
f 8195 8200 8201
f 8195 8201 8202
f 8195 8202 8203
f 8195 8203 8204
f 8195 8204 8205
f 8198 8491 8492
f 8195 8194 8198
f 8491 8194 8489
f 8198 8194 8491
f 8493 8228 8229
f 8229 8230 8493
f 8493 8227 8228
f 8230 8231 8493
f 8493 8226 8227
f 8231 8232 8493
f 8493 8225 8226
f 8232 8233 8493
f 8493 8224 8225
f 8233 8234 8493
f 8493 8223 8224
f 8234 8235 8493
f 8493 8222 8223
f 8235 8236 8493
f 8493 8221 8222
f 8236 8237 8493
f 8493 8220 8221
f 8237 8238 8493
f 8493 8219 8220
f 8238 8239 8493
f 8493 8218 8219
f 8239 8240 8493
f 8493 8217 8218
f 8240 8241 8493
f 8241 8242 8493
f 8242 8243 8493
f 8243 8244 8493
f 8244 8492 8493
f 8245 8492 8244
f 8246 8492 8245
f 8247 8492 8246
f 8248 8492 8247
f 8249 8492 8248
f 8250 8492 8249
f 8251 8492 8250
f 8252 8492 8251
f 8253 8492 8252
f 8254 8492 8253
f 8255 8492 8254
f 8256 8492 8255
f 8257 8492 8256
f 8258 8492 8257
f 8258 8259 8492
f 8259 8260 8492
f 8260 8261 8492
f 8261 8262 8492
f 8262 8263 8492
f 8263 8264 8492
f 8264 8265 8492
f 8265 8266 8492
f 8266 8267 8492
f 8267 8268 8492
f 8268 8269 8492
f 8269 8270 8492
f 8270 8271 8492
f 8271 8272 8492
f 8493 8213 8214
f 8493 8214 8215
f 8493 8215 8216
f 8493 8216 8217
f 8198 8492 8275
f 8275 8492 8274
f 8274 8492 8273
f 8273 8492 8272
f 8282 8290 8281
f 8281 8290 8280
f 8280 8290 8279
f 8279 8290 8278
f 8278 8290 8277
f 8277 8290 8276
f 8290 8289 8276
f 8213 8290 8288
f 8288 8290 8287
f 8287 8290 8286
f 8286 8290 8285
f 8285 8290 8284
f 8284 8290 8283
f 8283 8290 8282
f 8494 8291 8495
f 8495 8213 8493
f 8291 8213 8495
f 8291 8290 8213
f 8372 8496 8371
f 8370 8371 8496
f 8373 8496 8372
f 8369 8370 8496
f 8374 8496 8373
f 8368 8369 8496
f 8375 8496 8374
f 8367 8368 8496
f 8376 8496 8375
f 8366 8367 8496
f 8377 8496 8376
f 8365 8366 8496
f 8378 8496 8377
f 8364 8365 8496
f 8379 8496 8378
f 8363 8364 8496
f 8380 8497 8496
f 8380 8496 8379
f 8362 8363 8496
f 8381 8497 8380
f 8361 8362 8496
f 8382 8497 8381
f 8360 8361 8496
f 8383 8497 8382
f 8359 8496 8391
f 8359 8360 8496
f 8384 8497 8383
f 8358 8391 8388
f 8358 8359 8391
f 8385 8497 8384
f 8357 8358 8388
f 8386 8497 8385
f 8356 8357 8388
f 8295 8497 8386
f 8355 8356 8388
f 8354 8355 8388
f 8353 8354 8388
f 8352 8353 8388
f 8351 8352 8388
f 8350 8351 8388
f 8349 8350 8388
f 8348 8349 8388
f 8347 8348 8388
f 8346 8347 8388
f 8498 8295 8296
f 8498 8296 8297
f 8498 8297 8298
f 8498 8298 8299
f 8498 8299 8300
f 8498 8300 8301
f 8498 8301 8302
f 8498 8497 8295
f 8494 8302 8303
f 8494 8303 8304
f 8494 8304 8305
f 8494 8305 8306
f 8494 8306 8307
f 8494 8307 8308
f 8494 8498 8302
f 8309 8494 8308
f 8310 8494 8309
f 8311 8494 8310
f 8312 8494 8311
f 8313 8494 8312
f 8314 8494 8313
f 8315 8494 8314
f 8387 8346 8388
f 8387 8341 8342
f 8387 8342 8343
f 8387 8343 8344
f 8387 8344 8345
f 8387 8345 8346
f 8316 8494 8315
f 8317 8494 8316
f 8318 8494 8317
f 8319 8494 8318
f 8320 8494 8319
f 8321 8494 8320
f 8322 8494 8321
f 8323 8494 8322
f 8293 8336 8337
f 8293 8337 8338
f 8293 8338 8339
f 8293 8339 8340
f 8293 8340 8294
f 8291 8494 8323
f 8291 8323 8324
f 8292 8291 8324
f 8292 8324 8325
f 8292 8325 8326
f 8292 8326 8327
f 8292 8327 8328
f 8292 8328 8329
f 8292 8329 8330
f 8292 8330 8331
f 8292 8331 8332
f 8292 8336 8293
f 8292 8332 8333
f 8292 8333 8334
f 8292 8334 8335
f 8292 8335 8336
f 8389 8392 8390
f 8389 8407 8392
f 8389 8406 8407
f 8389 8405 8406
f 8389 8404 8405
f 8389 8403 8404
f 8389 8402 8403
f 8389 8401 8402
f 8389 8400 8401
f 8389 8393 8394
f 8389 8394 8395
f 8389 8395 8396
f 8389 8396 8397
f 8389 8397 8398
f 8389 8398 8399
f 8389 8399 8400
f 8496 8499 8391
f 8391 8393 8389
f 8499 8393 8391
f 8499 8500 8393
f 8464 8500 8463
f 8463 8500 8462
f 8462 8500 8461
f 8461 8500 8460
f 8460 8500 8459
f 8459 8500 8458
f 8458 8500 8457
f 8457 8500 8456
f 8456 8500 8455
f 8455 8500 8454
f 8454 8500 8453
f 8453 8500 8452
f 8452 8500 8451
f 8500 8450 8451
f 8500 8449 8450
f 8500 8448 8449
f 8500 8447 8448
f 8500 8446 8447
f 8500 8445 8446
f 8500 8444 8445
f 8500 8443 8444
f 8500 8442 8443
f 8500 8441 8442
f 8434 8501 8433
f 8433 8501 8432
f 8432 8501 8431
f 8431 8501 8430
f 8430 8501 8429
f 8429 8501 8428
f 8428 8501 8427
f 8427 8501 8426
f 8426 8501 8425
f 8425 8501 8424
f 8424 8501 8423
f 8423 8501 8422
f 8422 8501 8421
f 8421 8501 8420
f 8420 8501 8419
f 8419 8501 8418
f 8418 8501 8417
f 8417 8501 8416
f 8416 8501 8415
f 8415 8501 8414
f 8414 8501 8413
f 8413 8501 8412
f 8412 8501 8411
f 8501 8408 8409
f 8501 8409 8410
f 8501 8410 8411
f 8500 8501 8437
f 8500 8437 8438
f 8500 8438 8439
f 8500 8439 8440
f 8500 8440 8441
f 8437 8501 8436
f 8436 8501 8435
f 8435 8501 8434
f 8393 8500 8467
f 8467 8500 8466
f 8466 8500 8465
f 8465 8500 8464
f 8483 8468 8484
f 8468 8469 8484
f 8469 8470 8484
f 8470 8471 8484
f 8471 8472 8484
f 8472 8473 8484
f 8473 8474 8484
f 8474 8475 8484
f 8475 8476 8484
f 8408 8484 8482
f 8482 8484 8481
f 8481 8484 8480
f 8480 8484 8479
f 8479 8484 8478
f 8478 8484 8477
f 8477 8484 8476
f 8408 8486 8484
f 8501 8502 8408
f 8408 8502 8486
f 8502 8487 8486
f 8503 8489 8490
f 8504 8489 8505
f 8505 8489 8506
f 8506 8489 8507
f 8507 8489 8508
f 8508 8489 8503
f 8491 8489 8509
f 8509 8489 8510
f 8510 8489 8511
f 8511 8489 8512
f 8512 8489 8513
f 8513 8489 8514
f 8514 8489 8515
f 8515 8489 8504
f 8487 8516 8488
f 8487 8517 8516
f 8487 8518 8517
f 8487 8519 8518
f 8487 8520 8519
f 8487 8521 8520
f 8487 8522 8521
f 8487 8502 8523
f 8487 8523 8524
f 8487 8524 8525
f 8487 8525 8526
f 8487 8526 8527
f 8487 8527 8528
f 8487 8528 8522
f 8516 8503 8488
f 8503 8490 8488
f 8493 8529 8530
f 8530 8531 8493
f 8531 8532 8493
f 8493 8533 8529
f 8532 8534 8493
f 8493 8535 8533
f 8534 8536 8493
f 8493 8537 8535
f 8536 8538 8493
f 8493 8539 8537
f 8538 8540 8493
f 8493 8541 8539
f 8540 8542 8493
f 8493 8543 8541
f 8542 8544 8493
f 8493 8545 8543
f 8544 8546 8493
f 8546 8547 8493
f 8493 8548 8545
f 8547 8549 8493
f 8493 8550 8548
f 8493 8551 8550
f 8549 8552 8493
f 8552 8553 8493
f 8493 8554 8551
f 8553 8555 8493
f 8493 8556 8554
f 8557 8492 8558
f 8558 8492 8559
f 8559 8492 8560
f 8560 8492 8561
f 8561 8492 8562
f 8562 8492 8563
f 8563 8492 8564
f 8564 8492 8565
f 8565 8492 8566
f 8566 8492 8567
f 8567 8492 8568
f 8568 8492 8569
f 8569 8492 8570
f 8492 8571 8570
f 8492 8572 8571
f 8492 8573 8572
f 8492 8574 8573
f 8492 8575 8574
f 8492 8576 8575
f 8492 8577 8576
f 8492 8578 8577
f 8492 8579 8578
f 8492 8580 8579
f 8492 8491 8581
f 8492 8581 8582
f 8492 8582 8583
f 8492 8583 8584
f 8492 8584 8585
f 8492 8585 8580
f 8493 8492 8586
f 8493 8586 8556
f 8586 8492 8557
f 8495 8493 8587
f 8587 8493 8555
f 8588 8494 8589
f 8589 8494 8590
f 8590 8494 8591
f 8591 8494 8592
f 8592 8494 8593
f 8593 8494 8594
f 8594 8494 8595
f 8595 8494 8596
f 8596 8494 8597
f 8597 8494 8598
f 8598 8494 8599
f 8599 8494 8600
f 8588 8498 8494
f 8494 8495 8600
f 8497 8498 8601
f 8498 8588 8601
f 8497 8601 8496
f 8601 8602 8496
f 8602 8603 8496
f 8603 8604 8496
f 8604 8605 8496
f 8605 8606 8496
f 8606 8607 8496
f 8607 8608 8496
f 8608 8609 8496
f 8609 8610 8496
f 8610 8611 8496
f 8611 8612 8496
f 8499 8496 8613
f 8613 8496 8612
f 8614 8500 8615
f 8615 8500 8616
f 8616 8500 8617
f 8617 8500 8618
f 8618 8500 8619
f 8619 8500 8620
f 8620 8500 8621
f 8621 8500 8622
f 8622 8500 8623
f 8623 8500 8624
f 8624 8500 8625
f 8625 8500 8626
f 8626 8500 8627
f 8627 8500 8628
f 8614 8629 8500
f 8629 8630 8500
f 8630 8631 8500
f 8631 8632 8500
f 8632 8633 8500
f 8633 8634 8500
f 8634 8635 8500
f 8635 8636 8500
f 8636 8637 8500
f 8637 8638 8500
f 8638 8639 8500
f 8639 8640 8500
f 8640 8641 8500
f 8641 8642 8500
f 8643 8501 8644
f 8644 8501 8645
f 8645 8501 8646
f 8646 8501 8647
f 8647 8501 8648
f 8648 8501 8649
f 8649 8501 8650
f 8650 8501 8651
f 8651 8501 8652
f 8652 8501 8653
f 8653 8501 8654
f 8654 8501 8655
f 8655 8501 8656
f 8656 8501 8657
f 8657 8501 8658
f 8658 8501 8659
f 8659 8501 8660
f 8660 8501 8661
f 8661 8501 8662
f 8662 8501 8663
f 8663 8501 8664
f 8664 8501 8665
f 8500 8499 8628
f 8501 8500 8666
f 8501 8666 8665
f 8666 8500 8642
f 8502 8501 8667
f 8667 8501 8668
f 8668 8501 8669
f 8669 8501 8670
f 8670 8501 8671
f 8671 8501 8672
f 8672 8501 8643
f 8516 8517 8503
f 8503 8517 8508
f 8508 8518 8507
f 8517 8518 8508
f 8518 8519 8507
f 8519 8520 8507
f 8507 8520 8506
f 8520 8521 8506
f 8506 8521 8505
f 8521 8522 8505
f 8505 8522 8504
f 8522 8528 8504
f 8504 8528 8515
f 8528 8527 8515
f 8515 8527 8514
f 8527 8526 8514
f 8514 8526 8513
f 8526 8525 8513
f 8513 8525 8512
f 8525 8524 8512
f 8511 8524 8510
f 8512 8524 8511
f 8524 8523 8510
f 8510 8523 8509
f 8523 8502 8509
f 8509 8502 8491
f 8502 8667 8491
f 8491 8667 8581
f 8667 8668 8581
f 8581 8668 8582
f 8668 8669 8582
f 8582 8669 8583
f 8669 8670 8583
f 8583 8670 8584
f 8670 8671 8584
f 8584 8671 8585
f 8671 8672 8585
f 8585 8672 8580
f 8672 8643 8580
f 8643 8644 8580
f 8580 8644 8579
f 8644 8645 8579
f 8579 8645 8578
f 8645 8646 8578
f 8578 8646 8577
f 8577 8647 8576
f 8646 8647 8577
f 8576 8648 8575
f 8647 8648 8576
f 8575 8649 8574
f 8648 8649 8575
f 8649 8650 8574
f 8574 8651 8573
f 8650 8651 8574
f 8651 8652 8573
f 8573 8652 8572
f 8652 8653 8572
f 8572 8653 8571
f 8653 8654 8571
f 8570 8654 8569
f 8571 8654 8570
f 8654 8655 8569
f 8569 8655 8568
f 8655 8656 8568
f 8568 8656 8567
f 8656 8657 8567
f 8567 8657 8566
f 8657 8658 8566
f 8566 8658 8565
f 8658 8659 8565
f 8565 8659 8564
f 8659 8660 8564
f 8563 8660 8562
f 8564 8660 8563
f 8660 8661 8562
f 8562 8661 8561
f 8661 8662 8561
f 8561 8662 8560
f 8662 8663 8560
f 8560 8663 8559
f 8663 8664 8559
f 8559 8664 8558
f 8558 8665 8557
f 8664 8665 8558
f 8557 8666 8586
f 8665 8666 8557
f 8666 8642 8586
f 8586 8642 8556
f 8556 8641 8554
f 8642 8641 8556
f 8641 8640 8554
f 8554 8640 8551
f 8640 8639 8551
f 8551 8639 8550
f 8639 8638 8550
f 8550 8638 8548
f 8638 8637 8548
f 8548 8637 8545
f 8637 8636 8545
f 8636 8635 8545
f 8545 8635 8543
f 8543 8634 8541
f 8635 8634 8543
f 8541 8633 8539
f 8634 8633 8541
f 8539 8632 8537
f 8633 8632 8539
f 8537 8631 8535
f 8632 8631 8537
f 8535 8630 8533
f 8631 8630 8535
f 8630 8629 8533
f 8533 8614 8529
f 8629 8614 8533
f 8529 8615 8530
f 8614 8615 8529
f 8530 8616 8531
f 8615 8616 8530
f 8532 8617 8534
f 8531 8617 8532
f 8616 8617 8531
f 8534 8618 8536
f 8617 8618 8534
f 8536 8619 8538
f 8618 8619 8536
f 8538 8620 8540
f 8619 8620 8538
f 8540 8621 8542
f 8620 8621 8540
f 8542 8622 8544
f 8621 8622 8542
f 8546 8623 8547
f 8544 8623 8546
f 8622 8623 8544
f 8547 8624 8549
f 8623 8624 8547
f 8549 8625 8552
f 8624 8625 8549
f 8552 8626 8553
f 8625 8626 8552
f 8626 8627 8553
f 8553 8627 8555
f 8627 8628 8555
f 8555 8628 8587
f 8587 8499 8495
f 8628 8499 8587
f 8499 8613 8495
f 8495 8613 8600
f 8613 8612 8600
f 8600 8612 8599
f 8612 8611 8599
f 8611 8610 8599
f 8599 8610 8598
f 8610 8609 8598
f 8598 8609 8597
f 8609 8608 8597
f 8597 8608 8596
f 8608 8607 8596
f 8596 8607 8595
f 8607 8606 8595
f 8595 8606 8594
f 8594 8605 8593
f 8606 8605 8594
f 8593 8604 8592
f 8605 8604 8593
f 8591 8603 8590
f 8592 8603 8591
f 8604 8603 8592
f 8590 8602 8589
f 8603 8602 8590
f 8589 8601 8588
f 8602 8601 8589
# Vertices: 1165, normals: 0, texture coordinates: 0, faces: 2296

